   223    26     0     datakind beginning-row multi-curves
-----------------------------------------------------------------
Calculation of photoelectron diffraction and dichroism
MSCD Parallel  Version 1.37 Yufeng Chen and Michel A Van Hove
Lawrence Berkeley National Laboratory (LBNL), Berkeley, CA 94720
Copyright (c) Van Hove Group 1997-1998. All rights reserved
-----------------------------------------------------------------
 angle-resolved photoemission extended fine structure (ARPEFS)
 multiple scattering calculation of Ga2O3(100)
 calculated by Yosef (UFJ-PPGCAS) on Oct  8, 2026

   initial angular momentum (li) = 0   msorder=  6   raorder= 4
   photon polarization angle (polar,azimuth) =(   0.0   0.0 ) (deg)

   radius, depth and lattice constant=  12.0,  20.0 and   3.04 angstrom
   cluster size= 367 atoms and spacings=  1.43  1.43  1.43  1.43 angs
   inner potential=  4.0 V  debye and sample temperature= 205, 300 K
   number of valence electrons=  24     bandgap energy=   4.70 eV
   density of bulk=   5.88 g/cm3     molecular weight= 187.44 amu
   effective weight for kind 1-3 =   55.8   69.7   16.0 amu
   half aperture angle=    3.0 deg            pathcut=     0.0010

   photoemission azimuthal scan curves
     parameters: curve point theta phi weightc weighte
     columns: phi intensity background chical chiexp
    20  2400    1   20  120 2400  ncurve npoint nk ntheta nphi nangle
   1   120  14.31   12.0    1.0    0.0   ----------------------------
    2.5    4.3001e+00    5.2119e+00   -1.7495e-01   -2.6072e-02
    5.5    4.2537e+00    5.2119e+00   -1.8384e-01   -6.9412e-02
    8.5    4.2466e+00    5.2119e+00   -1.8521e-01   -5.8235e-03
   11.5    4.2871e+00    5.2119e+00   -1.7744e-01   -5.1093e-02
   14.5    4.4612e+00    5.2119e+00   -1.4403e-01    5.2910e-03
   17.5    4.6474e+00    5.2119e+00   -1.0830e-01   -2.1060e-02
   20.5    4.8909e+00    5.2119e+00   -6.1574e-02   -2.9163e-03
   23.5    5.1493e+00    5.2119e+00   -1.2007e-02    3.4551e-02
   26.5    5.3889e+00    5.2119e+00    3.3962e-02    4.0686e-02
   29.5    5.5041e+00    5.2119e+00    5.6072e-02    1.2766e-02
   32.5    5.4985e+00    5.2119e+00    5.4993e-02    4.3460e-02
   35.5    5.6126e+00    5.2119e+00    7.6898e-02    4.5645e-02
   38.5    5.7629e+00    5.2119e+00    1.0572e-01    8.6609e-02
   41.5    5.7850e+00    5.2119e+00    1.0996e-01    3.8164e-03
   44.5    5.6452e+00    5.2119e+00    8.3151e-02    8.9904e-02
   47.5    5.4639e+00    5.2119e+00    4.8364e-02    2.5472e-02
   50.5    5.3271e+00    5.2119e+00    2.2117e-02    2.6058e-02
   53.5    5.2946e+00    5.2119e+00    1.5879e-02    2.6541e-02
   56.5    5.1938e+00    5.2119e+00   -3.4684e-03   -3.8696e-02
   59.5    5.0137e+00    5.2119e+00   -3.8013e-02    3.4664e-02
   62.5    4.8780e+00    5.2119e+00   -6.4051e-02   -2.2985e-02
   65.5    4.8299e+00    5.2119e+00   -7.3291e-02   -2.1568e-02
   68.5    4.8127e+00    5.2119e+00   -7.6585e-02    1.1815e-02
   71.5    4.7485e+00    5.2119e+00   -8.8900e-02    1.7354e-02
   74.5    4.5669e+00    5.2119e+00   -1.2375e-01   -6.3473e-02
   77.5    4.5089e+00    5.2119e+00   -1.3487e-01    3.4109e-02
   80.5    4.5553e+00    5.2119e+00   -1.2597e-01   -1.4482e-02
   83.5    4.6764e+00    5.2119e+00   -1.0274e-01   -7.2249e-02
   86.5    4.8295e+00    5.2119e+00   -7.3368e-02   -6.2121e-02
   89.5    4.9422e+00    5.2119e+00   -5.1741e-02   -7.2666e-02
   92.5    4.9701e+00    5.2119e+00   -4.6384e-02   -2.6072e-02
   95.5    5.0709e+00    5.2119e+00   -2.7043e-02   -6.9412e-02
   98.5    5.1735e+00    5.2119e+00   -7.3673e-03   -5.8236e-03
  101.5    5.1152e+00    5.2119e+00   -1.8553e-02   -5.1093e-02
  104.5    5.1329e+00    5.2119e+00   -1.5141e-02    5.2910e-03
  107.5    5.2389e+00    5.2119e+00    5.1847e-03   -2.1060e-02
  110.5    5.4268e+00    5.2119e+00    4.1234e-02   -2.9163e-03
  113.5    5.5439e+00    5.2119e+00    6.3706e-02    3.4551e-02
  116.5    5.6662e+00    5.2119e+00    8.7180e-02    4.0686e-02
  119.5    5.7904e+00    5.2119e+00    1.1100e-01    1.2766e-02
  122.5    5.9607e+00    5.2119e+00    1.4368e-01    4.3460e-02
  125.5    6.1364e+00    5.2119e+00    1.7739e-01    4.5645e-02
  128.5    6.2379e+00    5.2119e+00    1.9687e-01    8.6609e-02
  131.5    6.2202e+00    5.2119e+00    1.9347e-01    3.8164e-03
  134.5    6.0953e+00    5.2119e+00    1.6951e-01    8.9904e-02
  137.5    5.9694e+00    5.2119e+00    1.4535e-01    2.5472e-02
  140.5    5.8385e+00    5.2119e+00    1.2024e-01    2.6057e-02
  143.5    5.5556e+00    5.2119e+00    6.5947e-02    2.6541e-02
  146.5    5.2905e+00    5.2119e+00    1.5088e-02   -3.8696e-02
  149.5    5.1365e+00    5.2119e+00   -1.4464e-02    3.4664e-02
  152.5    4.9987e+00    5.2119e+00   -4.0890e-02   -2.2985e-02
  155.5    4.8659e+00    5.2119e+00   -6.6371e-02   -2.1568e-02
  158.5    4.8648e+00    5.2119e+00   -6.6588e-02    1.1815e-02
  161.5    4.9210e+00    5.2119e+00   -5.5808e-02    1.7354e-02
  164.5    5.0765e+00    5.2119e+00   -2.5971e-02   -6.3473e-02
  167.5    5.1469e+00    5.2119e+00   -1.2472e-02    3.4109e-02
  170.5    5.2793e+00    5.2119e+00    1.2931e-02   -1.4482e-02
  173.5    5.5814e+00    5.2119e+00    7.0909e-02   -7.2249e-02
  176.5    5.9258e+00    5.2119e+00    1.3698e-01   -6.2121e-02
  179.5    6.0563e+00    5.2119e+00    1.6202e-01   -7.2666e-02
  182.5    5.9383e+00    5.2119e+00    1.3938e-01   -2.6072e-02
  185.5    5.6813e+00    5.2119e+00    9.0080e-02   -6.9412e-02
  188.5    5.4935e+00    5.2119e+00    5.4035e-02   -5.8235e-03
  191.5    5.3791e+00    5.2119e+00    3.2079e-02   -5.1093e-02
  194.5    5.1695e+00    5.2119e+00   -8.1190e-03    5.2910e-03
  197.5    4.9935e+00    5.2119e+00   -4.1894e-02   -2.1060e-02
  200.5    4.9192e+00    5.2119e+00   -5.6150e-02   -2.9163e-03
  203.5    4.8575e+00    5.2119e+00   -6.7993e-02    3.4551e-02
  206.5    4.8435e+00    5.2119e+00   -7.0683e-02    4.0686e-02
  209.5    4.9697e+00    5.2119e+00   -4.6461e-02    1.2766e-02
  212.5    5.1418e+00    5.2119e+00   -1.3438e-02    4.3460e-02
  215.5    5.3197e+00    5.2119e+00    2.0683e-02    4.5645e-02
  218.5    5.5198e+00    5.2119e+00    5.9091e-02    8.6609e-02
  221.5    5.7737e+00    5.2119e+00    1.0779e-01    3.8164e-03
  224.5    5.9865e+00    5.2119e+00    1.4863e-01    8.9904e-02
  227.5    6.2705e+00    5.2119e+00    2.0313e-01    2.5472e-02
  230.5    6.2870e+00    5.2119e+00    2.0628e-01    2.6057e-02
  233.5    6.0313e+00    5.2119e+00    1.5723e-01    2.6541e-02
  236.5    5.8693e+00    5.2119e+00    1.2614e-01   -3.8696e-02
  239.5    5.7456e+00    5.2119e+00    1.0241e-01    3.4664e-02
  242.5    5.6253e+00    5.2119e+00    7.9322e-02   -2.2985e-02
  245.5    5.4668e+00    5.2119e+00    4.8907e-02   -2.1568e-02
  248.5    5.3261e+00    5.2119e+00    2.1927e-02    1.1815e-02
  251.5    5.2639e+00    5.2119e+00    9.9854e-03    1.7354e-02
  254.5    5.1665e+00    5.2119e+00   -8.6955e-03   -6.3473e-02
  257.5    5.1329e+00    5.2119e+00   -1.5147e-02    3.4109e-02
  260.5    5.0765e+00    5.2119e+00   -2.5966e-02   -1.4482e-02
  263.5    5.0399e+00    5.2119e+00   -3.3001e-02   -7.2249e-02
  266.5    5.0495e+00    5.2119e+00   -3.1155e-02   -6.2121e-02
  269.5    5.0562e+00    5.2119e+00   -2.9872e-02   -7.2666e-02
  272.5    5.0692e+00    5.2119e+00   -2.7370e-02   -2.6072e-02
  275.5    4.8496e+00    5.2119e+00   -6.9502e-02   -6.9412e-02
  278.5    4.7271e+00    5.2119e+00   -9.3005e-02   -5.8236e-03
  281.5    4.6484e+00    5.2119e+00   -1.0810e-01   -5.1093e-02
  284.5    4.6878e+00    5.2119e+00   -1.0055e-01    5.2910e-03
  287.5    4.7109e+00    5.2119e+00   -9.6122e-02   -2.1060e-02
  290.5    4.8700e+00    5.2119e+00   -6.5596e-02   -2.9163e-03
  293.5    4.9017e+00    5.2119e+00   -5.9513e-02    3.4551e-02
  296.5    4.9855e+00    5.2119e+00   -4.3427e-02    4.0686e-02
  299.5    5.0689e+00    5.2119e+00   -2.7429e-02    1.2766e-02
  302.5    5.2131e+00    5.2119e+00    2.3341e-04    4.3460e-02
  305.5    5.3920e+00    5.2119e+00    3.4572e-02    4.5645e-02
  308.5    5.4874e+00    5.2119e+00    5.2875e-02    8.6609e-02
  311.5    5.5463e+00    5.2119e+00    6.4161e-02    3.8164e-03
  314.5    5.5624e+00    5.2119e+00    6.7252e-02    8.9904e-02
  317.5    5.6567e+00    5.2119e+00    8.5345e-02    2.5472e-02
  320.5    5.7015e+00    5.2119e+00    9.3949e-02    2.6057e-02
  323.5    5.7003e+00    5.2119e+00    9.3716e-02    2.6541e-02
  326.5    5.5403e+00    5.2119e+00    6.3022e-02   -3.8696e-02
  329.5    5.4213e+00    5.2119e+00    4.0188e-02    3.4664e-02
  332.5    5.2878e+00    5.2119e+00    1.4567e-02   -2.2985e-02
  335.5    5.0596e+00    5.2119e+00   -2.9222e-02   -2.1568e-02
  338.5    4.8595e+00    5.2119e+00   -6.7601e-02    1.1815e-02
  341.5    4.7047e+00    5.2119e+00   -9.7303e-02    1.7354e-02
  344.5    4.5232e+00    5.2119e+00   -1.3214e-01   -6.3473e-02
  347.5    4.3677e+00    5.2119e+00   -1.6196e-01    3.4109e-02
  350.5    4.2793e+00    5.2119e+00   -1.7893e-01   -1.4482e-02
  353.5    4.2659e+00    5.2119e+00   -1.8150e-01   -7.2249e-02
  356.5    4.2875e+00    5.2119e+00   -1.7735e-01   -6.2121e-02
  359.5    4.2922e+00    5.2119e+00   -1.7645e-01   -7.2666e-02
   2   120  14.31   15.0    1.0    0.0   ----------------------------
    2.5    4.2014e+00    4.8578e+00   -1.3513e-01   -3.7186e-02
    5.5    4.1324e+00    4.8578e+00   -1.4933e-01   -5.7746e-02
    8.5    4.0914e+00    4.8578e+00   -1.5777e-01   -5.2607e-02
   11.5    4.1863e+00    4.8578e+00   -1.3824e-01   -2.1261e-02
   14.5    4.3987e+00    4.8578e+00   -9.4516e-02   -2.7727e-02
   17.5    4.5640e+00    4.8578e+00   -6.0478e-02   -1.1043e-01
   20.5    4.6281e+00    4.8578e+00   -4.7278e-02   -1.8209e-02
   23.5    4.7445e+00    4.8578e+00   -2.3319e-02   -7.4680e-02
   26.5    4.9118e+00    4.8578e+00    1.1123e-02   -1.4535e-02
   29.5    5.0207e+00    4.8578e+00    3.3541e-02    2.7684e-02
   32.5    4.9534e+00    4.8578e+00    1.9674e-02    3.4802e-02
   35.5    5.0515e+00    4.8578e+00    3.9868e-02    1.8772e-01
   38.5    5.2721e+00    4.8578e+00    8.5294e-02    6.0492e-02
   41.5    5.2753e+00    4.8578e+00    8.5943e-02    4.4589e-02
   44.5    5.0437e+00    4.8578e+00    3.8263e-02    1.1565e-01
   47.5    4.8396e+00    4.8578e+00   -3.7504e-03    9.4334e-02
   50.5    4.7709e+00    4.8578e+00   -1.7887e-02    4.0112e-02
   53.5    4.6319e+00    4.8578e+00   -4.6508e-02    1.1149e-01
   56.5    4.5792e+00    4.8578e+00   -5.7354e-02    6.3044e-02
   59.5    4.6369e+00    4.8578e+00   -4.5484e-02    5.9340e-03
   62.5    4.6217e+00    4.8578e+00   -4.8598e-02   -3.2990e-02
   65.5    4.7149e+00    4.8578e+00   -2.9408e-02   -9.5569e-02
   68.5    4.7772e+00    4.8578e+00   -1.6595e-02   -1.0491e-01
   71.5    4.8705e+00    4.8578e+00    2.6052e-03   -2.9579e-02
   74.5    4.9135e+00    4.8578e+00    1.1463e-02    1.9377e-02
   77.5    4.9315e+00    4.8578e+00    1.5177e-02   -5.5103e-02
   80.5    4.9789e+00    4.8578e+00    2.4918e-02   -8.1431e-03
   83.5    5.0126e+00    4.8578e+00    3.1862e-02   -2.8594e-02
   86.5    5.1297e+00    4.8578e+00    5.5981e-02   -2.5071e-02
   89.5    5.2930e+00    4.8578e+00    8.9582e-02   -1.0198e-02
   92.5    5.3209e+00    4.8578e+00    9.5320e-02   -3.7186e-02
   95.5    5.2132e+00    4.8578e+00    7.3166e-02   -5.7746e-02
   98.5    5.0881e+00    4.8578e+00    4.7416e-02   -5.2607e-02
  101.5    4.8559e+00    4.8578e+00   -3.9232e-04   -2.1261e-02
  104.5    4.6408e+00    4.8578e+00   -4.4675e-02   -2.7727e-02
  107.5    4.4028e+00    4.8578e+00   -9.3668e-02   -1.1043e-01
  110.5    4.2693e+00    4.8578e+00   -1.2115e-01   -1.8209e-02
  113.5    4.3037e+00    4.8578e+00   -1.1406e-01   -7.4680e-02
  116.5    4.5135e+00    4.8578e+00   -7.0882e-02   -1.4535e-02
  119.5    4.6694e+00    4.8578e+00   -3.8776e-02    2.7684e-02
  122.5    4.8095e+00    4.8578e+00   -9.9438e-03    3.4802e-02
  125.5    5.2099e+00    4.8578e+00    7.2487e-02    1.8772e-01
  128.5    5.5739e+00    4.8578e+00    1.4741e-01    6.0492e-02
  131.5    5.6420e+00    4.8578e+00    1.6143e-01    4.4589e-02
  134.5    5.5622e+00    4.8578e+00    1.4500e-01    1.1565e-01
  137.5    5.4170e+00    4.8578e+00    1.1512e-01    9.4334e-02
  140.5    5.2876e+00    4.8578e+00    8.8475e-02    4.0112e-02
  143.5    4.9306e+00    4.8578e+00    1.4976e-02    1.1149e-01
  146.5    4.4927e+00    4.8578e+00   -7.5156e-02    6.3044e-02
  149.5    4.1644e+00    4.8578e+00   -1.4274e-01    5.9340e-03
  152.5    4.1062e+00    4.8578e+00   -1.5473e-01   -3.2990e-02
  155.5    4.1473e+00    4.8578e+00   -1.4625e-01   -9.5569e-02
  158.5    4.2512e+00    4.8578e+00   -1.2488e-01   -1.0491e-01
  161.5    4.4598e+00    4.8578e+00   -8.1935e-02   -2.9579e-02
  164.5    4.8213e+00    4.8578e+00   -7.5073e-03    1.9377e-02
  167.5    5.1139e+00    4.8578e+00    5.2710e-02   -5.5103e-02
  170.5    5.2821e+00    4.8578e+00    8.7335e-02   -8.1432e-03
  173.5    5.4540e+00    4.8578e+00    1.2274e-01   -2.8594e-02
  176.5    5.7213e+00    4.8578e+00    1.7776e-01   -2.5071e-02
  179.5    5.9287e+00    4.8578e+00    2.2044e-01   -1.0198e-02
  182.5    5.7764e+00    4.8578e+00    1.8910e-01   -3.7186e-02
  185.5    5.6053e+00    4.8578e+00    1.5388e-01   -5.7746e-02
  188.5    5.5411e+00    4.8578e+00    1.4067e-01   -5.2607e-02
  191.5    5.2729e+00    4.8578e+00    8.5444e-02   -2.1261e-02
  194.5    4.8778e+00    4.8578e+00    4.1190e-03   -2.7727e-02
  197.5    4.5568e+00    4.8578e+00   -6.1965e-02   -1.1043e-01
  200.5    4.3614e+00    4.8578e+00   -1.0218e-01   -1.8209e-02
  203.5    4.1779e+00    4.8578e+00   -1.3997e-01   -7.4680e-02
  206.5    4.1147e+00    4.8578e+00   -1.5297e-01   -1.4535e-02
  209.5    4.1634e+00    4.8578e+00   -1.4294e-01    2.7684e-02
  212.5    4.3986e+00    4.8578e+00   -9.4532e-02    3.4802e-02
  215.5    4.8259e+00    4.8578e+00   -6.5782e-03    1.8772e-01
  218.5    5.1541e+00    4.8578e+00    6.0984e-02    6.0492e-02
  221.5    5.3471e+00    4.8578e+00    1.0072e-01    4.4589e-02
  224.5    5.5598e+00    4.8578e+00    1.4450e-01    1.1565e-01
  227.5    5.9872e+00    4.8578e+00    2.3249e-01    9.4334e-02
  230.5    6.0739e+00    4.8578e+00    2.5033e-01    4.0112e-02
  233.5    5.6020e+00    4.8578e+00    1.5319e-01    1.1149e-01
  236.5    5.2204e+00    4.8578e+00    7.4651e-02    6.3044e-02
  239.5    4.9874e+00    4.8578e+00    2.6671e-02    5.9340e-03
  242.5    4.6883e+00    4.8578e+00   -3.4888e-02   -3.2990e-02
  245.5    4.4349e+00    4.8578e+00   -8.7055e-02   -9.5569e-02
  248.5    4.3473e+00    4.8578e+00   -1.0509e-01   -1.0491e-01
  251.5    4.4096e+00    4.8578e+00   -9.2265e-02   -2.9579e-02
  254.5    4.5900e+00    4.8578e+00   -5.5128e-02    1.9377e-02
  257.5    4.7443e+00    4.8578e+00   -2.3364e-02   -5.5103e-02
  260.5    4.8965e+00    4.8578e+00    7.9740e-03   -8.1432e-03
  263.5    5.0225e+00    4.8578e+00    3.3908e-02   -2.8594e-02
  266.5    5.1159e+00    4.8578e+00    5.3129e-02   -2.5071e-02
  269.5    5.1366e+00    4.8578e+00    5.7395e-02   -1.0198e-02
  272.5    5.0945e+00    4.8578e+00    4.8726e-02   -3.7186e-02
  275.5    5.0681e+00    4.8578e+00    4.3296e-02   -5.7746e-02
  278.5    4.9967e+00    4.8578e+00    2.8600e-02   -5.2607e-02
  281.5    4.8955e+00    4.8578e+00    7.7631e-03   -2.1261e-02
  284.5    4.9278e+00    4.8578e+00    1.4401e-02   -2.7727e-02
  287.5    4.8823e+00    4.8578e+00    5.0504e-03   -1.1043e-01
  290.5    4.8323e+00    4.8578e+00   -5.2451e-03   -1.8209e-02
  293.5    4.7549e+00    4.8578e+00   -2.1180e-02   -7.4680e-02
  296.5    4.7213e+00    4.8578e+00   -2.8106e-02   -1.4535e-02
  299.5    4.7812e+00    4.8578e+00   -1.5763e-02    2.7684e-02
  302.5    4.9075e+00    4.8578e+00    1.0235e-02    3.4802e-02
  305.5    4.8842e+00    4.8578e+00    5.4384e-03    1.8772e-01
  308.5    4.9363e+00    4.8578e+00    1.6167e-02    6.0492e-02
  311.5    5.0334e+00    4.8578e+00    3.6149e-02    4.4589e-02
  314.5    5.0336e+00    4.8578e+00    3.6179e-02    1.1565e-01
  317.5    4.9920e+00    4.8578e+00    2.7616e-02    9.4334e-02
  320.5    5.1247e+00    4.8578e+00    5.4946e-02    4.0112e-02
  323.5    5.0849e+00    4.8578e+00    4.6754e-02    1.1149e-01
  326.5    4.9136e+00    4.8578e+00    1.1495e-02    6.3044e-02
  329.5    4.8074e+00    4.8578e+00   -1.0375e-02    5.9340e-03
  332.5    4.8396e+00    4.8578e+00   -3.7579e-03   -3.2990e-02
  335.5    4.6850e+00    4.8578e+00   -3.5583e-02   -9.5569e-02
  338.5    4.5253e+00    4.8578e+00   -6.8453e-02   -1.0491e-01
  341.5    4.4926e+00    4.8578e+00   -7.5187e-02   -2.9579e-02
  344.5    4.5050e+00    4.8578e+00   -7.2617e-02    1.9377e-02
  347.5    4.4631e+00    4.8578e+00   -8.1245e-02   -5.5103e-02
  350.5    4.3201e+00    4.8578e+00   -1.1068e-01   -8.1432e-03
  353.5    4.2224e+00    4.8578e+00   -1.3080e-01   -2.8594e-02
  356.5    4.1773e+00    4.8578e+00   -1.4008e-01   -2.5071e-02
  359.5    4.2135e+00    4.8578e+00   -1.3263e-01   -1.0198e-02
   3   120  14.31   18.0    1.0    0.0   ----------------------------
    2.5    5.0938e+00    4.2372e+00    2.0215e-01    8.1901e-02
    5.5    4.6527e+00    4.2372e+00    9.8058e-02   -1.3487e-01
    8.5    4.2354e+00    4.2372e+00   -4.3011e-04   -1.9490e-02
   11.5    3.9303e+00    4.2372e+00   -7.2436e-02   -4.3618e-02
   14.5    3.8001e+00    4.2372e+00   -1.0317e-01   -1.2907e-01
   17.5    3.7514e+00    4.2372e+00   -1.1466e-01   -8.4505e-02
   20.5    3.7553e+00    4.2372e+00   -1.1374e-01   -1.1420e-01
   23.5    3.9497e+00    4.2372e+00   -6.7862e-02   -5.7831e-02
   26.5    4.0354e+00    4.2372e+00   -4.7636e-02   -5.1457e-02
   29.5    4.0785e+00    4.2372e+00   -3.7450e-02   -4.0469e-02
   32.5    4.2462e+00    4.2372e+00    2.1195e-03    4.7675e-02
   35.5    4.5972e+00    4.2372e+00    8.4947e-02    1.0870e-01
   38.5    5.1860e+00    4.2372e+00    2.2390e-01    1.2886e-01
   41.5    5.4159e+00    4.2372e+00    2.7817e-01    4.1041e-02
   44.5    5.3326e+00    4.2372e+00    2.5852e-01    1.4355e-01
   47.5    5.1063e+00    4.2372e+00    2.0511e-01    7.5565e-02
   50.5    4.7388e+00    4.2372e+00    1.1837e-01    8.9868e-02
   53.5    4.3452e+00    4.2372e+00    2.5474e-02    9.2494e-02
   56.5    4.0638e+00    4.2372e+00   -4.0933e-02    5.9289e-02
   59.5    3.9388e+00    4.2372e+00   -7.0429e-02    1.6087e-02
   62.5    3.9552e+00    4.2372e+00   -6.6568e-02    2.5526e-02
   65.5    3.8647e+00    4.2372e+00   -8.7910e-02   -4.9077e-02
   68.5    3.8901e+00    4.2372e+00   -8.1919e-02   -6.3965e-02
   71.5    3.9542e+00    4.2372e+00   -6.6793e-02   -7.0068e-02
   74.5    3.9180e+00    4.2372e+00   -7.5328e-02   -1.5890e-03
   77.5    3.9973e+00    4.2372e+00   -5.6634e-02   -8.2457e-02
   80.5    4.3654e+00    4.2372e+00    3.0261e-02   -1.0835e-02
   83.5    4.8118e+00    4.2372e+00    1.3560e-01    4.0308e-02
   86.5    5.0902e+00    4.2372e+00    2.0131e-01    8.0241e-02
   89.5    5.3528e+00    4.2372e+00    2.6328e-01   -8.4597e-02
   92.5    5.2724e+00    4.2372e+00    2.4430e-01    8.1901e-02
   95.5    4.9457e+00    4.2372e+00    1.6721e-01   -1.3487e-01
   98.5    4.3927e+00    4.2372e+00    3.6689e-02   -1.9490e-02
  101.5    3.9714e+00    4.2372e+00   -6.2744e-02   -4.3618e-02
  104.5    3.6379e+00    4.2372e+00   -1.4143e-01   -1.2907e-01
  107.5    3.3939e+00    4.2372e+00   -1.9904e-01   -8.4505e-02
  110.5    3.1864e+00    4.2372e+00   -2.4799e-01   -1.1420e-01
  113.5    3.2014e+00    4.2372e+00   -2.4446e-01   -5.7831e-02
  116.5    3.3856e+00    4.2372e+00   -2.0100e-01   -5.1457e-02
  119.5    3.4136e+00    4.2372e+00   -1.9439e-01   -4.0469e-02
  122.5    3.7153e+00    4.2372e+00   -1.2319e-01    4.7675e-02
  125.5    4.2961e+00    4.2372e+00    1.3893e-02    1.0870e-01
  128.5    4.7974e+00    4.2372e+00    1.3221e-01    1.2886e-01
  131.5    5.1162e+00    4.2372e+00    2.0744e-01    4.1041e-02
  134.5    5.0060e+00    4.2372e+00    1.8144e-01    1.4355e-01
  137.5    4.8230e+00    4.2372e+00    1.3825e-01    7.5565e-02
  140.5    4.7256e+00    4.2372e+00    1.1526e-01    8.9868e-02
  143.5    4.2991e+00    4.2372e+00    1.4603e-02    9.2494e-02
  146.5    3.8535e+00    4.2372e+00   -9.0560e-02    5.9289e-02
  149.5    3.5618e+00    4.2372e+00   -1.5941e-01    1.6087e-02
  152.5    3.4255e+00    4.2372e+00   -1.9157e-01    2.5526e-02
  155.5    3.3481e+00    4.2372e+00   -2.0984e-01   -4.9077e-02
  158.5    3.3935e+00    4.2372e+00   -1.9911e-01   -6.3965e-02
  161.5    3.5321e+00    4.2372e+00   -1.6642e-01   -7.0068e-02
  164.5    3.7718e+00    4.2372e+00   -1.0984e-01   -1.5891e-03
  167.5    3.9865e+00    4.2372e+00   -5.9166e-02   -8.2457e-02
  170.5    4.3806e+00    4.2372e+00    3.3848e-02   -1.0835e-02
  173.5    4.8622e+00    4.2372e+00    1.4750e-01    4.0308e-02
  176.5    5.5078e+00    4.2372e+00    2.9986e-01    8.0241e-02
  179.5    5.9135e+00    4.2372e+00    3.9560e-01   -8.4597e-02
  182.5    5.8056e+00    4.2372e+00    3.7013e-01    8.1901e-02
  185.5    5.2937e+00    4.2372e+00    2.4933e-01   -1.3487e-01
  188.5    4.7518e+00    4.2372e+00    1.2144e-01   -1.9490e-02
  191.5    4.1622e+00    4.2372e+00   -1.7702e-02   -4.3618e-02
  194.5    3.7712e+00    4.2372e+00   -1.0999e-01   -1.2907e-01
  197.5    3.6063e+00    4.2372e+00   -1.4890e-01   -8.4505e-02
  200.5    3.3480e+00    4.2372e+00   -2.0985e-01   -1.1420e-01
  203.5    3.1298e+00    4.2372e+00   -2.6136e-01   -5.7831e-02
  206.5    3.2628e+00    4.2372e+00   -2.2998e-01   -5.1457e-02
  209.5    3.3462e+00    4.2372e+00   -2.1029e-01   -4.0469e-02
  212.5    3.5494e+00    4.2372e+00   -1.6233e-01    4.7675e-02
  215.5    4.0074e+00    4.2372e+00   -5.4249e-02    1.0870e-01
  218.5    4.3014e+00    4.2372e+00    1.5141e-02    1.2886e-01
  221.5    4.6129e+00    4.2372e+00    8.8663e-02    4.1041e-02
  224.5    4.8911e+00    4.2372e+00    1.5432e-01    1.4355e-01
  227.5    5.2333e+00    4.2372e+00    2.3509e-01    7.5565e-02
  230.5    5.3061e+00    4.2372e+00    2.5225e-01    8.9868e-02
  233.5    4.6667e+00    4.2372e+00    1.0136e-01    9.2494e-02
  236.5    4.0640e+00    4.2372e+00   -4.0890e-02    5.9289e-02
  239.5    3.6853e+00    4.2372e+00   -1.3026e-01    1.6087e-02
  242.5    3.3842e+00    4.2372e+00   -2.0131e-01    2.5526e-02
  245.5    3.2186e+00    4.2372e+00   -2.4040e-01   -4.9077e-02
  248.5    3.2684e+00    4.2372e+00   -2.2864e-01   -6.3965e-02
  251.5    3.3283e+00    4.2372e+00   -2.1451e-01   -7.0068e-02
  254.5    3.4766e+00    4.2372e+00   -1.7951e-01   -1.5891e-03
  257.5    3.7123e+00    4.2372e+00   -1.2389e-01   -8.2457e-02
  260.5    4.1232e+00    4.2372e+00   -2.6912e-02   -1.0835e-02
  263.5    4.5757e+00    4.2372e+00    7.9870e-02    4.0308e-02
  266.5    5.0181e+00    4.2372e+00    1.8429e-01    8.0241e-02
  269.5    5.2921e+00    4.2372e+00    2.4895e-01   -8.4597e-02
  272.5    5.0947e+00    4.2372e+00    2.0237e-01    8.1901e-02
  275.5    4.7436e+00    4.2372e+00    1.1951e-01   -1.3487e-01
  278.5    4.3510e+00    4.2372e+00    2.6854e-02   -1.9490e-02
  281.5    3.9606e+00    4.2372e+00   -6.5296e-02   -4.3618e-02
  284.5    3.9438e+00    4.2372e+00   -6.9254e-02   -1.2907e-01
  287.5    3.9816e+00    4.2372e+00   -6.0318e-02   -8.4505e-02
  290.5    3.8805e+00    4.2372e+00   -8.4198e-02   -1.1420e-01
  293.5    3.8764e+00    4.2372e+00   -8.5164e-02   -5.7831e-02
  296.5    3.8568e+00    4.2372e+00   -8.9780e-02   -5.1457e-02
  299.5    3.8441e+00    4.2372e+00   -9.2787e-02   -4.0469e-02
  302.5    3.9902e+00    4.2372e+00   -5.8304e-02    4.7675e-02
  305.5    4.3055e+00    4.2372e+00    1.6117e-02    1.0870e-01
  308.5    4.4538e+00    4.2372e+00    5.1107e-02    1.2886e-01
  311.5    4.6874e+00    4.2372e+00    1.0624e-01    4.1041e-02
  314.5    4.9007e+00    4.2372e+00    1.5658e-01    1.4355e-01
  317.5    4.8353e+00    4.2372e+00    1.4114e-01    7.5565e-02
  320.5    4.5787e+00    4.2372e+00    8.0591e-02    8.9868e-02
  323.5    4.3861e+00    4.2372e+00    3.5143e-02    9.2494e-02
  326.5    4.0148e+00    4.2372e+00   -5.2484e-02    5.9289e-02
  329.5    3.7680e+00    4.2372e+00   -1.1074e-01    1.6087e-02
  332.5    3.8093e+00    4.2372e+00   -1.0099e-01    2.5526e-02
  335.5    3.8447e+00    4.2372e+00   -9.2627e-02   -4.9077e-02
  338.5    3.7525e+00    4.2372e+00   -1.1441e-01   -6.3965e-02
  341.5    3.7724e+00    4.2372e+00   -1.0971e-01   -7.0068e-02
  344.5    3.8682e+00    4.2372e+00   -8.7092e-02   -1.5890e-03
  347.5    3.9119e+00    4.2372e+00   -7.6769e-02   -8.2457e-02
  350.5    4.1527e+00    4.2372e+00   -1.9936e-02   -1.0835e-02
  353.5    4.6492e+00    4.2372e+00    9.7220e-02    4.0308e-02
  356.5    5.1385e+00    4.2372e+00    2.1271e-01    8.0241e-02
  359.5    5.3520e+00    4.2372e+00    2.6310e-01   -8.4597e-02
   4   120  14.31   21.0    1.0    0.0   ----------------------------
    2.5    6.5602e+00    4.2952e+00    5.2733e-01    4.4625e-02
    5.5    5.6663e+00    4.2952e+00    3.1921e-01    5.1575e-02
    8.5    4.6075e+00    4.2952e+00    7.2707e-02    1.0474e-01
   11.5    3.8180e+00    4.2952e+00   -1.1111e-01    3.8326e-02
   14.5    3.3985e+00    4.2952e+00   -2.0878e-01   -1.0394e-01
   17.5    3.3135e+00    4.2952e+00   -2.2856e-01   -1.0590e-01
   20.5    3.2936e+00    4.2952e+00   -2.3320e-01   -9.6682e-02
   23.5    3.3912e+00    4.2952e+00   -2.1048e-01   -1.0832e-01
   26.5    3.6469e+00    4.2952e+00   -1.5093e-01   -7.2059e-02
   29.5    4.0797e+00    4.2952e+00   -5.0179e-02   -1.5881e-02
   32.5    4.7781e+00    4.2952e+00    1.1241e-01   -1.8214e-02
   35.5    5.5485e+00    4.2952e+00    2.9179e-01    3.8247e-02
   38.5    6.2725e+00    4.2952e+00    4.6034e-01    2.8468e-02
   41.5    6.7320e+00    4.2952e+00    5.6733e-01    2.6470e-01
   44.5    6.8770e+00    4.2952e+00    6.0107e-01    1.2939e-01
   47.5    6.3768e+00    4.2952e+00    4.8462e-01    1.6990e-01
   50.5    5.9595e+00    4.2952e+00    3.8747e-01   -5.6686e-02
   53.5    5.6223e+00    4.2952e+00    3.0896e-01    1.2218e-01
   56.5    5.2381e+00    4.2952e+00    2.1952e-01    5.5036e-02
   59.5    4.8092e+00    4.2952e+00    1.1965e-01    1.1805e-02
   62.5    4.3877e+00    4.2952e+00    2.1539e-02   -6.3883e-02
   65.5    3.9452e+00    4.2952e+00   -8.1500e-02   -2.6673e-01
   68.5    3.7432e+00    4.2952e+00   -1.2853e-01   -1.7943e-01
   71.5    3.5036e+00    4.2952e+00   -1.8431e-01   -1.0330e-01
   74.5    3.2639e+00    4.2952e+00   -2.4011e-01    2.9369e-02
   77.5    3.3687e+00    4.2952e+00   -2.1571e-01    2.2041e-02
   80.5    3.5933e+00    4.2952e+00   -1.6342e-01    2.4037e-02
   83.5    4.1499e+00    4.2952e+00   -3.3835e-02   -2.2931e-02
   86.5    4.8096e+00    4.2952e+00    1.1975e-01    1.3834e-02
   89.5    5.0160e+00    4.2952e+00    1.6781e-01    5.7743e-02
   92.5    5.0885e+00    4.2952e+00    1.8469e-01    4.4625e-02
   95.5    4.8941e+00    4.2952e+00    1.3943e-01    5.1575e-02
   98.5    4.3035e+00    4.2952e+00    1.9238e-03    1.0474e-01
  101.5    3.7077e+00    4.2952e+00   -1.3678e-01    3.8326e-02
  104.5    3.2747e+00    4.2952e+00   -2.3759e-01   -1.0394e-01
  107.5    3.1478e+00    4.2952e+00   -2.6714e-01   -1.0590e-01
  110.5    3.0251e+00    4.2952e+00   -2.9570e-01   -9.6682e-02
  113.5    3.1985e+00    4.2952e+00   -2.5534e-01   -1.0832e-01
  116.5    3.5661e+00    4.2952e+00   -1.6975e-01   -7.2059e-02
  119.5    3.7535e+00    4.2952e+00   -1.2612e-01   -1.5881e-02
  122.5    4.2703e+00    4.2952e+00   -5.7927e-03   -1.8214e-02
  125.5    4.8089e+00    4.2952e+00    1.1960e-01    3.8247e-02
  128.5    5.1761e+00    4.2952e+00    2.0509e-01    2.8468e-02
  131.5    5.5929e+00    4.2952e+00    3.0212e-01    2.6470e-01
  134.5    5.5574e+00    4.2952e+00    2.9387e-01    1.2939e-01
  137.5    5.2436e+00    4.2952e+00    2.2079e-01    1.6990e-01
  140.5    5.0732e+00    4.2952e+00    1.8113e-01   -5.6686e-02
  143.5    4.5858e+00    4.2952e+00    6.7662e-02    1.2218e-01
  146.5    4.2036e+00    4.2952e+00   -2.1331e-02    5.5036e-02
  149.5    3.8872e+00    4.2952e+00   -9.5003e-02    1.1805e-02
  152.5    3.5333e+00    4.2952e+00   -1.7739e-01   -6.3883e-02
  155.5    3.3636e+00    4.2952e+00   -2.1690e-01   -2.6673e-01
  158.5    3.1770e+00    4.2952e+00   -2.6034e-01   -1.7943e-01
  161.5    3.0073e+00    4.2952e+00   -2.9986e-01   -1.0330e-01
  164.5    2.9432e+00    4.2952e+00   -3.1477e-01    2.9369e-02
  167.5    3.1664e+00    4.2952e+00   -2.6282e-01    2.2041e-02
  170.5    3.5294e+00    4.2952e+00   -1.7830e-01    2.4037e-02
  173.5    3.9456e+00    4.2952e+00   -8.1389e-02   -2.2931e-02
  176.5    4.5600e+00    4.2952e+00    6.1652e-02    1.3834e-02
  179.5    4.9624e+00    4.2952e+00    1.5533e-01    5.7743e-02
  182.5    4.9179e+00    4.2952e+00    1.4498e-01    4.4625e-02
  185.5    4.4550e+00    4.2952e+00    3.7205e-02    5.1575e-02
  188.5    3.8214e+00    4.2952e+00   -1.1031e-01    1.0474e-01
  191.5    3.2305e+00    4.2952e+00   -2.4787e-01    3.8326e-02
  194.5    2.9513e+00    4.2952e+00   -3.1288e-01   -1.0394e-01
  197.5    2.8909e+00    4.2952e+00   -3.2696e-01   -1.0590e-01
  200.5    2.9802e+00    4.2952e+00   -3.0616e-01   -9.6682e-02
  203.5    3.1859e+00    4.2952e+00   -2.5826e-01   -1.0832e-01
  206.5    3.3458e+00    4.2952e+00   -2.2105e-01   -7.2059e-02
  209.5    3.5741e+00    4.2952e+00   -1.6790e-01   -1.5881e-02
  212.5    3.9231e+00    4.2952e+00   -8.6630e-02   -1.8214e-02
  215.5    4.3562e+00    4.2952e+00    1.4194e-02    3.8247e-02
  218.5    4.5755e+00    4.2952e+00    6.5264e-02    2.8468e-02
  221.5    4.9100e+00    4.2952e+00    1.4313e-01    2.6470e-01
  224.5    5.4310e+00    4.2952e+00    2.6444e-01    1.2939e-01
  227.5    5.5635e+00    4.2952e+00    2.9529e-01    1.6990e-01
  230.5    5.4896e+00    4.2952e+00    2.7808e-01   -5.6686e-02
  233.5    4.9780e+00    4.2952e+00    1.5896e-01    1.2218e-01
  236.5    4.2735e+00    4.2952e+00   -5.0653e-03    5.5036e-02
  239.5    3.8239e+00    4.2952e+00   -1.0974e-01    1.1805e-02
  242.5    3.5180e+00    4.2952e+00   -1.8095e-01   -6.3883e-02
  245.5    3.1133e+00    4.2952e+00   -2.7517e-01   -2.6673e-01
  248.5    2.9587e+00    4.2952e+00   -3.1117e-01   -1.7943e-01
  251.5    2.9268e+00    4.2952e+00   -3.1860e-01   -1.0330e-01
  254.5    2.9492e+00    4.2952e+00   -3.1338e-01    2.9369e-02
  257.5    3.3334e+00    4.2952e+00   -2.2392e-01    2.2041e-02
  260.5    3.8322e+00    4.2952e+00   -1.0779e-01    2.4037e-02
  263.5    4.4421e+00    4.2952e+00    3.4200e-02   -2.2931e-02
  266.5    4.9445e+00    4.2952e+00    1.5117e-01    1.3834e-02
  269.5    5.1895e+00    4.2952e+00    2.0822e-01    5.7743e-02
  272.5    4.8592e+00    4.2952e+00    1.3131e-01    4.4625e-02
  275.5    4.2821e+00    4.2952e+00   -3.0543e-03    5.1575e-02
  278.5    3.9169e+00    4.2952e+00   -8.8083e-02    1.0474e-01
  281.5    3.4418e+00    4.2952e+00   -1.9868e-01    3.8326e-02
  284.5    3.1280e+00    4.2952e+00   -2.7175e-01   -1.0394e-01
  287.5    3.2820e+00    4.2952e+00   -2.3589e-01   -1.0590e-01
  290.5    3.3739e+00    4.2952e+00   -2.1449e-01   -9.6682e-02
  293.5    3.4634e+00    4.2952e+00   -1.9365e-01   -1.0832e-01
  296.5    3.7328e+00    4.2952e+00   -1.3094e-01   -7.2059e-02
  299.5    4.1374e+00    4.2952e+00   -3.6743e-02   -1.5881e-02
  302.5    4.5604e+00    4.2952e+00    6.1731e-02   -1.8214e-02
  305.5    4.8653e+00    4.2952e+00    1.3271e-01    3.8247e-02
  308.5    5.2716e+00    4.2952e+00    2.2731e-01    2.8468e-02
  311.5    5.5646e+00    4.2952e+00    2.9553e-01    2.6470e-01
  314.5    6.1629e+00    4.2952e+00    4.3483e-01    1.2939e-01
  317.5    6.1570e+00    4.2952e+00    4.3346e-01    1.6990e-01
  320.5    5.5318e+00    4.2952e+00    2.8791e-01   -5.6686e-02
  323.5    5.1653e+00    4.2952e+00    2.0258e-01    1.2218e-01
  326.5    4.6546e+00    4.2952e+00    8.3659e-02    5.5036e-02
  329.5    3.8879e+00    4.2952e+00   -9.4832e-02    1.1805e-02
  332.5    3.4452e+00    4.2952e+00   -1.9791e-01   -6.3883e-02
  335.5    3.1946e+00    4.2952e+00   -2.5624e-01   -2.6673e-01
  338.5    3.1240e+00    4.2952e+00   -2.7268e-01   -1.7943e-01
  341.5    3.1401e+00    4.2952e+00   -2.6893e-01   -1.0330e-01
  344.5    3.4210e+00    4.2952e+00   -2.0353e-01    2.9369e-02
  347.5    3.8473e+00    4.2952e+00   -1.0429e-01    2.2041e-02
  350.5    4.5390e+00    4.2952e+00    5.6753e-02    2.4037e-02
  353.5    5.5815e+00    4.2952e+00    2.9946e-01   -2.2931e-02
  356.5    6.5491e+00    4.2952e+00    5.2475e-01    1.3834e-02
  359.5    6.9434e+00    4.2952e+00    6.1654e-01    5.7743e-02
   5   120  14.31   24.0    1.0    0.0   ----------------------------
    2.5    6.8786e+00    4.8568e+00    4.1630e-01    3.5290e-02
    5.5    5.5401e+00    4.8568e+00    1.4069e-01    5.5441e-02
    8.5    4.5670e+00    4.8568e+00   -5.9668e-02   -4.5980e-04
   11.5    3.6156e+00    4.8568e+00   -2.5556e-01    6.5262e-02
   14.5    3.2379e+00    4.8568e+00   -3.3332e-01   -3.7405e-03
   17.5    3.1247e+00    4.8568e+00   -3.5664e-01    1.4453e-02
   20.5    3.1824e+00    4.8568e+00   -3.4475e-01   -6.1124e-02
   23.5    3.2955e+00    4.8568e+00   -3.2145e-01   -7.6782e-02
   26.5    3.5001e+00    4.8568e+00   -2.7933e-01   -1.7650e-01
   29.5    4.0877e+00    4.8568e+00   -1.5836e-01   -1.5637e-02
   32.5    4.7551e+00    4.8568e+00   -2.0941e-02   -2.8553e-02
   35.5    5.4432e+00    4.8568e+00    1.2074e-01    1.7394e-02
   38.5    6.1246e+00    4.8568e+00    2.6104e-01    1.1598e-01
   41.5    6.7630e+00    4.8568e+00    3.9250e-01    9.9933e-02
   44.5    7.0556e+00    4.8568e+00    4.5273e-01    1.0927e-01
   47.5    6.5912e+00    4.8568e+00    3.5712e-01    1.3677e-01
   50.5    6.3955e+00    4.8568e+00    3.1682e-01    8.3328e-02
   53.5    5.9753e+00    4.8568e+00    2.3031e-01    1.7271e-01
   56.5    5.5591e+00    4.8568e+00    1.4461e-01   -4.9968e-02
   59.5    4.9363e+00    4.8568e+00    1.6378e-02   -8.3180e-02
   62.5    4.7719e+00    4.8568e+00   -1.7475e-02   -1.4129e-02
   65.5    4.5679e+00    4.8568e+00   -5.9469e-02   -9.0024e-02
   68.5    4.3291e+00    4.8568e+00   -1.0865e-01   -9.7565e-02
   71.5    4.1806e+00    4.8568e+00   -1.3923e-01   -5.6866e-02
   74.5    3.7574e+00    4.8568e+00   -2.2636e-01    9.2160e-03
   77.5    3.4568e+00    4.8568e+00   -2.8825e-01   -1.9128e-01
   80.5    3.5678e+00    4.8568e+00   -2.6539e-01    6.9148e-02
   83.5    4.0957e+00    4.8568e+00   -1.5671e-01   -6.8656e-02
   86.5    4.9353e+00    4.8568e+00    1.6176e-02   -3.9158e-03
   89.5    5.4294e+00    4.8568e+00    1.1790e-01    3.5102e-02
   92.5    5.6369e+00    4.8568e+00    1.6064e-01    3.5290e-02
   95.5    5.4030e+00    4.8568e+00    1.1246e-01    5.5441e-02
   98.5    5.2722e+00    4.8568e+00    8.5529e-02   -4.5980e-04
  101.5    5.0548e+00    4.8568e+00    4.0783e-02    6.5262e-02
  104.5    4.5586e+00    4.8568e+00   -6.1402e-02   -3.7405e-03
  107.5    4.2854e+00    4.8568e+00   -1.1765e-01    1.4453e-02
  110.5    3.9937e+00    4.8568e+00   -1.7770e-01   -6.1124e-02
  113.5    3.7875e+00    4.8568e+00   -2.2016e-01   -7.6782e-02
  116.5    3.9357e+00    4.8568e+00   -1.8965e-01   -1.7650e-01
  119.5    4.2322e+00    4.8568e+00   -1.2860e-01   -1.5637e-02
  122.5    4.8094e+00    4.8568e+00   -9.7586e-03   -2.8553e-02
  125.5    5.5238e+00    4.8568e+00    1.3735e-01    1.7394e-02
  128.5    5.8862e+00    4.8568e+00    2.1195e-01    1.1598e-01
  131.5    6.3595e+00    4.8568e+00    3.0941e-01    9.9933e-02
  134.5    6.3129e+00    4.8568e+00    2.9982e-01    1.0927e-01
  137.5    5.9539e+00    4.8568e+00    2.2590e-01    1.3677e-01
  140.5    5.6885e+00    4.8568e+00    1.7126e-01    8.3328e-02
  143.5    5.5144e+00    4.8568e+00    1.3540e-01    1.7271e-01
  146.5    5.2185e+00    4.8568e+00    7.4471e-02   -4.9968e-02
  149.5    4.9671e+00    4.8568e+00    2.2721e-02   -8.3180e-02
  152.5    4.4782e+00    4.8568e+00   -7.7956e-02   -1.4129e-02
  155.5    4.4968e+00    4.8568e+00   -7.4121e-02   -9.0024e-02
  158.5    4.3737e+00    4.8568e+00   -9.9455e-02   -9.7565e-02
  161.5    4.2550e+00    4.8568e+00   -1.2391e-01   -5.6866e-02
  164.5    4.0971e+00    4.8568e+00   -1.5642e-01    9.2160e-03
  167.5    3.8529e+00    4.8568e+00   -2.0669e-01   -1.9128e-01
  170.5    3.8902e+00    4.8568e+00   -1.9901e-01    6.9148e-02
  173.5    4.1055e+00    4.8568e+00   -1.5469e-01   -6.8656e-02
  176.5    4.6464e+00    4.8568e+00   -4.3317e-02   -3.9158e-03
  179.5    5.0277e+00    4.8568e+00    3.5201e-02    3.5102e-02
  182.5    4.9126e+00    4.8568e+00    1.1486e-02    3.5290e-02
  185.5    4.4040e+00    4.8568e+00   -9.3217e-02    5.5441e-02
  188.5    4.0252e+00    4.8568e+00   -1.7123e-01   -4.5980e-04
  191.5    3.8966e+00    4.8568e+00   -1.9769e-01    6.5262e-02
  194.5    3.8984e+00    4.8568e+00   -1.9733e-01   -3.7405e-03
  197.5    4.0213e+00    4.8568e+00   -1.7201e-01    1.4453e-02
  200.5    4.1839e+00    4.8568e+00   -1.3853e-01   -6.1124e-02
  203.5    4.3041e+00    4.8568e+00   -1.1380e-01   -7.6782e-02
  206.5    4.5249e+00    4.8568e+00   -6.8336e-02   -1.7650e-01
  209.5    4.7388e+00    4.8568e+00   -2.4286e-02   -1.5637e-02
  212.5    5.0202e+00    4.8568e+00    3.3645e-02   -2.8553e-02
  215.5    5.3537e+00    4.8568e+00    1.0231e-01    1.7394e-02
  218.5    5.5214e+00    4.8568e+00    1.3684e-01    1.1598e-01
  221.5    5.7260e+00    4.8568e+00    1.7897e-01    9.9933e-02
  224.5    6.3032e+00    4.8568e+00    2.9782e-01    1.0927e-01
  227.5    6.5641e+00    4.8568e+00    3.5154e-01    1.3677e-01
  230.5    6.3259e+00    4.8568e+00    3.0250e-01    8.3328e-02
  233.5    6.1021e+00    4.8568e+00    2.5640e-01    1.7271e-01
  236.5    5.1952e+00    4.8568e+00    6.9674e-02   -4.9968e-02
  239.5    4.5774e+00    4.8568e+00   -5.7524e-02   -8.3180e-02
  242.5    4.0756e+00    4.8568e+00   -1.6084e-01   -1.4129e-02
  245.5    3.7982e+00    4.8568e+00   -2.1796e-01   -9.0024e-02
  248.5    3.8146e+00    4.8568e+00   -2.1457e-01   -9.7565e-02
  251.5    4.0572e+00    4.8568e+00   -1.6463e-01   -5.6866e-02
  254.5    4.3206e+00    4.8568e+00   -1.1040e-01    9.2160e-03
  257.5    4.6149e+00    4.8568e+00   -4.9793e-02   -1.9128e-01
  260.5    4.9236e+00    4.8568e+00    1.3754e-02    6.9148e-02
  263.5    5.2468e+00    4.8568e+00    8.0305e-02   -6.8656e-02
  266.5    5.5451e+00    4.8568e+00    1.4173e-01   -3.9158e-03
  269.5    5.5552e+00    4.8568e+00    1.4381e-01    3.5102e-02
  272.5    5.0594e+00    4.8568e+00    4.1728e-02    3.5290e-02
  275.5    4.2734e+00    4.8568e+00   -1.2011e-01    5.5441e-02
  278.5    3.5999e+00    4.8568e+00   -2.5879e-01   -4.5980e-04
  281.5    3.3173e+00    4.8568e+00   -3.1698e-01    6.5262e-02
  284.5    3.4214e+00    4.8568e+00   -2.9555e-01   -3.7404e-03
  287.5    3.8599e+00    4.8568e+00   -2.0526e-01    1.4453e-02
  290.5    4.1062e+00    4.8568e+00   -1.5454e-01   -6.1124e-02
  293.5    4.4623e+00    4.8568e+00   -8.1222e-02   -7.6782e-02
  296.5    4.7139e+00    4.8568e+00   -2.9414e-02   -1.7650e-01
  299.5    5.1848e+00    4.8568e+00    6.7541e-02   -1.5637e-02
  302.5    5.6509e+00    4.8568e+00    1.6351e-01   -2.8553e-02
  305.5    6.2940e+00    4.8568e+00    2.9592e-01    1.7394e-02
  308.5    6.7810e+00    4.8568e+00    3.9621e-01    1.1598e-01
  311.5    6.9091e+00    4.8568e+00    4.2257e-01    9.9933e-02
  314.5    7.3701e+00    4.8568e+00    5.1750e-01    1.0927e-01
  317.5    7.2083e+00    4.8568e+00    4.8418e-01    1.3677e-01
  320.5    6.6672e+00    4.8568e+00    3.7276e-01    8.3328e-02
  323.5    5.9289e+00    4.8568e+00    2.2076e-01    1.7271e-01
  326.5    5.2209e+00    4.8568e+00    7.4981e-02   -4.9968e-02
  329.5    4.3093e+00    4.8568e+00   -1.1272e-01   -8.3180e-02
  332.5    3.5541e+00    4.8568e+00   -2.6822e-01   -1.4129e-02
  335.5    3.1304e+00    4.8568e+00   -3.5547e-01   -9.0024e-02
  338.5    3.1615e+00    4.8568e+00   -3.4905e-01   -9.7565e-02
  341.5    3.0842e+00    4.8568e+00   -3.6497e-01   -5.6866e-02
  344.5    3.1121e+00    4.8568e+00   -3.5923e-01    9.2160e-03
  347.5    3.5766e+00    4.8568e+00   -2.6358e-01   -1.9128e-01
  350.5    4.3790e+00    4.8568e+00   -9.8372e-02    6.9148e-02
  353.5    5.4827e+00    4.8568e+00    1.2888e-01   -6.8656e-02
  356.5    6.6705e+00    4.8568e+00    3.7345e-01   -3.9158e-03
  359.5    7.4343e+00    4.8568e+00    5.3072e-01    3.5102e-02
   6   120  14.31   27.0    1.0    0.0   ----------------------------
    2.5    5.7325e+00    5.4611e+00    4.9701e-02    1.6684e-01
    5.5    4.9209e+00    5.4611e+00   -9.8911e-02   -3.4013e-02
    8.5    4.1225e+00    5.4611e+00   -2.4511e-01   -1.0994e-01
   11.5    3.6305e+00    5.4611e+00   -3.3520e-01   -9.1780e-03
   14.5    3.4870e+00    5.4611e+00   -3.6148e-01    8.5048e-02
   17.5    3.6972e+00    5.4611e+00   -3.2300e-01   -9.4383e-03
   20.5    3.7328e+00    5.4611e+00   -3.1647e-01   -1.5728e-01
   23.5    4.0623e+00    5.4611e+00   -2.5614e-01   -5.6480e-02
   26.5    4.6715e+00    5.4611e+00   -1.4459e-01   -2.4140e-02
   29.5    5.8373e+00    5.4611e+00    6.8883e-02   -2.5849e-02
   32.5    6.7976e+00    5.4611e+00    2.4473e-01   -4.0454e-02
   35.5    7.5225e+00    5.4611e+00    3.7748e-01    2.9356e-02
   38.5    7.9376e+00    5.4611e+00    4.5348e-01    8.9827e-02
   41.5    8.2707e+00    5.4611e+00    5.1448e-01    1.4574e-01
   44.5    8.6505e+00    5.4611e+00    5.8403e-01    5.2439e-02
   47.5    8.9177e+00    5.4611e+00    6.3295e-01    1.0520e-01
   50.5    8.9068e+00    5.4611e+00    6.3095e-01   -4.5707e-02
   53.5    8.6825e+00    5.4611e+00    5.8990e-01    1.2791e-01
   56.5    8.1809e+00    5.4611e+00    4.9803e-01   -2.5537e-03
   59.5    7.2222e+00    5.4611e+00    3.2249e-01    2.8536e-02
   62.5    6.2686e+00    5.4611e+00    1.4787e-01   -2.8970e-04
   65.5    5.3698e+00    5.4611e+00   -1.6710e-02   -1.3439e-01
   68.5    5.0539e+00    5.4611e+00   -7.4559e-02   -1.6228e-01
   71.5    4.9767e+00    5.4611e+00   -8.8698e-02   -2.8068e-01
   74.5    4.4441e+00    5.4611e+00   -1.8623e-01    7.4065e-02
   77.5    4.1552e+00    5.4611e+00   -2.3912e-01    4.5495e-02
   80.5    4.0560e+00    5.4611e+00   -2.5729e-01    6.7130e-02
   83.5    4.0812e+00    5.4611e+00   -2.5267e-01    6.4893e-02
   86.5    4.4505e+00    5.4611e+00   -1.8504e-01    1.6977e-02
   89.5    4.6431e+00    5.4611e+00   -1.4979e-01   -4.9364e-03
   92.5    5.1255e+00    5.4611e+00   -6.1455e-02    1.6684e-01
   95.5    5.1726e+00    5.4611e+00   -5.2830e-02   -3.4013e-02
   98.5    5.4786e+00    5.4611e+00    3.2005e-03   -1.0994e-01
  101.5    5.6993e+00    5.4611e+00    4.3629e-02   -9.1780e-03
  104.5    5.3347e+00    5.4611e+00   -2.3146e-02    8.5048e-02
  107.5    4.9155e+00    5.4611e+00   -9.9901e-02   -9.4383e-03
  110.5    4.5394e+00    5.4611e+00   -1.6878e-01   -1.5728e-01
  113.5    4.2832e+00    5.4611e+00   -2.1569e-01   -5.6480e-02
  116.5    4.2739e+00    5.4611e+00   -2.1739e-01   -2.4140e-02
  119.5    4.5897e+00    5.4611e+00   -1.5956e-01   -2.5849e-02
  122.5    5.3626e+00    5.4611e+00   -1.8040e-02   -4.0454e-02
  125.5    5.9446e+00    5.4611e+00    8.8544e-02    2.9356e-02
  128.5    6.2672e+00    5.4611e+00    1.4761e-01    8.9827e-02
  131.5    6.4860e+00    5.4611e+00    1.8767e-01    1.4574e-01
  134.5    6.3026e+00    5.4611e+00    1.5409e-01    5.2439e-02
  137.5    6.3607e+00    5.4611e+00    1.6473e-01    1.0520e-01
  140.5    6.2382e+00    5.4611e+00    1.4230e-01   -4.5707e-02
  143.5    5.9370e+00    5.4611e+00    8.7138e-02    1.2791e-01
  146.5    5.4784e+00    5.4611e+00    3.1729e-03   -2.5537e-03
  149.5    5.1340e+00    5.4611e+00   -5.9901e-02    2.8536e-02
  152.5    4.8515e+00    5.4611e+00   -1.1162e-01   -2.8970e-04
  155.5    4.8136e+00    5.4611e+00   -1.1856e-01   -1.3439e-01
  158.5    4.6464e+00    5.4611e+00   -1.4918e-01   -1.6228e-01
  161.5    4.5408e+00    5.4611e+00   -1.6852e-01   -2.8068e-01
  164.5    4.5823e+00    5.4611e+00   -1.6092e-01    7.4065e-02
  167.5    4.3749e+00    5.4611e+00   -1.9890e-01    4.5495e-02
  170.5    4.6750e+00    5.4611e+00   -1.4394e-01    6.7130e-02
  173.5    4.6533e+00    5.4611e+00   -1.4792e-01    6.4893e-02
  176.5    4.7249e+00    5.4611e+00   -1.3480e-01    1.6977e-02
  179.5    4.8783e+00    5.4611e+00   -1.0672e-01   -4.9364e-03
  182.5    4.8665e+00    5.4611e+00   -1.0888e-01    1.6684e-01
  185.5    4.6895e+00    5.4611e+00   -1.4129e-01   -3.4013e-02
  188.5    4.7113e+00    5.4611e+00   -1.3729e-01   -1.0994e-01
  191.5    4.4859e+00    5.4611e+00   -1.7858e-01   -9.1780e-03
  194.5    4.4959e+00    5.4611e+00   -1.7674e-01    8.5048e-02
  197.5    4.5781e+00    5.4611e+00   -1.6169e-01   -9.4383e-03
  200.5    4.6731e+00    5.4611e+00   -1.4430e-01   -1.5728e-01
  203.5    4.5062e+00    5.4611e+00   -1.7485e-01   -5.6480e-02
  206.5    4.7623e+00    5.4611e+00   -1.2795e-01   -2.4140e-02
  209.5    4.9083e+00    5.4611e+00   -1.0122e-01   -2.5849e-02
  212.5    5.3649e+00    5.4611e+00   -1.7610e-02   -4.0454e-02
  215.5    5.7220e+00    5.4611e+00    4.7775e-02    2.9356e-02
  218.5    6.0517e+00    5.4611e+00    1.0814e-01    8.9827e-02
  221.5    6.2200e+00    5.4611e+00    1.3896e-01    1.4574e-01
  224.5    6.3357e+00    5.4611e+00    1.6015e-01    5.2439e-02
  227.5    6.5302e+00    5.4611e+00    1.9577e-01    1.0520e-01
  230.5    6.3966e+00    5.4611e+00    1.7131e-01   -4.5707e-02
  233.5    6.2217e+00    5.4611e+00    1.3927e-01    1.2791e-01
  236.5    5.7159e+00    5.4611e+00    4.6659e-02   -2.5537e-03
  239.5    5.0076e+00    5.4611e+00   -8.3032e-02    2.8536e-02
  242.5    4.4211e+00    5.4611e+00   -1.9044e-01   -2.8970e-04
  245.5    4.3389e+00    5.4611e+00   -2.0549e-01   -1.3439e-01
  248.5    4.3884e+00    5.4611e+00   -1.9643e-01   -1.6228e-01
  251.5    4.8619e+00    5.4611e+00   -1.0971e-01   -2.8068e-01
  254.5    5.3703e+00    5.4611e+00   -1.6630e-02    7.4065e-02
  257.5    5.5733e+00    5.4611e+00    2.0556e-02    4.5495e-02
  260.5    5.7491e+00    5.4611e+00    5.2739e-02    6.7130e-02
  263.5    5.5581e+00    5.4611e+00    1.7774e-02    6.4893e-02
  266.5    5.1977e+00    5.4611e+00   -4.8227e-02    1.6977e-02
  269.5    4.8933e+00    5.4611e+00   -1.0397e-01   -4.9363e-03
  272.5    4.5387e+00    5.4611e+00   -1.6889e-01    1.6684e-01
  275.5    4.2705e+00    5.4611e+00   -2.1801e-01   -3.4013e-02
  278.5    4.0854e+00    5.4611e+00   -2.5190e-01   -1.0994e-01
  281.5    4.0903e+00    5.4611e+00   -2.5101e-01   -9.1780e-03
  284.5    4.2695e+00    5.4611e+00   -2.1820e-01    8.5048e-02
  287.5    4.7848e+00    5.4611e+00   -1.2384e-01   -9.4383e-03
  290.5    4.8939e+00    5.4611e+00   -1.0386e-01   -1.5728e-01
  293.5    5.4119e+00    5.4611e+00   -9.0093e-03   -5.6480e-02
  296.5    6.0385e+00    5.4611e+00    1.0574e-01   -2.4140e-02
  299.5    6.8801e+00    5.4611e+00    2.5984e-01   -2.5849e-02
  302.5    7.6302e+00    5.4611e+00    3.9719e-01   -4.0454e-02
  305.5    8.1855e+00    5.4611e+00    4.9887e-01    2.9356e-02
  308.5    8.5217e+00    5.4611e+00    5.6044e-01    8.9827e-02
  311.5    8.5201e+00    5.4611e+00    5.6015e-01    1.4574e-01
  314.5    8.2108e+00    5.4611e+00    5.0351e-01    5.2439e-02
  317.5    7.8516e+00    5.4611e+00    4.3773e-01    1.0520e-01
  320.5    7.7444e+00    5.4611e+00    4.1811e-01   -4.5707e-02
  323.5    7.2865e+00    5.4611e+00    3.3426e-01    1.2791e-01
  326.5    6.9646e+00    5.4611e+00    2.7531e-01   -2.5537e-03
  329.5    6.0842e+00    5.4611e+00    1.1410e-01    2.8536e-02
  332.5    5.0447e+00    5.4611e+00   -7.6242e-02   -2.8970e-04
  335.5    4.3554e+00    5.4611e+00   -2.0246e-01   -1.3439e-01
  338.5    3.7925e+00    5.4611e+00   -3.0554e-01   -1.6228e-01
  341.5    3.6454e+00    5.4611e+00   -3.3248e-01   -2.8068e-01
  344.5    3.4948e+00    5.4611e+00   -3.6005e-01    7.4065e-02
  347.5    3.7000e+00    5.4611e+00   -3.2247e-01    4.5495e-02
  350.5    4.1398e+00    5.4611e+00   -2.4194e-01    6.7130e-02
  353.5    4.6366e+00    5.4611e+00   -1.5098e-01    6.4893e-02
  356.5    5.3851e+00    5.4611e+00   -1.3907e-02    1.6977e-02
  359.5    6.1297e+00    5.4611e+00    1.2243e-01   -4.9364e-03
   7   120  14.31   30.0    1.0    0.0   ----------------------------
    2.5    5.0859e+00    5.1701e+00   -1.6278e-02    5.9928e-02
    5.5    4.6610e+00    5.1701e+00   -9.8463e-02    2.6863e-02
    8.5    4.2442e+00    5.1701e+00   -1.7909e-01    1.5044e-02
   11.5    4.1259e+00    5.1701e+00   -2.0196e-01    1.5985e-02
   14.5    3.9881e+00    5.1701e+00   -2.2863e-01    2.3939e-02
   17.5    4.0748e+00    5.1701e+00   -2.1185e-01   -5.8172e-03
   20.5    4.5360e+00    5.1701e+00   -1.2264e-01   -9.7462e-02
   23.5    5.1326e+00    5.1701e+00   -7.2588e-03   -6.5997e-02
   26.5    5.8181e+00    5.1701e+00    1.2534e-01   -3.8987e-02
   29.5    6.4518e+00    5.1701e+00    2.4791e-01   -7.6004e-02
   32.5    7.0029e+00    5.1701e+00    3.5449e-01    5.8675e-02
   35.5    6.8568e+00    5.1701e+00    3.2625e-01    5.6816e-02
   38.5    6.8578e+00    5.1701e+00    3.2644e-01   -5.0996e-03
   41.5    6.5974e+00    5.1701e+00    2.7607e-01    1.6127e-01
   44.5    6.6705e+00    5.1701e+00    2.9020e-01    3.9648e-03
   47.5    6.8949e+00    5.1701e+00    3.3361e-01    8.4915e-02
   50.5    7.0475e+00    5.1701e+00    3.6312e-01    6.0295e-03
   53.5    7.2009e+00    5.1701e+00    3.9280e-01   -1.6770e-02
   56.5    7.2500e+00    5.1701e+00    4.0230e-01   -3.9547e-02
   59.5    6.7231e+00    5.1701e+00    3.0038e-01    6.8005e-02
   62.5    6.3400e+00    5.1701e+00    2.2629e-01    3.0911e-02
   65.5    5.7472e+00    5.1701e+00    1.1163e-01   -1.0932e-01
   68.5    5.2868e+00    5.1701e+00    2.2569e-02   -3.8896e-02
   71.5    4.8207e+00    5.1701e+00   -6.7585e-02    1.5949e-02
   74.5    4.4396e+00    5.1701e+00   -1.4129e-01   -6.8585e-02
   77.5    4.5085e+00    5.1701e+00   -1.2797e-01   -8.3834e-02
   80.5    4.2692e+00    5.1701e+00   -1.7425e-01   -3.9462e-02
   83.5    4.0240e+00    5.1701e+00   -2.2167e-01    8.8500e-02
   86.5    3.9977e+00    5.1701e+00   -2.2676e-01    8.1466e-03
   89.5    4.0387e+00    5.1701e+00   -2.1883e-01   -2.2590e-02
   92.5    4.2379e+00    5.1701e+00   -1.8030e-01    5.9928e-02
   95.5    4.5648e+00    5.1701e+00   -1.1708e-01    2.6863e-02
   98.5    4.9830e+00    5.1701e+00   -3.6186e-02    1.5044e-02
  101.5    5.3621e+00    5.1701e+00    3.7140e-02    1.5985e-02
  104.5    5.1487e+00    5.1701e+00   -4.1490e-03    2.3939e-02
  107.5    4.8072e+00    5.1701e+00   -7.0189e-02   -5.8172e-03
  110.5    4.3494e+00    5.1701e+00   -1.5875e-01   -9.7462e-02
  113.5    3.9913e+00    5.1701e+00   -2.2800e-01   -6.5997e-02
  116.5    4.0845e+00    5.1701e+00   -2.0999e-01   -3.8987e-02
  119.5    4.3143e+00    5.1701e+00   -1.6553e-01   -7.6004e-02
  122.5    4.9369e+00    5.1701e+00   -4.5099e-02    5.8675e-02
  125.5    5.4579e+00    5.1701e+00    5.5663e-02    5.6816e-02
  128.5    5.6008e+00    5.1701e+00    8.3311e-02   -5.0996e-03
  131.5    5.7735e+00    5.1701e+00    1.1670e-01    1.6127e-01
  134.5    5.7295e+00    5.1701e+00    1.0820e-01    3.9648e-03
  137.5    5.8063e+00    5.1701e+00    1.2306e-01    8.4915e-02
  140.5    5.7501e+00    5.1701e+00    1.1217e-01    6.0294e-03
  143.5    5.4956e+00    5.1701e+00    6.2951e-02   -1.6770e-02
  146.5    5.1587e+00    5.1701e+00   -2.2048e-03   -3.9547e-02
  149.5    4.6648e+00    5.1701e+00   -9.7727e-02    6.8005e-02
  152.5    4.3246e+00    5.1701e+00   -1.6353e-01    3.0911e-02
  155.5    4.1331e+00    5.1701e+00   -2.0057e-01   -1.0932e-01
  158.5    4.1109e+00    5.1701e+00   -2.0487e-01   -3.8896e-02
  161.5    4.0957e+00    5.1701e+00   -2.0781e-01    1.5949e-02
  164.5    4.2569e+00    5.1701e+00   -1.7664e-01   -6.8585e-02
  167.5    4.2710e+00    5.1701e+00   -1.7391e-01   -8.3834e-02
  170.5    4.4022e+00    5.1701e+00   -1.4853e-01   -3.9462e-02
  173.5    4.4764e+00    5.1701e+00   -1.3417e-01    8.8500e-02
  176.5    4.3542e+00    5.1701e+00   -1.5781e-01    8.1466e-03
  179.5    4.5588e+00    5.1701e+00   -1.1825e-01   -2.2590e-02
  182.5    4.4470e+00    5.1701e+00   -1.3987e-01    5.9928e-02
  185.5    4.3578e+00    5.1701e+00   -1.5712e-01    2.6863e-02
  188.5    4.5155e+00    5.1701e+00   -1.2662e-01    1.5044e-02
  191.5    4.3892e+00    5.1701e+00   -1.5104e-01    1.5985e-02
  194.5    4.2524e+00    5.1701e+00   -1.7750e-01    2.3939e-02
  197.5    4.2537e+00    5.1701e+00   -1.7724e-01   -5.8172e-03
  200.5    4.2189e+00    5.1701e+00   -1.8399e-01   -9.7462e-02
  203.5    4.0774e+00    5.1701e+00   -2.1136e-01   -6.5997e-02
  206.5    4.2879e+00    5.1701e+00   -1.7064e-01   -3.8987e-02
  209.5    4.5342e+00    5.1701e+00   -1.2300e-01   -7.6004e-02
  212.5    5.0583e+00    5.1701e+00   -2.1628e-02    5.8675e-02
  215.5    5.4562e+00    5.1701e+00    5.5341e-02    5.6816e-02
  218.5    5.8674e+00    5.1701e+00    1.3486e-01   -5.0996e-03
  221.5    5.8785e+00    5.1701e+00    1.3701e-01    1.6127e-01
  224.5    5.8968e+00    5.1701e+00    1.4056e-01    3.9648e-03
  227.5    5.9639e+00    5.1701e+00    1.5354e-01    8.4915e-02
  230.5    5.7926e+00    5.1701e+00    1.2040e-01    6.0295e-03
  233.5    5.6991e+00    5.1701e+00    1.0232e-01   -1.6770e-02
  236.5    5.2979e+00    5.1701e+00    2.4720e-02   -3.9547e-02
  239.5    4.6677e+00    5.1701e+00   -9.7169e-02    6.8005e-02
  242.5    4.2353e+00    5.1701e+00   -1.8082e-01    3.0911e-02
  245.5    4.0736e+00    5.1701e+00   -2.1209e-01   -1.0932e-01
  248.5    4.1315e+00    5.1701e+00   -2.0088e-01   -3.8896e-02
  251.5    4.7524e+00    5.1701e+00   -8.0801e-02    1.5949e-02
  254.5    5.0617e+00    5.1701e+00   -2.0968e-02   -6.8585e-02
  257.5    5.2968e+00    5.1701e+00    2.4501e-02   -8.3834e-02
  260.5    5.2035e+00    5.1701e+00    6.4584e-03   -3.9462e-02
  263.5    4.7668e+00    5.1701e+00   -7.8014e-02    8.8500e-02
  266.5    4.2593e+00    5.1701e+00   -1.7617e-01    8.1466e-03
  269.5    4.1532e+00    5.1701e+00   -1.9668e-01   -2.2590e-02
  272.5    4.0964e+00    5.1701e+00   -2.0768e-01    5.9928e-02
  275.5    4.1787e+00    5.1701e+00   -1.9176e-01    2.6863e-02
  278.5    4.3762e+00    5.1701e+00   -1.5356e-01    1.5044e-02
  281.5    4.4555e+00    5.1701e+00   -1.3823e-01    1.5985e-02
  284.5    4.6563e+00    5.1701e+00   -9.9379e-02    2.3939e-02
  287.5    4.9306e+00    5.1701e+00   -4.6319e-02   -5.8172e-03
  290.5    5.2482e+00    5.1701e+00    1.5098e-02   -9.7462e-02
  293.5    5.5962e+00    5.1701e+00    8.2416e-02   -6.5997e-02
  296.5    5.9422e+00    5.1701e+00    1.4935e-01   -3.8987e-02
  299.5    6.4407e+00    5.1701e+00    2.4576e-01   -7.6004e-02
  302.5    7.0744e+00    5.1701e+00    3.6833e-01    5.8675e-02
  305.5    7.3476e+00    5.1701e+00    4.2118e-01    5.6816e-02
  308.5    7.4277e+00    5.1701e+00    4.3666e-01   -5.0996e-03
  311.5    7.3654e+00    5.1701e+00    4.2462e-01    1.6127e-01
  314.5    6.8724e+00    5.1701e+00    3.2925e-01    3.9648e-03
  317.5    6.6937e+00    5.1701e+00    2.9469e-01    8.4915e-02
  320.5    6.8022e+00    5.1701e+00    3.1568e-01    6.0295e-03
  323.5    6.9211e+00    5.1701e+00    3.3867e-01   -1.6770e-02
  326.5    7.0072e+00    5.1701e+00    3.5533e-01   -3.9547e-02
  329.5    6.6128e+00    5.1701e+00    2.7904e-01    6.8005e-02
  332.5    5.9210e+00    5.1701e+00    1.4523e-01    3.0911e-02
  335.5    5.4163e+00    5.1701e+00    4.7623e-02   -1.0932e-01
  338.5    4.7169e+00    5.1701e+00   -8.7656e-02   -3.8896e-02
  341.5    4.2870e+00    5.1701e+00   -1.7081e-01    1.5949e-02
  344.5    3.9171e+00    5.1701e+00   -2.4235e-01   -6.8585e-02
  347.5    4.1113e+00    5.1701e+00   -2.0479e-01   -8.3834e-02
  350.5    4.2658e+00    5.1701e+00   -1.7490e-01   -3.9462e-02
  353.5    4.5627e+00    5.1701e+00   -1.1749e-01    8.8500e-02
  356.5    4.8821e+00    5.1701e+00   -5.5709e-02    8.1466e-03
  359.5    5.5466e+00    5.1701e+00    7.2820e-02   -2.2590e-02
   8   120  14.31   33.0    1.0    0.0   ----------------------------
    2.5    4.3239e+00    4.3981e+00   -1.6863e-02    9.9174e-02
    5.5    4.0616e+00    4.3981e+00   -7.6501e-02   -1.3314e-02
    8.5    3.9632e+00    4.3981e+00   -9.8880e-02    3.4060e-02
   11.5    3.9395e+00    4.3981e+00   -1.0427e-01    7.1731e-02
   14.5    4.0832e+00    4.3981e+00   -7.1601e-02   -7.4360e-04
   17.5    4.4577e+00    4.3981e+00    1.3541e-02    4.1892e-02
   20.5    4.7814e+00    4.3981e+00    8.7147e-02    3.2768e-03
   23.5    5.1319e+00    4.3981e+00    1.6684e-01   -1.8577e-02
   26.5    5.3847e+00    4.3981e+00    2.2433e-01   -1.1523e-02
   29.5    5.4414e+00    4.3981e+00    2.3722e-01   -6.1671e-03
   32.5    5.3658e+00    4.3981e+00    2.2004e-01   -6.0570e-02
   35.5    5.2480e+00    4.3981e+00    1.9325e-01    2.8672e-02
   38.5    4.9235e+00    4.3981e+00    1.1946e-01   -2.8455e-02
   41.5    4.5163e+00    4.3981e+00    2.6884e-02    1.1636e-01
   44.5    4.5583e+00    4.3981e+00    3.6421e-02   -9.5204e-03
   47.5    4.5732e+00    4.3981e+00    3.9808e-02   -1.0461e-02
   50.5    4.7342e+00    4.3981e+00    7.6415e-02    9.7370e-02
   53.5    4.5620e+00    4.3981e+00    3.7276e-02   -4.6563e-02
   56.5    4.7031e+00    4.3981e+00    6.9349e-02    3.4832e-03
   59.5    4.7705e+00    4.3981e+00    8.4682e-02   -3.1143e-02
   62.5    4.8824e+00    4.3981e+00    1.1012e-01   -7.8791e-02
   65.5    4.9791e+00    4.3981e+00    1.3210e-01   -1.2084e-01
   68.5    4.8474e+00    4.3981e+00    1.0216e-01    5.4353e-02
   71.5    4.8308e+00    4.3981e+00    9.8379e-02   -1.0033e-01
   74.5    4.6750e+00    4.3981e+00    6.2965e-02   -8.9643e-02
   77.5    4.7878e+00    4.3981e+00    8.8614e-02    3.3389e-02
   80.5    4.6152e+00    4.3981e+00    4.9358e-02   -1.5667e-02
   83.5    4.3729e+00    4.3981e+00   -5.7179e-03   -3.1007e-02
   86.5    3.9595e+00    4.3981e+00   -9.9720e-02    4.3139e-02
   89.5    3.9260e+00    4.3981e+00   -1.0735e-01    7.3551e-02
   92.5    3.9457e+00    4.3981e+00   -1.0285e-01    9.9174e-02
   95.5    4.0082e+00    4.3981e+00   -8.8653e-02   -1.3314e-02
   98.5    4.1690e+00    4.3981e+00   -5.2100e-02    3.4060e-02
  101.5    4.4880e+00    4.3981e+00    2.0453e-02    7.1731e-02
  104.5    4.4716e+00    4.3981e+00    1.6718e-02   -7.4360e-04
  107.5    4.2939e+00    4.3981e+00   -2.3687e-02    4.1892e-02
  110.5    3.9730e+00    4.3981e+00   -9.6651e-02    3.2768e-03
  113.5    3.9597e+00    4.3981e+00   -9.9667e-02   -1.8577e-02
  116.5    3.9157e+00    4.3981e+00   -1.0968e-01   -1.1523e-02
  119.5    4.0146e+00    4.3981e+00   -8.7188e-02   -6.1671e-03
  122.5    4.1364e+00    4.3981e+00   -5.9497e-02   -6.0570e-02
  125.5    4.3278e+00    4.3981e+00   -1.5972e-02    2.8672e-02
  128.5    4.0736e+00    4.3981e+00   -7.3776e-02   -2.8455e-02
  131.5    3.9686e+00    4.3981e+00   -9.7664e-02    1.1636e-01
  134.5    4.4200e+00    4.3981e+00    4.9751e-03   -9.5204e-03
  137.5    4.7334e+00    4.3981e+00    7.6231e-02   -1.0461e-02
  140.5    4.6245e+00    4.3981e+00    5.1483e-02    9.7370e-02
  143.5    4.4076e+00    4.3981e+00    2.1712e-03   -4.6563e-02
  146.5    4.2656e+00    4.3981e+00   -3.0134e-02    3.4832e-03
  149.5    4.1858e+00    4.3981e+00   -4.8266e-02   -3.1143e-02
  152.5    4.0794e+00    4.3981e+00   -7.2457e-02   -7.8791e-02
  155.5    3.9055e+00    4.3981e+00   -1.1201e-01   -1.2084e-01
  158.5    3.7588e+00    4.3981e+00   -1.4535e-01    5.4353e-02
  161.5    3.6641e+00    4.3981e+00   -1.6689e-01   -1.0033e-01
  164.5    3.7009e+00    4.3981e+00   -1.5852e-01   -8.9643e-02
  167.5    3.7966e+00    4.3981e+00   -1.3676e-01    3.3389e-02
  170.5    4.0677e+00    4.3981e+00   -7.5116e-02   -1.5667e-02
  173.5    4.4063e+00    4.3981e+00    1.8597e-03   -3.1007e-02
  176.5    4.5620e+00    4.3981e+00    3.7266e-02    4.3139e-02
  179.5    4.7708e+00    4.3981e+00    8.4737e-02    7.3551e-02
  182.5    4.7073e+00    4.3981e+00    7.0294e-02    9.9174e-02
  185.5    4.4409e+00    4.3981e+00    9.7358e-03   -1.3314e-02
  188.5    4.2446e+00    4.3981e+00   -3.4893e-02    3.4060e-02
  191.5    3.9148e+00    4.3981e+00   -1.0988e-01    7.1731e-02
  194.5    3.8544e+00    4.3981e+00   -1.2361e-01   -7.4360e-04
  197.5    3.6287e+00    4.3981e+00   -1.7494e-01    4.1892e-02
  200.5    3.7936e+00    4.3981e+00   -1.3743e-01    3.2768e-03
  203.5    3.9681e+00    4.3981e+00   -9.7762e-02   -1.8577e-02
  206.5    4.1236e+00    4.3981e+00   -6.2409e-02   -1.1523e-02
  209.5    4.2845e+00    4.3981e+00   -2.5828e-02   -6.1671e-03
  212.5    4.3532e+00    4.3981e+00   -1.0199e-02   -6.0570e-02
  215.5    4.3002e+00    4.3981e+00   -2.2256e-02    2.8672e-02
  218.5    4.4220e+00    4.3981e+00    5.4262e-03   -2.8455e-02
  221.5    4.4070e+00    4.3981e+00    2.0262e-03    1.1636e-01
  224.5    4.5404e+00    4.3981e+00    3.2355e-02   -9.5204e-03
  227.5    4.2163e+00    4.3981e+00   -4.1335e-02   -1.0461e-02
  230.5    4.0650e+00    4.3981e+00   -7.5743e-02    9.7370e-02
  233.5    4.2496e+00    4.3981e+00   -3.3774e-02   -4.6563e-02
  236.5    4.1935e+00    4.3981e+00   -4.6522e-02    3.4832e-03
  239.5    3.8990e+00    4.3981e+00   -1.1347e-01   -3.1143e-02
  242.5    3.8709e+00    4.3981e+00   -1.1986e-01   -7.8791e-02
  245.5    3.8423e+00    4.3981e+00   -1.2638e-01   -1.2084e-01
  248.5    3.9644e+00    4.3981e+00   -9.8621e-02    5.4353e-02
  251.5    4.1185e+00    4.3981e+00   -6.3563e-02   -1.0033e-01
  254.5    4.3212e+00    4.3981e+00   -1.7488e-02   -8.9643e-02
  257.5    4.4585e+00    4.3981e+00    1.3731e-02    3.3389e-02
  260.5    4.2328e+00    4.3981e+00   -3.7586e-02   -1.5667e-02
  263.5    4.1404e+00    4.3981e+00   -5.8603e-02   -3.1007e-02
  266.5    3.8614e+00    4.3981e+00   -1.2204e-01    4.3139e-02
  269.5    3.9158e+00    4.3981e+00   -1.0967e-01    7.3551e-02
  272.5    3.9535e+00    4.3981e+00   -1.0110e-01    9.9174e-02
  275.5    4.0030e+00    4.3981e+00   -8.9824e-02   -1.3314e-02
  278.5    4.5169e+00    4.3981e+00    2.7012e-02    3.4060e-02
  281.5    4.5985e+00    4.3981e+00    4.5572e-02    7.1731e-02
  284.5    4.7591e+00    4.3981e+00    8.2091e-02   -7.4360e-04
  287.5    4.8084e+00    4.3981e+00    9.3299e-02    4.1892e-02
  290.5    4.8278e+00    4.3981e+00    9.7709e-02    3.2769e-03
  293.5    4.9664e+00    4.3981e+00    1.2922e-01   -1.8577e-02
  296.5    4.8793e+00    4.3981e+00    1.0941e-01   -1.1523e-02
  299.5    4.7072e+00    4.3981e+00    7.0284e-02   -6.1671e-03
  302.5    4.5103e+00    4.3981e+00    2.5517e-02   -6.0570e-02
  305.5    4.7075e+00    4.3981e+00    7.0346e-02    2.8672e-02
  308.5    4.7778e+00    4.3981e+00    8.6341e-02   -2.8455e-02
  311.5    4.8037e+00    4.3981e+00    9.2220e-02    1.1636e-01
  314.5    4.6381e+00    4.3981e+00    5.4575e-02   -9.5204e-03
  317.5    4.4687e+00    4.3981e+00    1.6045e-02   -1.0461e-02
  320.5    4.6935e+00    4.3981e+00    6.7156e-02    9.7370e-02
  323.5    4.9958e+00    4.3981e+00    1.3590e-01   -4.6563e-02
  326.5    5.2194e+00    4.3981e+00    1.8674e-01    3.4832e-03
  329.5    5.0707e+00    4.3981e+00    1.5293e-01   -3.1143e-02
  332.5    5.3373e+00    4.3981e+00    2.1356e-01   -7.8791e-02
  335.5    5.1858e+00    4.3981e+00    1.7910e-01   -1.2084e-01
  338.5    4.8277e+00    4.3981e+00    9.7675e-02    5.4353e-02
  341.5    4.4705e+00    4.3981e+00    1.6472e-02   -1.0033e-01
  344.5    4.1834e+00    4.3981e+00   -4.8824e-02   -8.9643e-02
  347.5    4.0917e+00    4.3981e+00   -6.9659e-02    3.3389e-02
  350.5    3.9315e+00    4.3981e+00   -1.0609e-01   -1.5667e-02
  353.5    4.0689e+00    4.3981e+00   -7.4848e-02   -3.1007e-02
  356.5    4.2444e+00    4.3981e+00   -3.4950e-02    4.3139e-02
  359.5    4.6969e+00    4.3981e+00    6.7942e-02    7.3551e-02
   9   120  14.31   36.0    1.0    0.0   ----------------------------
    2.5    4.9521e+00    4.3108e+00    1.4876e-01    7.6999e-02
    5.5    4.7908e+00    4.3108e+00    1.1136e-01    6.2886e-02
    8.5    5.0821e+00    4.3108e+00    1.7893e-01    7.1405e-02
   11.5    5.1643e+00    4.3108e+00    1.9800e-01    4.0207e-02
   14.5    5.2865e+00    4.3108e+00    2.2634e-01    1.9122e-02
   17.5    4.9519e+00    4.3108e+00    1.4872e-01    3.0777e-03
   20.5    4.9443e+00    4.3108e+00    1.4696e-01    3.0164e-03
   23.5    4.9275e+00    4.3108e+00    1.4305e-01   -9.8356e-03
   26.5    4.6931e+00    4.3108e+00    8.8678e-02   -3.4913e-02
   29.5    3.9092e+00    4.3108e+00   -9.3155e-02   -3.2160e-02
   32.5    3.6363e+00    4.3108e+00   -1.5647e-01   -5.9496e-02
   35.5    3.4148e+00    4.3108e+00   -2.0784e-01    5.2432e-03
   38.5    3.3642e+00    4.3108e+00   -2.1958e-01   -1.8051e-02
   41.5    3.3871e+00    4.3108e+00   -2.1427e-01    1.9452e-02
   44.5    3.6505e+00    4.3108e+00   -1.5318e-01   -7.4026e-03
   47.5    3.6179e+00    4.3108e+00   -1.6074e-01    4.3907e-02
   50.5    3.6736e+00    4.3108e+00   -1.4782e-01    1.4283e-02
   53.5    3.3506e+00    4.3108e+00   -2.2275e-01   -6.9374e-02
   56.5    3.3821e+00    4.3108e+00   -2.1544e-01   -4.3068e-02
   59.5    3.3857e+00    4.3108e+00   -2.1460e-01   -1.4651e-01
   62.5    3.7506e+00    4.3108e+00   -1.2996e-01   -1.0294e-01
   65.5    4.1214e+00    4.3108e+00   -4.3936e-02   -6.5096e-02
   68.5    4.2655e+00    4.3108e+00   -1.0507e-02   -5.1851e-02
   71.5    4.5442e+00    4.3108e+00    5.4146e-02   -2.6132e-02
   74.5    5.0963e+00    4.3108e+00    1.8221e-01   -7.7837e-03
   77.5    5.4872e+00    4.3108e+00    2.7291e-01    4.4889e-02
   80.5    5.8966e+00    4.3108e+00    3.6788e-01    6.8088e-02
   83.5    5.3930e+00    4.3108e+00    2.5104e-01    6.9398e-02
   86.5    5.1747e+00    4.3108e+00    2.0040e-01    8.6394e-02
   89.5    5.0866e+00    4.3108e+00    1.7997e-01    8.3109e-02
   92.5    4.8442e+00    4.3108e+00    1.2373e-01    7.6999e-02
   95.5    4.7584e+00    4.3108e+00    1.0383e-01    6.2886e-02
   98.5    4.6965e+00    4.3108e+00    8.9470e-02    7.1405e-02
  101.5    4.9309e+00    4.3108e+00    1.4384e-01    4.0207e-02
  104.5    4.8320e+00    4.3108e+00    1.2091e-01    1.9122e-02
  107.5    4.4032e+00    4.3108e+00    2.1437e-02    3.0777e-03
  110.5    4.0403e+00    4.3108e+00   -6.2741e-02    3.0164e-03
  113.5    3.6803e+00    4.3108e+00   -1.4625e-01   -9.8356e-03
  116.5    3.6259e+00    4.3108e+00   -1.5887e-01   -3.4913e-02
  119.5    3.4818e+00    4.3108e+00   -1.9230e-01   -3.2160e-02
  122.5    3.5755e+00    4.3108e+00   -1.7057e-01   -5.9496e-02
  125.5    3.6414e+00    4.3108e+00   -1.5528e-01    5.2432e-03
  128.5    3.8203e+00    4.3108e+00   -1.1378e-01   -1.8051e-02
  131.5    4.1697e+00    4.3108e+00   -3.2725e-02    1.9452e-02
  134.5    4.5884e+00    4.3108e+00    6.4399e-02   -7.4026e-03
  137.5    4.9458e+00    4.3108e+00    1.4731e-01    4.3907e-02
  140.5    4.7998e+00    4.3108e+00    1.1344e-01    1.4283e-02
  143.5    4.5072e+00    4.3108e+00    4.5572e-02   -6.9374e-02
  146.5    4.2565e+00    4.3108e+00   -1.2587e-02   -4.3068e-02
  149.5    4.0006e+00    4.3108e+00   -7.1948e-02   -1.4651e-01
  152.5    3.8697e+00    4.3108e+00   -1.0232e-01   -1.0294e-01
  155.5    3.7216e+00    4.3108e+00   -1.3669e-01   -6.5096e-02
  158.5    3.4446e+00    4.3108e+00   -2.0093e-01   -5.1851e-02
  161.5    3.3683e+00    4.3108e+00   -2.1863e-01   -2.6132e-02
  164.5    3.6160e+00    4.3108e+00   -1.6117e-01   -7.7837e-03
  167.5    4.1430e+00    4.3108e+00   -3.8922e-02    4.4889e-02
  170.5    4.7789e+00    4.3108e+00    1.0860e-01    6.8088e-02
  173.5    4.9743e+00    4.3108e+00    1.5393e-01    6.9398e-02
  176.5    5.2007e+00    4.3108e+00    2.0644e-01    8.6394e-02
  179.5    5.3766e+00    4.3108e+00    2.4725e-01    8.3109e-02
  182.5    5.2675e+00    4.3108e+00    2.2193e-01    7.6999e-02
  185.5    4.9336e+00    4.3108e+00    1.4447e-01    6.2886e-02
  188.5    4.9490e+00    4.3108e+00    1.4806e-01    7.1405e-02
  191.5    4.5357e+00    4.3108e+00    5.2172e-02    4.0207e-02
  194.5    3.9889e+00    4.3108e+00   -7.4667e-02    1.9122e-02
  197.5    3.4402e+00    4.3108e+00   -2.0196e-01    3.0776e-03
  200.5    3.4004e+00    4.3108e+00   -2.1119e-01    3.0164e-03
  203.5    3.5135e+00    4.3108e+00   -1.8495e-01   -9.8356e-03
  206.5    3.9829e+00    4.3108e+00   -7.6072e-02   -3.4913e-02
  209.5    4.0433e+00    4.3108e+00   -6.2062e-02   -3.2160e-02
  212.5    4.1684e+00    4.3108e+00   -3.3040e-02   -5.9496e-02
  215.5    4.2352e+00    4.3108e+00   -1.7540e-02    5.2432e-03
  218.5    4.5161e+00    4.3108e+00    4.7632e-02   -1.8051e-02
  221.5    4.6450e+00    4.3108e+00    7.7518e-02    1.9452e-02
  224.5    4.6097e+00    4.3108e+00    6.9346e-02   -7.4026e-03
  227.5    4.3033e+00    4.3108e+00   -1.7272e-03    4.3907e-02
  230.5    3.9902e+00    4.3108e+00   -7.4374e-02    1.4283e-02
  233.5    3.6926e+00    4.3108e+00   -1.4341e-01   -6.9374e-02
  236.5    3.5234e+00    4.3108e+00   -1.8265e-01   -4.3068e-02
  239.5    3.4740e+00    4.3108e+00   -1.9412e-01   -1.4651e-01
  242.5    3.6217e+00    4.3108e+00   -1.5985e-01   -1.0294e-01
  245.5    3.5974e+00    4.3108e+00   -1.6549e-01   -6.5096e-02
  248.5    3.7986e+00    4.3108e+00   -1.1882e-01   -5.1851e-02
  251.5    4.1174e+00    4.3108e+00   -4.4855e-02   -2.6132e-02
  254.5    4.5624e+00    4.3108e+00    5.8373e-02   -7.7837e-03
  257.5    4.7007e+00    4.3108e+00    9.0442e-02    4.4889e-02
  260.5    4.6202e+00    4.3108e+00    7.1781e-02    6.8088e-02
  263.5    4.5944e+00    4.3108e+00    6.5796e-02    6.9398e-02
  266.5    4.7784e+00    4.3108e+00    1.0847e-01    8.6394e-02
  269.5    4.9874e+00    4.3108e+00    1.5695e-01    8.3109e-02
  272.5    5.1056e+00    4.3108e+00    1.8437e-01    7.6999e-02
  275.5    5.1647e+00    4.3108e+00    1.9810e-01    6.2886e-02
  278.5    5.7397e+00    4.3108e+00    3.3146e-01    7.1405e-02
  281.5    5.4179e+00    4.3108e+00    2.5683e-01    4.0207e-02
  284.5    4.8677e+00    4.3108e+00    1.2919e-01    1.9122e-02
  287.5    4.5613e+00    4.3108e+00    5.8115e-02    3.0777e-03
  290.5    4.3499e+00    4.3108e+00    9.0781e-03    3.0164e-03
  293.5    4.0937e+00    4.3108e+00   -5.0350e-02   -9.8356e-03
  296.5    4.0238e+00    4.3108e+00   -6.6585e-02   -3.4913e-02
  299.5    3.4794e+00    4.3108e+00   -1.9287e-01   -3.2160e-02
  302.5    3.3828e+00    4.3108e+00   -2.1527e-01   -5.9496e-02
  305.5    3.2899e+00    4.3108e+00   -2.3683e-01    5.2432e-03
  308.5    3.5119e+00    4.3108e+00   -1.8532e-01   -1.8051e-02
  311.5    3.4467e+00    4.3108e+00   -2.0045e-01    1.9452e-02
  314.5    3.4475e+00    4.3108e+00   -2.0027e-01   -7.4026e-03
  317.5    3.2231e+00    4.3108e+00   -2.5233e-01    4.3907e-02
  320.5    3.1695e+00    4.3108e+00   -2.6476e-01    1.4283e-02
  323.5    3.2370e+00    4.3108e+00   -2.4910e-01   -6.9374e-02
  326.5    3.5199e+00    4.3108e+00   -1.8347e-01   -4.3068e-02
  329.5    3.7621e+00    4.3108e+00   -1.2728e-01   -1.4651e-01
  332.5    4.4667e+00    4.3108e+00    3.6159e-02   -1.0294e-01
  335.5    4.9029e+00    4.3108e+00    1.3736e-01   -6.5096e-02
  338.5    4.9460e+00    4.3108e+00    1.4735e-01   -5.1851e-02
  341.5    4.7920e+00    4.3108e+00    1.1163e-01   -2.6132e-02
  344.5    5.0630e+00    4.3108e+00    1.7450e-01   -7.7837e-03
  347.5    5.3803e+00    4.3108e+00    2.4810e-01    4.4889e-02
  350.5    5.1374e+00    4.3108e+00    1.9175e-01    6.8088e-02
  353.5    4.7841e+00    4.3108e+00    1.0980e-01    6.9398e-02
  356.5    4.7434e+00    4.3108e+00    1.0036e-01    8.6394e-02
  359.5    5.2205e+00    4.3108e+00    2.1104e-01    8.3109e-02
  10   120  14.31   39.0    1.0    0.0   ----------------------------
    2.5    5.2776e+00    4.7429e+00    1.1274e-01    1.5040e-01
    5.5    5.4025e+00    4.7429e+00    1.3907e-01    1.1731e-01
    8.5    6.6056e+00    4.7429e+00    3.9273e-01    1.5112e-01
   11.5    6.6695e+00    4.7429e+00    4.0620e-01    9.6057e-02
   14.5    6.1488e+00    4.7429e+00    2.9641e-01    1.0327e-02
   17.5    5.3394e+00    4.7429e+00    1.2576e-01    3.3080e-02
   20.5    5.1151e+00    4.7429e+00    7.8472e-02    3.5195e-02
   23.5    4.8016e+00    4.7429e+00    1.2378e-02   -1.3897e-02
   26.5    4.3514e+00    4.7429e+00   -8.2538e-02   -7.2200e-02
   29.5    3.5824e+00    4.7429e+00   -2.4468e-01   -8.6648e-02
   32.5    3.0988e+00    4.7429e+00   -3.4666e-01   -8.2499e-02
   35.5    3.1844e+00    4.7429e+00   -3.2859e-01   -6.5592e-02
   38.5    3.2989e+00    4.7429e+00   -3.0445e-01   -9.3670e-02
   41.5    3.8635e+00    4.7429e+00   -1.8541e-01   -6.2455e-02
   44.5    4.3832e+00    4.7429e+00   -7.5842e-02    1.6491e-02
   47.5    4.4524e+00    4.7429e+00   -6.1245e-02   -3.5221e-02
   50.5    4.4223e+00    4.7429e+00   -6.7596e-02   -6.9452e-02
   53.5    4.1598e+00    4.7429e+00   -1.2295e-01   -8.0508e-02
   56.5    3.8144e+00    4.7429e+00   -1.9577e-01   -1.1455e-01
   59.5    3.4659e+00    4.7429e+00   -2.6926e-01   -1.5283e-01
   62.5    3.3059e+00    4.7429e+00   -3.0299e-01   -9.1812e-02
   65.5    3.4260e+00    4.7429e+00   -2.7765e-01   -2.8297e-02
   68.5    3.5963e+00    4.7429e+00   -2.4175e-01   -4.0590e-02
   71.5    4.1453e+00    4.7429e+00   -1.2600e-01    1.7504e-02
   74.5    5.2978e+00    4.7429e+00    1.1700e-01   -1.4529e-02
   77.5    6.8676e+00    4.7429e+00    4.4797e-01    5.5620e-02
   80.5    7.4578e+00    4.7429e+00    5.7240e-01    1.0975e-01
   83.5    6.6680e+00    4.7429e+00    4.0589e-01    1.2664e-01
   86.5    6.1505e+00    4.7429e+00    2.9677e-01    1.0457e-01
   89.5    5.9935e+00    4.7429e+00    2.6368e-01    1.1512e-01
   92.5    5.9658e+00    4.7429e+00    2.5783e-01    1.5040e-01
   95.5    5.9419e+00    4.7429e+00    2.5280e-01    1.1731e-01
   98.5    6.0113e+00    4.7429e+00    2.6742e-01    1.5112e-01
  101.5    6.3662e+00    4.7429e+00    3.4226e-01    9.6057e-02
  104.5    5.8517e+00    4.7429e+00    2.3377e-01    1.0327e-02
  107.5    4.5800e+00    4.7429e+00   -3.4344e-02    3.3080e-02
  110.5    3.9833e+00    4.7429e+00   -1.6016e-01    3.5195e-02
  113.5    3.4058e+00    4.7429e+00   -2.8191e-01   -1.3897e-02
  116.5    3.2625e+00    4.7429e+00   -3.1214e-01   -7.2200e-02
  119.5    3.1346e+00    4.7429e+00   -3.3911e-01   -8.6648e-02
  122.5    3.2806e+00    4.7429e+00   -3.0832e-01   -8.2499e-02
  125.5    3.7494e+00    4.7429e+00   -2.0948e-01   -6.5592e-02
  128.5    4.0448e+00    4.7429e+00   -1.4720e-01   -9.3670e-02
  131.5    4.5558e+00    4.7429e+00   -3.9448e-02   -6.2455e-02
  134.5    5.2216e+00    4.7429e+00    1.0092e-01    1.6491e-02
  137.5    5.4150e+00    4.7429e+00    1.4170e-01   -3.5221e-02
  140.5    5.2483e+00    4.7429e+00    1.0655e-01   -6.9452e-02
  143.5    4.9131e+00    4.7429e+00    3.5890e-02   -8.0508e-02
  146.5    4.3677e+00    4.7429e+00   -7.9121e-02   -1.1455e-01
  149.5    4.0047e+00    4.7429e+00   -1.5564e-01   -1.5283e-01
  152.5    3.5827e+00    4.7429e+00   -2.4462e-01   -9.1812e-02
  155.5    3.5276e+00    4.7429e+00   -2.5623e-01   -2.8297e-02
  158.5    3.4089e+00    4.7429e+00   -2.8126e-01   -4.0590e-02
  161.5    3.4006e+00    4.7429e+00   -2.8302e-01    1.7504e-02
  164.5    4.1135e+00    4.7429e+00   -1.3270e-01   -1.4529e-02
  167.5    5.3272e+00    4.7429e+00    1.2319e-01    5.5620e-02
  170.5    6.2651e+00    4.7429e+00    3.2095e-01    1.0975e-01
  173.5    6.2093e+00    4.7429e+00    3.0918e-01    1.2664e-01
  176.5    5.7468e+00    4.7429e+00    2.1165e-01    1.0457e-01
  179.5    5.9046e+00    4.7429e+00    2.4492e-01    1.1512e-01
  182.5    5.7348e+00    4.7429e+00    2.0914e-01    1.5040e-01
  185.5    5.7257e+00    4.7429e+00    2.0721e-01    1.1731e-01
  188.5    6.4201e+00    4.7429e+00    3.5362e-01    1.5112e-01
  191.5    5.8252e+00    4.7429e+00    2.2819e-01    9.6057e-02
  194.5    4.7206e+00    4.7429e+00   -4.6954e-03    1.0327e-02
  197.5    3.5932e+00    4.7429e+00   -2.4240e-01    3.3080e-02
  200.5    3.3096e+00    4.7429e+00   -3.0219e-01    3.5195e-02
  203.5    3.3127e+00    4.7429e+00   -3.0155e-01   -1.3897e-02
  206.5    3.5940e+00    4.7429e+00   -2.4224e-01   -7.2200e-02
  209.5    3.7443e+00    4.7429e+00   -2.1056e-01   -8.6648e-02
  212.5    4.2356e+00    4.7429e+00   -1.0695e-01   -8.2499e-02
  215.5    4.8073e+00    4.7429e+00    1.3581e-02   -6.5592e-02
  218.5    5.1227e+00    4.7429e+00    8.0072e-02   -9.3670e-02
  221.5    5.3743e+00    4.7429e+00    1.3313e-01   -6.2455e-02
  224.5    5.4869e+00    4.7429e+00    1.5687e-01    1.6491e-02
  227.5    5.0851e+00    4.7429e+00    7.2152e-02   -3.5221e-02
  230.5    4.4815e+00    4.7429e+00   -5.5112e-02   -6.9452e-02
  233.5    3.9250e+00    4.7429e+00   -1.7244e-01   -8.0508e-02
  236.5    3.3526e+00    4.7429e+00   -2.9314e-01   -1.1455e-01
  239.5    3.0987e+00    4.7429e+00   -3.4668e-01   -1.5283e-01
  242.5    3.2233e+00    4.7429e+00   -3.2040e-01   -9.1812e-02
  245.5    3.2726e+00    4.7429e+00   -3.1001e-01   -2.8297e-02
  248.5    3.6165e+00    4.7429e+00   -2.3750e-01   -4.0590e-02
  251.5    4.1000e+00    4.7429e+00   -1.3555e-01    1.7504e-02
  254.5    5.3372e+00    4.7429e+00    1.2529e-01   -1.4529e-02
  257.5    6.0153e+00    4.7429e+00    2.6828e-01    5.5620e-02
  260.5    6.1479e+00    4.7429e+00    2.9622e-01    1.0975e-01
  263.5    5.9703e+00    4.7429e+00    2.5879e-01    1.2664e-01
  266.5    5.8179e+00    4.7429e+00    2.2666e-01    1.0457e-01
  269.5    6.1040e+00    4.7429e+00    2.8696e-01    1.1512e-01
  272.5    5.9765e+00    4.7429e+00    2.6009e-01    1.5040e-01
  275.5    6.4980e+00    4.7429e+00    3.7005e-01    1.1731e-01
  278.5    7.1993e+00    4.7429e+00    5.1792e-01    1.5112e-01
  281.5    6.5923e+00    4.7429e+00    3.8992e-01    9.6057e-02
  284.5    5.3232e+00    4.7429e+00    1.2234e-01    1.0327e-02
  287.5    4.2624e+00    4.7429e+00   -1.0132e-01    3.3080e-02
  290.5    3.7768e+00    4.7429e+00   -2.0370e-01    3.5195e-02
  293.5    3.4411e+00    4.7429e+00   -2.7448e-01   -1.3897e-02
  296.5    3.1285e+00    4.7429e+00   -3.4038e-01   -7.2200e-02
  299.5    3.1500e+00    4.7429e+00   -3.3585e-01   -8.6648e-02
  302.5    3.5214e+00    4.7429e+00   -2.5754e-01   -8.2499e-02
  305.5    4.0666e+00    4.7429e+00   -1.4260e-01   -6.5592e-02
  308.5    4.4702e+00    4.7429e+00   -5.7494e-02   -9.3670e-02
  311.5    4.6801e+00    4.7429e+00   -1.3242e-02   -6.2455e-02
  314.5    4.6925e+00    4.7429e+00   -1.0628e-02    1.6491e-02
  317.5    4.1235e+00    4.7429e+00   -1.3059e-01   -3.5221e-02
  320.5    3.7285e+00    4.7429e+00   -2.1388e-01   -6.9452e-02
  323.5    3.4753e+00    4.7429e+00   -2.6726e-01   -8.0508e-02
  326.5    3.1063e+00    4.7429e+00   -3.4506e-01   -1.1455e-01
  329.5    3.2955e+00    4.7429e+00   -3.0518e-01   -1.5283e-01
  332.5    4.1414e+00    4.7429e+00   -1.2683e-01   -9.1812e-02
  335.5    4.7285e+00    4.7429e+00   -3.0438e-03   -2.8297e-02
  338.5    5.1991e+00    4.7429e+00    9.6189e-02   -4.0590e-02
  341.5    5.1356e+00    4.7429e+00    8.2804e-02    1.7504e-02
  344.5    5.7349e+00    4.7429e+00    2.0916e-01   -1.4529e-02
  347.5    6.8496e+00    4.7429e+00    4.4418e-01    5.5620e-02
  350.5    6.7003e+00    4.7429e+00    4.1271e-01    1.0975e-01
  353.5    5.6352e+00    4.7429e+00    1.8814e-01    1.2664e-01
  356.5    5.1717e+00    4.7429e+00    9.0404e-02    1.0457e-01
  359.5    5.6538e+00    4.7429e+00    1.9206e-01    1.1512e-01
  11   120  14.31   42.0    1.0    0.0   ----------------------------
    2.5    5.5479e+00    5.0105e+00    1.0727e-01    1.8026e-01
    5.5    6.1964e+00    5.0105e+00    2.3670e-01    2.0526e-01
    8.5    7.1875e+00    5.0105e+00    4.3449e-01    1.5183e-01
   11.5    7.2222e+00    5.0105e+00    4.4143e-01    1.0477e-01
   14.5    6.0365e+00    5.0105e+00    2.0477e-01   -5.7013e-03
   17.5    5.1891e+00    5.0105e+00    3.5643e-02   -4.5311e-03
   20.5    5.5197e+00    5.0105e+00    1.0163e-01   -2.4450e-02
   23.5    5.1826e+00    5.0105e+00    3.4355e-02   -2.9532e-02
   26.5    4.2390e+00    5.0105e+00   -1.5398e-01   -5.8527e-02
   29.5    3.3428e+00    5.0105e+00   -3.3284e-01   -1.0132e-01
   32.5    3.0811e+00    5.0105e+00   -3.8507e-01   -7.3122e-02
   35.5    3.4278e+00    5.0105e+00   -3.1587e-01   -5.6998e-02
   38.5    4.1576e+00    5.0105e+00   -1.7022e-01   -1.2079e-01
   41.5    4.6858e+00    5.0105e+00   -6.4801e-02   -7.2231e-02
   44.5    5.3299e+00    5.0105e+00    6.3759e-02   -1.9421e-02
   47.5    5.6145e+00    5.0105e+00    1.2055e-01    1.9894e-03
   50.5    5.3361e+00    5.0105e+00    6.4991e-02   -8.6401e-02
   53.5    4.9303e+00    5.0105e+00   -1.6000e-02   -1.2214e-01
   56.5    4.1024e+00    5.0105e+00   -1.8124e-01   -1.5500e-01
   59.5    3.4278e+00    5.0105e+00   -3.1588e-01   -1.1270e-01
   62.5    3.3136e+00    5.0105e+00   -3.3866e-01   -8.1019e-02
   65.5    3.8580e+00    5.0105e+00   -2.3001e-01   -8.2089e-02
   68.5    4.0635e+00    5.0105e+00   -1.8900e-01   -7.8676e-03
   71.5    4.2410e+00    5.0105e+00   -1.5358e-01    1.1752e-02
   74.5    5.0065e+00    5.0105e+00   -8.0037e-04    3.6564e-03
   77.5    6.8488e+00    5.0105e+00    3.6689e-01    1.6933e-02
   80.5    8.2985e+00    5.0105e+00    6.5624e-01    9.1913e-02
   83.5    7.9305e+00    5.0105e+00    5.8278e-01    1.9697e-01
   86.5    6.6923e+00    5.0105e+00    3.3567e-01    2.0457e-01
   89.5    6.2106e+00    5.0105e+00    2.3953e-01    1.4549e-01
   92.5    5.9852e+00    5.0105e+00    1.9454e-01    1.8026e-01
   95.5    6.2287e+00    5.0105e+00    2.4313e-01    2.0526e-01
   98.5    6.2874e+00    5.0105e+00    2.5484e-01    1.5183e-01
  101.5    6.3900e+00    5.0105e+00    2.7533e-01    1.0477e-01
  104.5    5.4869e+00    5.0105e+00    9.5089e-02   -5.7012e-03
  107.5    4.4738e+00    5.0105e+00   -1.0710e-01   -4.5311e-03
  110.5    3.9905e+00    5.0105e+00   -2.0356e-01   -2.4450e-02
  113.5    3.6612e+00    5.0105e+00   -2.6929e-01   -2.9532e-02
  116.5    3.1555e+00    5.0105e+00   -3.7022e-01   -5.8527e-02
  119.5    2.8547e+00    5.0105e+00   -4.3025e-01   -1.0132e-01
  122.5    2.9374e+00    5.0105e+00   -4.1374e-01   -7.3122e-02
  125.5    3.4939e+00    5.0105e+00   -3.0268e-01   -5.6998e-02
  128.5    4.3139e+00    5.0105e+00   -1.3902e-01   -1.2079e-01
  131.5    4.8159e+00    5.0105e+00   -3.8835e-02   -7.2231e-02
  134.5    5.2498e+00    5.0105e+00    4.7769e-02   -1.9421e-02
  137.5    5.3659e+00    5.0105e+00    7.0939e-02    1.9894e-03
  140.5    5.2063e+00    5.0105e+00    3.9081e-02   -8.6401e-02
  143.5    4.7440e+00    5.0105e+00   -5.3176e-02   -1.2214e-01
  146.5    4.0347e+00    5.0105e+00   -1.9475e-01   -1.5500e-01
  149.5    3.3756e+00    5.0105e+00   -3.2629e-01   -1.1270e-01
  152.5    3.2555e+00    5.0105e+00   -3.5026e-01   -8.1019e-02
  155.5    3.3691e+00    5.0105e+00   -3.2759e-01   -8.2089e-02
  158.5    3.5556e+00    5.0105e+00   -2.9037e-01   -7.8675e-03
  161.5    3.4591e+00    5.0105e+00   -3.0962e-01    1.1752e-02
  164.5    3.9033e+00    5.0105e+00   -2.2096e-01    3.6564e-03
  167.5    5.4313e+00    5.0105e+00    8.3984e-02    1.6933e-02
  170.5    6.7832e+00    5.0105e+00    3.5381e-01    9.1913e-02
  173.5    7.0083e+00    5.0105e+00    3.9874e-01    1.9697e-01
  176.5    6.4075e+00    5.0105e+00    2.7883e-01    2.0457e-01
  179.5    6.3897e+00    5.0105e+00    2.7527e-01    1.4549e-01
  182.5    6.1756e+00    5.0105e+00    2.3253e-01    1.8026e-01
  185.5    6.4300e+00    5.0105e+00    2.8331e-01    2.0526e-01
  188.5    7.2627e+00    5.0105e+00    4.4951e-01    1.5183e-01
  191.5    6.4535e+00    5.0105e+00    2.8800e-01    1.0477e-01
  194.5    4.5794e+00    5.0105e+00   -8.6033e-02   -5.7012e-03
  197.5    3.5436e+00    5.0105e+00   -2.9275e-01   -4.5311e-03
  200.5    3.5155e+00    5.0105e+00   -2.9837e-01   -2.4450e-02
  203.5    3.5423e+00    5.0105e+00   -2.9302e-01   -2.9532e-02
  206.5    3.3518e+00    5.0105e+00   -3.3104e-01   -5.8527e-02
  209.5    3.3595e+00    5.0105e+00   -3.2951e-01   -1.0132e-01
  212.5    3.7665e+00    5.0105e+00   -2.4827e-01   -7.3122e-02
  215.5    4.5595e+00    5.0105e+00   -9.0000e-02   -5.6998e-02
  218.5    5.1385e+00    5.0105e+00    2.5548e-02   -1.2079e-01
  221.5    5.1588e+00    5.0105e+00    2.9601e-02   -7.2231e-02
  224.5    5.2076e+00    5.0105e+00    3.9336e-02   -1.9421e-02
  227.5    4.9767e+00    5.0105e+00   -6.7412e-03    1.9894e-03
  230.5    4.4482e+00    5.0105e+00   -1.1222e-01   -8.6401e-02
  233.5    3.7717e+00    5.0105e+00   -2.4723e-01   -1.2214e-01
  236.5    3.0233e+00    5.0105e+00   -3.9661e-01   -1.5500e-01
  239.5    2.6443e+00    5.0105e+00   -4.7224e-01   -1.1270e-01
  242.5    2.8523e+00    5.0105e+00   -4.3073e-01   -8.1019e-02
  245.5    3.3267e+00    5.0105e+00   -3.3605e-01   -8.2089e-02
  248.5    3.8390e+00    5.0105e+00   -2.3381e-01   -7.8676e-03
  251.5    4.0473e+00    5.0105e+00   -1.9224e-01    1.1752e-02
  254.5    4.8998e+00    5.0105e+00   -2.2084e-02    3.6564e-03
  257.5    6.0327e+00    5.0105e+00    2.0401e-01    1.6933e-02
  260.5    6.3343e+00    5.0105e+00    2.6422e-01    9.1913e-02
  263.5    5.9798e+00    5.0105e+00    1.9347e-01    1.9697e-01
  266.5    5.9528e+00    5.0105e+00    1.8807e-01    2.0457e-01
  269.5    6.4205e+00    5.0105e+00    2.8143e-01    1.4549e-01
  272.5    6.5439e+00    5.0105e+00    3.0605e-01    1.8026e-01
  275.5    7.5575e+00    5.0105e+00    5.0834e-01    2.0526e-01
  278.5    7.9484e+00    5.0105e+00    5.8637e-01    1.5183e-01
  281.5    7.0892e+00    5.0105e+00    4.1488e-01    1.0477e-01
  284.5    5.3400e+00    5.0105e+00    6.5774e-02   -5.7013e-03
  287.5    4.6470e+00    5.0105e+00   -7.2538e-02   -4.5311e-03
  290.5    4.3312e+00    5.0105e+00   -1.3558e-01   -2.4450e-02
  293.5    4.1939e+00    5.0105e+00   -1.6298e-01   -2.9532e-02
  296.5    3.2962e+00    5.0105e+00   -3.4214e-01   -5.8527e-02
  299.5    3.4105e+00    5.0105e+00   -3.1932e-01   -1.0132e-01
  302.5    4.2828e+00    5.0105e+00   -1.4523e-01   -7.3122e-02
  305.5    5.5137e+00    5.0105e+00    1.0043e-01   -5.6998e-02
  308.5    6.2088e+00    5.0105e+00    2.3916e-01   -1.2079e-01
  311.5    7.0086e+00    5.0105e+00    3.9879e-01   -7.2231e-02
  314.5    6.6593e+00    5.0105e+00    3.2908e-01   -1.9421e-02
  317.5    5.6800e+00    5.0105e+00    1.3362e-01    1.9894e-03
  320.5    5.0884e+00    5.0105e+00    1.5562e-02   -8.6401e-02
  323.5    4.2925e+00    5.0105e+00   -1.4329e-01   -1.2214e-01
  326.5    3.6933e+00    5.0105e+00   -2.6288e-01   -1.5500e-01
  329.5    3.1982e+00    5.0105e+00   -3.6169e-01   -1.1270e-01
  332.5    3.6778e+00    5.0105e+00   -2.6598e-01   -8.1019e-02
  335.5    4.8991e+00    5.0105e+00   -2.2222e-02   -8.2089e-02
  338.5    5.7628e+00    5.0105e+00    1.5016e-01   -7.8676e-03
  341.5    5.4315e+00    5.0105e+00    8.4035e-02    1.1752e-02
  344.5    5.7041e+00    5.0105e+00    1.3844e-01    3.6564e-03
  347.5    6.9887e+00    5.0105e+00    3.9482e-01    1.6933e-02
  350.5    7.3328e+00    5.0105e+00    4.6349e-01    9.1913e-02
  353.5    6.3759e+00    5.0105e+00    2.7252e-01    1.9697e-01
  356.5    5.3324e+00    5.0105e+00    6.4256e-02    2.0457e-01
  359.5    5.3392e+00    5.0105e+00    6.5611e-02    1.4549e-01
  12   120  14.31   45.0    1.0    0.0   ----------------------------
    2.5    5.5187e+00    4.9875e+00    1.0652e-01    8.4700e-02
    5.5    6.0794e+00    4.9875e+00    2.1894e-01    7.2390e-02
    8.5    6.0250e+00    4.9875e+00    2.0802e-01    8.3732e-02
   11.5    5.4707e+00    4.9875e+00    9.6887e-02    3.9382e-02
   14.5    4.7382e+00    4.9875e+00   -4.9988e-02   -6.1698e-02
   17.5    4.8764e+00    4.9875e+00   -2.2270e-02    1.1037e-02
   20.5    5.6336e+00    4.9875e+00    1.2955e-01   -9.3266e-02
   23.5    5.2588e+00    4.9875e+00    5.4401e-02   -3.3159e-02
   26.5    4.3463e+00    4.9875e+00   -1.2856e-01    1.2581e-02
   29.5    3.5603e+00    4.9875e+00   -2.8615e-01    4.1912e-03
   32.5    3.5007e+00    4.9875e+00   -2.9810e-01   -2.9151e-02
   35.5    3.5460e+00    4.9875e+00   -2.8902e-01   -4.1060e-03
   38.5    3.9844e+00    4.9875e+00   -2.0111e-01   -2.0366e-02
   41.5    5.0838e+00    4.9875e+00    1.9315e-02    3.0619e-02
   44.5    6.1045e+00    4.9875e+00    2.2396e-01    6.0360e-02
   47.5    6.4883e+00    4.9875e+00    3.0091e-01   -1.7437e-02
   50.5    5.8441e+00    4.9875e+00    1.7175e-01    4.1083e-03
   53.5    4.9840e+00    4.9875e+00   -7.0262e-04   -5.3429e-02
   56.5    4.5256e+00    4.9875e+00   -9.2611e-02   -6.3840e-02
   59.5    3.9980e+00    4.9875e+00   -1.9840e-01   -1.4297e-02
   62.5    4.2330e+00    4.9875e+00   -1.5128e-01   -2.0321e-02
   65.5    4.5744e+00    4.9875e+00   -8.2815e-02   -5.2695e-02
   68.5    4.8858e+00    4.9875e+00   -2.0384e-02   -5.9318e-02
   71.5    4.3853e+00    4.9875e+00   -1.2073e-01   -7.8641e-02
   74.5    4.3642e+00    4.9875e+00   -1.2496e-01   -6.0182e-02
   77.5    5.6180e+00    4.9875e+00    1.2643e-01    2.0680e-03
   80.5    6.8792e+00    4.9875e+00    3.7930e-01    3.7659e-02
   83.5    7.4003e+00    4.9875e+00    4.8378e-01    8.8735e-02
   86.5    6.6858e+00    4.9875e+00    3.4052e-01    1.0348e-01
   89.5    5.9426e+00    4.9875e+00    1.9151e-01    1.1685e-01
   92.5    5.7697e+00    4.9875e+00    1.5683e-01    8.4700e-02
   95.5    5.8005e+00    4.9875e+00    1.6302e-01    7.2390e-02
   98.5    5.6369e+00    4.9875e+00    1.3020e-01    8.3732e-02
  101.5    5.0931e+00    4.9875e+00    2.1185e-02    3.9382e-02
  104.5    4.5547e+00    4.9875e+00   -8.6772e-02   -6.1698e-02
  107.5    4.3606e+00    4.9875e+00   -1.2570e-01    1.1037e-02
  110.5    4.5375e+00    4.9875e+00   -9.0229e-02   -9.3266e-02
  113.5    4.4037e+00    4.9875e+00   -1.1705e-01   -3.3159e-02
  116.5    3.7651e+00    4.9875e+00   -2.4509e-01    1.2581e-02
  119.5    3.0530e+00    4.9875e+00   -3.8787e-01    4.1912e-03
  122.5    2.9782e+00    4.9875e+00   -4.0286e-01   -2.9151e-02
  125.5    3.3604e+00    4.9875e+00   -3.2623e-01   -4.1060e-03
  128.5    4.0345e+00    4.9875e+00   -1.9108e-01   -2.0366e-02
  131.5    4.9111e+00    4.9875e+00   -1.5307e-02    3.0619e-02
  134.5    5.7224e+00    4.9875e+00    1.4736e-01    6.0360e-02
  137.5    5.6275e+00    4.9875e+00    1.2833e-01   -1.7437e-02
  140.5    4.9866e+00    4.9875e+00   -1.8555e-04    4.1083e-03
  143.5    4.3493e+00    4.9875e+00   -1.2796e-01   -5.3429e-02
  146.5    3.7077e+00    4.9875e+00   -2.5660e-01   -6.3840e-02
  149.5    3.1982e+00    4.9875e+00   -3.5876e-01   -1.4297e-02
  152.5    3.5579e+00    4.9875e+00   -2.8664e-01   -2.0321e-02
  155.5    4.0701e+00    4.9875e+00   -1.8393e-01   -5.2695e-02
  158.5    4.2663e+00    4.9875e+00   -1.4460e-01   -5.9318e-02
  161.5    3.8938e+00    4.9875e+00   -2.1929e-01   -7.8641e-02
  164.5    3.7281e+00    4.9875e+00   -2.5250e-01   -6.0182e-02
  167.5    4.6563e+00    4.9875e+00   -6.6401e-02    2.0680e-03
  170.5    6.0395e+00    4.9875e+00    2.1094e-01    3.7659e-02
  173.5    6.6472e+00    4.9875e+00    3.3277e-01    8.8735e-02
  176.5    5.9823e+00    4.9875e+00    1.9946e-01    1.0348e-01
  179.5    5.7595e+00    4.9875e+00    1.5478e-01    1.1685e-01
  182.5    5.5552e+00    4.9875e+00    1.1384e-01    8.4700e-02
  185.5    6.0619e+00    4.9875e+00    2.1541e-01    7.2390e-02
  188.5    6.3980e+00    4.9875e+00    2.8281e-01    8.3732e-02
  191.5    5.5117e+00    4.9875e+00    1.0510e-01    3.9382e-02
  194.5    4.1117e+00    4.9875e+00   -1.7559e-01   -6.1698e-02
  197.5    3.6877e+00    4.9875e+00   -2.6060e-01    1.1037e-02
  200.5    4.2206e+00    4.9875e+00   -1.5377e-01   -9.3266e-02
  203.5    4.1874e+00    4.9875e+00   -1.6042e-01   -3.3159e-02
  206.5    3.7290e+00    4.9875e+00   -2.5232e-01    1.2581e-02
  209.5    3.2470e+00    4.9875e+00   -3.4897e-01    4.1912e-03
  212.5    3.4807e+00    4.9875e+00   -3.0212e-01   -2.9151e-02
  215.5    4.2104e+00    4.9875e+00   -1.5580e-01   -4.1060e-03
  218.5    4.9966e+00    4.9875e+00    1.8246e-03   -2.0366e-02
  221.5    5.5418e+00    4.9875e+00    1.1115e-01    3.0619e-02
  224.5    5.8661e+00    4.9875e+00    1.7617e-01    6.0360e-02
  227.5    5.3960e+00    4.9875e+00    8.1905e-02   -1.7437e-02
  230.5    4.6356e+00    4.9875e+00   -7.0553e-02    4.1083e-03
  233.5    3.6368e+00    4.9875e+00   -2.7082e-01   -5.3429e-02
  236.5    3.0347e+00    4.9875e+00   -3.9153e-01   -6.3840e-02
  239.5    2.7800e+00    4.9875e+00   -4.4260e-01   -1.4297e-02
  242.5    3.3426e+00    4.9875e+00   -3.2980e-01   -2.0321e-02
  245.5    4.1121e+00    4.9875e+00   -1.7552e-01   -5.2695e-02
  248.5    4.5290e+00    4.9875e+00   -9.1931e-02   -5.9318e-02
  251.5    4.1927e+00    4.9875e+00   -1.5936e-01   -7.8641e-02
  254.5    4.4213e+00    4.9875e+00   -1.1351e-01   -6.0182e-02
  257.5    5.0131e+00    4.9875e+00    5.1432e-03    2.0680e-03
  260.5    5.6587e+00    4.9875e+00    1.3458e-01    3.7659e-02
  263.5    5.5885e+00    4.9875e+00    1.2051e-01    8.8735e-02
  266.5    5.4982e+00    4.9875e+00    1.0241e-01    1.0348e-01
  269.5    6.0282e+00    4.9875e+00    2.0866e-01    1.1685e-01
  272.5    6.4146e+00    4.9875e+00    2.8614e-01    8.4700e-02
  275.5    7.6768e+00    4.9875e+00    5.3922e-01    7.2390e-02
  278.5    7.1465e+00    4.9875e+00    4.3290e-01    8.3732e-02
  281.5    6.1339e+00    4.9875e+00    2.2986e-01    3.9382e-02
  284.5    4.8794e+00    4.9875e+00   -2.1670e-02   -6.1698e-02
  287.5    4.6800e+00    4.9875e+00   -6.1660e-02    1.1037e-02
  290.5    5.1090e+00    4.9875e+00    2.4359e-02   -9.3266e-02
  293.5    4.8336e+00    4.9875e+00   -3.0857e-02   -3.3159e-02
  296.5    3.8914e+00    4.9875e+00   -2.1977e-01    1.2581e-02
  299.5    4.2489e+00    4.9875e+00   -1.4810e-01    4.1912e-03
  302.5    4.8902e+00    4.9875e+00   -1.9507e-02   -2.9151e-02
  305.5    6.1375e+00    4.9875e+00    2.3057e-01   -4.1060e-03
  308.5    6.5495e+00    4.9875e+00    3.1318e-01   -2.0366e-02
  311.5    7.8527e+00    4.9875e+00    5.7448e-01    3.0619e-02
  314.5    8.4927e+00    4.9875e+00    7.0280e-01    6.0360e-02
  317.5    6.9527e+00    4.9875e+00    3.9402e-01   -1.7437e-02
  320.5    5.7842e+00    4.9875e+00    1.5974e-01    4.1083e-03
  323.5    4.8026e+00    4.9875e+00   -3.7075e-02   -5.3429e-02
  326.5    4.4142e+00    4.9875e+00   -1.1493e-01   -6.3840e-02
  329.5    3.6893e+00    4.9875e+00   -2.6029e-01   -1.4297e-02
  332.5    3.5431e+00    4.9875e+00   -2.8961e-01   -2.0321e-02
  335.5    4.5637e+00    4.9875e+00   -8.4960e-02   -5.2695e-02
  338.5    5.5096e+00    4.9875e+00    1.0468e-01   -5.9318e-02
  341.5    5.2739e+00    4.9875e+00    5.7427e-02   -7.8641e-02
  344.5    4.8042e+00    4.9875e+00   -3.6755e-02   -6.0182e-02
  347.5    5.4630e+00    4.9875e+00    9.5339e-02    2.0680e-03
  350.5    6.1626e+00    4.9875e+00    2.3562e-01    3.7659e-02
  353.5    6.1872e+00    4.9875e+00    2.4055e-01    8.8735e-02
  356.5    5.3463e+00    4.9875e+00    7.1935e-02    1.0348e-01
  359.5    5.4043e+00    4.9875e+00    8.3573e-02    1.1685e-01
  13   120  14.31   48.0    1.0    0.0   ----------------------------
    2.5    4.9524e+00    4.4317e+00    1.1751e-01   -3.9698e-02
    5.5    5.0968e+00    4.4317e+00    1.5009e-01   -3.5529e-03
    8.5    4.8423e+00    4.4317e+00    9.2656e-02    2.8188e-02
   11.5    3.8553e+00    4.4317e+00   -1.3005e-01    8.3684e-03
   14.5    4.0432e+00    4.4317e+00   -8.7653e-02   -3.5841e-02
   17.5    4.6329e+00    4.4317e+00    4.5416e-02   -5.3280e-03
   20.5    4.5782e+00    4.4317e+00    3.3066e-02   -8.6133e-02
   23.5    4.2773e+00    4.4317e+00   -3.4825e-02   -3.1261e-02
   26.5    3.6240e+00    4.4317e+00   -1.8225e-01    1.2988e-02
   29.5    3.0885e+00    4.4317e+00   -3.0309e-01    3.2308e-02
   32.5    2.9616e+00    4.4317e+00   -3.3172e-01    2.3107e-02
   35.5    3.3886e+00    4.4317e+00   -2.3537e-01    5.4326e-03
   38.5    4.6131e+00    4.4317e+00    4.0946e-02    2.0849e-02
   41.5    6.2385e+00    4.4317e+00    4.0770e-01    5.9482e-02
   44.5    7.4548e+00    4.4317e+00    6.8217e-01    1.6664e-01
   47.5    7.2860e+00    4.4317e+00    6.4407e-01    1.6650e-01
   50.5    5.6770e+00    4.4317e+00    2.8102e-01    5.9374e-02
   53.5    4.3774e+00    4.4317e+00   -1.2253e-02    7.5313e-03
   56.5    3.7135e+00    4.4317e+00   -1.6205e-01   -6.7460e-03
   59.5    3.4891e+00    4.4317e+00   -2.1268e-01    9.1407e-03
   62.5    3.7827e+00    4.4317e+00   -1.4644e-01   -1.6820e-02
   65.5    4.2330e+00    4.4317e+00   -4.4831e-02   -7.7879e-02
   68.5    4.2396e+00    4.4317e+00   -4.3329e-02   -6.3840e-02
   71.5    3.6993e+00    4.4317e+00   -1.6526e-01   -1.2131e-02
   74.5    3.7798e+00    4.4317e+00   -1.4710e-01   -7.6707e-02
   77.5    4.1185e+00    4.4317e+00   -7.0658e-02   -3.9675e-02
   80.5    4.7948e+00    4.4317e+00    8.1951e-02   -3.6723e-02
   83.5    5.1818e+00    4.4317e+00    1.6926e-01   -6.1370e-04
   86.5    5.0683e+00    4.4317e+00    1.4365e-01   -1.2565e-02
   89.5    4.9076e+00    4.4317e+00    1.0739e-01    3.8466e-02
   92.5    4.9344e+00    4.4317e+00    1.1343e-01   -3.9698e-02
   95.5    4.7831e+00    4.4317e+00    7.9290e-02   -3.5529e-03
   98.5    4.1919e+00    4.4317e+00   -5.4096e-02    2.8188e-02
  101.5    3.4776e+00    4.4317e+00   -2.1529e-01    8.3684e-03
  104.5    3.5528e+00    4.4317e+00   -1.9832e-01   -3.5841e-02
  107.5    3.9261e+00    4.4317e+00   -1.1407e-01   -5.3280e-03
  110.5    3.9425e+00    4.4317e+00   -1.1038e-01   -8.6134e-02
  113.5    3.8763e+00    4.4317e+00   -1.2532e-01   -3.1261e-02
  116.5    3.5617e+00    4.4317e+00   -1.9632e-01    1.2988e-02
  119.5    3.0853e+00    4.4317e+00   -3.0381e-01    3.2308e-02
  122.5    3.1921e+00    4.4317e+00   -2.7970e-01    2.3107e-02
  125.5    3.7287e+00    4.4317e+00   -1.5862e-01    5.4326e-03
  128.5    4.6636e+00    4.4317e+00    5.2328e-02    2.0849e-02
  131.5    6.0021e+00    4.4317e+00    3.5437e-01    5.9482e-02
  134.5    7.1852e+00    4.4317e+00    6.2133e-01    1.6664e-01
  137.5    6.9437e+00    4.4317e+00    5.6684e-01    1.6650e-01
  140.5    5.6708e+00    4.4317e+00    2.7960e-01    5.9374e-02
  143.5    4.5334e+00    4.4317e+00    2.2953e-02    7.5313e-03
  146.5    3.5380e+00    4.4317e+00   -2.0164e-01   -6.7460e-03
  149.5    3.1418e+00    4.4317e+00   -2.9105e-01    9.1407e-03
  152.5    3.3303e+00    4.4317e+00   -2.4852e-01   -1.6820e-02
  155.5    3.6539e+00    4.4317e+00   -1.7550e-01   -7.7879e-02
  158.5    3.8008e+00    4.4317e+00   -1.4235e-01   -6.3840e-02
  161.5    3.5527e+00    4.4317e+00   -1.9834e-01   -1.2131e-02
  164.5    3.1914e+00    4.4317e+00   -2.7987e-01   -7.6707e-02
  167.5    3.2631e+00    4.4317e+00   -2.6369e-01   -3.9675e-02
  170.5    4.2072e+00    4.4317e+00   -5.0656e-02   -3.6723e-02
  173.5    4.9973e+00    4.4317e+00    1.2764e-01   -6.1370e-04
  176.5    4.5645e+00    4.4317e+00    2.9977e-02   -1.2565e-02
  179.5    4.5429e+00    4.4317e+00    2.5096e-02    3.8466e-02
  182.5    4.4879e+00    4.4317e+00    1.2693e-02   -3.9698e-02
  185.5    4.8911e+00    4.4317e+00    1.0368e-01   -3.5529e-03
  188.5    4.7486e+00    4.4317e+00    7.1524e-02    2.8188e-02
  191.5    3.7056e+00    4.4317e+00   -1.6383e-01    8.3684e-03
  194.5    3.1950e+00    4.4317e+00   -2.7905e-01   -3.5841e-02
  197.5    3.4495e+00    4.4317e+00   -2.2163e-01   -5.3280e-03
  200.5    3.7109e+00    4.4317e+00   -1.6264e-01   -8.6134e-02
  203.5    3.6799e+00    4.4317e+00   -1.6965e-01   -3.1261e-02
  206.5    3.4411e+00    4.4317e+00   -2.2352e-01    1.2988e-02
  209.5    3.0877e+00    4.4317e+00   -3.0326e-01    3.2308e-02
  212.5    3.2536e+00    4.4317e+00   -2.6584e-01    2.3107e-02
  215.5    3.9760e+00    4.4317e+00   -1.0282e-01    5.4326e-03
  218.5    5.2708e+00    4.4317e+00    1.8934e-01    2.0849e-02
  221.5    6.5025e+00    4.4317e+00    4.6729e-01    5.9482e-02
  224.5    7.1994e+00    4.4317e+00    6.2453e-01    1.6664e-01
  227.5    6.6953e+00    4.4317e+00    5.1077e-01    1.6650e-01
  230.5    5.2102e+00    4.4317e+00    1.7568e-01    5.9374e-02
  233.5    3.9583e+00    4.4317e+00   -1.0681e-01    7.5313e-03
  236.5    3.2835e+00    4.4317e+00   -2.5909e-01   -6.7460e-03
  239.5    3.0402e+00    4.4317e+00   -3.1397e-01    9.1407e-03
  242.5    3.1005e+00    4.4317e+00   -3.0039e-01   -1.6820e-02
  245.5    3.6061e+00    4.4317e+00   -1.8628e-01   -7.7879e-02
  248.5    3.7587e+00    4.4317e+00   -1.5185e-01   -6.3840e-02
  251.5    3.8223e+00    4.4317e+00   -1.3750e-01   -1.2131e-02
  254.5    3.6014e+00    4.4317e+00   -1.8736e-01   -7.6707e-02
  257.5    3.4211e+00    4.4317e+00   -2.2804e-01   -3.9675e-02
  260.5    4.2517e+00    4.4317e+00   -4.0612e-02   -3.6723e-02
  263.5    4.5677e+00    4.4317e+00    3.0690e-02   -6.1370e-04
  266.5    4.8500e+00    4.4317e+00    9.4399e-02   -1.2565e-02
  269.5    5.0317e+00    4.4317e+00    1.3539e-01    3.8466e-02
  272.5    5.0652e+00    4.4317e+00    1.4295e-01   -3.9698e-02
  275.5    5.6259e+00    4.4317e+00    2.6947e-01   -3.5529e-03
  278.5    5.1622e+00    4.4317e+00    1.6483e-01    2.8188e-02
  281.5    4.0938e+00    4.4317e+00   -7.6239e-02    8.3684e-03
  284.5    3.6353e+00    4.4317e+00   -1.7971e-01   -3.5841e-02
  287.5    3.8253e+00    4.4317e+00   -1.3683e-01   -5.3280e-03
  290.5    4.2340e+00    4.4317e+00   -4.4612e-02   -8.6133e-02
  293.5    4.0714e+00    4.4317e+00   -8.1298e-02   -3.1261e-02
  296.5    4.0821e+00    4.4317e+00   -7.8874e-02    1.2988e-02
  299.5    4.3720e+00    4.4317e+00   -1.3464e-02    3.2308e-02
  302.5    4.7629e+00    4.4317e+00    7.4733e-02    2.3107e-02
  305.5    5.0069e+00    4.4317e+00    1.2981e-01    5.4326e-03
  308.5    5.5699e+00    4.4317e+00    2.5684e-01    2.0849e-02
  311.5    6.7983e+00    4.4317e+00    5.3403e-01    5.9482e-02
  314.5    7.5555e+00    4.4317e+00    7.0489e-01    1.6664e-01
  317.5    6.5513e+00    4.4317e+00    4.7829e-01    1.6650e-01
  320.5    4.8715e+00    4.4317e+00    9.9241e-02    5.9374e-02
  323.5    4.1138e+00    4.4317e+00   -7.1721e-02    7.5313e-03
  326.5    4.2545e+00    4.4317e+00   -3.9977e-02   -6.7460e-03
  329.5    4.1692e+00    4.4317e+00   -5.9222e-02    9.1407e-03
  332.5    3.3793e+00    4.4317e+00   -2.3746e-01   -1.6820e-02
  335.5    3.8918e+00    4.4317e+00   -1.2183e-01   -7.7879e-02
  338.5    4.3993e+00    4.4317e+00   -7.2939e-03   -6.3840e-02
  341.5    4.7903e+00    4.4317e+00    8.0921e-02   -1.2131e-02
  344.5    4.2285e+00    4.4317e+00   -4.5838e-02   -7.6707e-02
  347.5    3.8949e+00    4.4317e+00   -1.2112e-01   -3.9675e-02
  350.5    4.6989e+00    4.4317e+00    6.0291e-02   -3.6723e-02
  353.5    4.9737e+00    4.4317e+00    1.2230e-01   -6.1370e-04
  356.5    4.7647e+00    4.4317e+00    7.5153e-02   -1.2565e-02
  359.5    5.1285e+00    4.4317e+00    1.5725e-01    3.8466e-02
  14   120  14.31   51.0    1.0    0.0   ----------------------------
    2.5    3.8513e+00    4.3665e+00   -1.1800e-01   -4.2039e-02
    5.5    3.9979e+00    4.3665e+00   -8.4415e-02   -5.6850e-02
    8.5    3.8554e+00    4.3665e+00   -1.1707e-01    8.0630e-03
   11.5    3.7887e+00    4.3665e+00   -1.3233e-01   -1.5515e-03
   14.5    4.3796e+00    4.3665e+00    2.9994e-03   -2.7971e-02
   17.5    4.9185e+00    4.3665e+00    1.2642e-01   -4.6346e-03
   20.5    4.2719e+00    4.3665e+00   -2.1664e-02   -4.3067e-02
   23.5    3.8778e+00    4.3665e+00   -1.1194e-01   -6.8382e-02
   26.5    3.3693e+00    4.3665e+00   -2.2839e-01   -1.1442e-02
   29.5    3.2056e+00    4.3665e+00   -2.6587e-01    6.6785e-03
   32.5    3.4229e+00    4.3665e+00   -2.1611e-01    3.7555e-02
   35.5    4.4377e+00    4.3665e+00    1.6309e-02    4.0621e-02
   38.5    5.4965e+00    4.3665e+00    2.5877e-01    7.6813e-02
   41.5    7.8863e+00    4.3665e+00    8.0608e-01    1.1432e-01
   44.5    8.9372e+00    4.3665e+00    1.0467e+00    2.8521e-01
   47.5    8.2369e+00    4.3665e+00    8.8638e-01    2.7057e-01
   50.5    6.4066e+00    4.3665e+00    4.6720e-01    2.0691e-01
   53.5    4.9419e+00    4.3665e+00    1.3178e-01    4.2189e-02
   56.5    3.5507e+00    4.3665e+00   -1.8685e-01   -3.5529e-02
   59.5    3.4111e+00    4.3665e+00   -2.1882e-01    2.6962e-02
   62.5    3.6383e+00    4.3665e+00   -1.6677e-01   -1.2617e-01
   65.5    3.7007e+00    4.3665e+00   -1.5249e-01   -1.3047e-01
   68.5    3.8129e+00    4.3665e+00   -1.2678e-01   -1.0209e-01
   71.5    3.4552e+00    4.3665e+00   -2.0870e-01   -1.3042e-02
   74.5    3.7086e+00    4.3665e+00   -1.5068e-01   -2.7890e-02
   77.5    3.7018e+00    4.3665e+00   -1.5224e-01   -6.9219e-02
   80.5    3.9266e+00    4.3665e+00   -1.0075e-01   -3.6846e-02
   83.5    3.9356e+00    4.3665e+00   -9.8699e-02   -7.0760e-02
   86.5    3.8357e+00    4.3665e+00   -1.2156e-01   -4.7299e-02
   89.5    4.0904e+00    4.3665e+00   -6.3244e-02   -5.8797e-02
   92.5    4.0991e+00    4.3665e+00   -6.1248e-02   -4.2039e-02
   95.5    4.1137e+00    4.3665e+00   -5.7899e-02   -5.6850e-02
   98.5    3.7242e+00    4.3665e+00   -1.4710e-01    8.0630e-03
  101.5    3.6523e+00    4.3665e+00   -1.6357e-01   -1.5515e-03
  104.5    3.9122e+00    4.3665e+00   -1.0404e-01   -2.7971e-02
  107.5    4.1265e+00    4.3665e+00   -5.4978e-02   -4.6346e-03
  110.5    4.0381e+00    4.3665e+00   -7.5223e-02   -4.3067e-02
  113.5    3.5648e+00    4.3665e+00   -1.8361e-01   -6.8382e-02
  116.5    3.5339e+00    4.3665e+00   -1.9067e-01   -1.1442e-02
  119.5    3.5638e+00    4.3665e+00   -1.8384e-01    6.6785e-03
  122.5    3.7527e+00    4.3665e+00   -1.4057e-01    3.7555e-02
  125.5    4.0458e+00    4.3665e+00   -7.3447e-02    4.0621e-02
  128.5    4.8049e+00    4.3665e+00    1.0040e-01    7.6813e-02
  131.5    6.3204e+00    4.3665e+00    4.4748e-01    1.1432e-01
  134.5    7.4272e+00    4.3665e+00    7.0093e-01    2.8521e-01
  137.5    7.1001e+00    4.3665e+00    6.2602e-01    2.7057e-01
  140.5    5.5943e+00    4.3665e+00    2.8118e-01    2.0691e-01
  143.5    4.4599e+00    4.3665e+00    2.1383e-02    4.2189e-02
  146.5    3.4535e+00    4.3665e+00   -2.0910e-01   -3.5529e-02
  149.5    3.3691e+00    4.3665e+00   -2.2842e-01    2.6962e-02
  152.5    3.4813e+00    4.3665e+00   -2.0274e-01   -1.2617e-01
  155.5    3.5079e+00    4.3665e+00   -1.9664e-01   -1.3047e-01
  158.5    3.7552e+00    4.3665e+00   -1.3999e-01   -1.0209e-01
  161.5    3.8412e+00    4.3665e+00   -1.2031e-01   -1.3042e-02
  164.5    3.6670e+00    4.3665e+00   -1.6021e-01   -2.7890e-02
  167.5    3.2102e+00    4.3665e+00   -2.6483e-01   -6.9219e-02
  170.5    3.6971e+00    4.3665e+00   -1.5330e-01   -3.6846e-02
  173.5    4.0392e+00    4.3665e+00   -7.4954e-02   -7.0760e-02
  176.5    3.7874e+00    4.3665e+00   -1.3264e-01   -4.7299e-02
  179.5    3.8959e+00    4.3665e+00   -1.0777e-01   -5.8797e-02
  182.5    3.6677e+00    4.3665e+00   -1.6004e-01   -4.2039e-02
  185.5    3.8229e+00    4.3665e+00   -1.2450e-01   -5.6850e-02
  188.5    3.8283e+00    4.3665e+00   -1.2327e-01    8.0630e-03
  191.5    3.4539e+00    4.3665e+00   -2.0900e-01   -1.5515e-03
  194.5    3.4607e+00    4.3665e+00   -2.0744e-01   -2.7971e-02
  197.5    3.8538e+00    4.3665e+00   -1.1743e-01   -4.6346e-03
  200.5    3.8375e+00    4.3665e+00   -1.2116e-01   -4.3067e-02
  203.5    3.4120e+00    4.3665e+00   -2.1861e-01   -6.8382e-02
  206.5    3.5148e+00    4.3665e+00   -1.9506e-01   -1.1442e-02
  209.5    3.3856e+00    4.3665e+00   -2.2466e-01    6.6785e-03
  212.5    3.3019e+00    4.3665e+00   -2.4383e-01    3.7555e-02
  215.5    3.9527e+00    4.3665e+00   -9.4773e-02    4.0621e-02
  218.5    4.9089e+00    4.3665e+00    1.2420e-01    7.6813e-02
  221.5    6.3735e+00    4.3665e+00    4.5963e-01    1.1432e-01
  224.5    7.1112e+00    4.3665e+00    6.2858e-01    2.8521e-01
  227.5    6.7686e+00    4.3665e+00    5.5011e-01    2.7057e-01
  230.5    5.2723e+00    4.3665e+00    2.0744e-01    2.0691e-01
  233.5    4.3279e+00    4.3665e+00   -8.8387e-03    4.2189e-02
  236.5    3.6828e+00    4.3665e+00   -1.5658e-01   -3.5529e-02
  239.5    3.5672e+00    4.3665e+00   -1.8305e-01    2.6962e-02
  242.5    3.6130e+00    4.3665e+00   -1.7257e-01   -1.2617e-01
  245.5    3.4102e+00    4.3665e+00   -2.1902e-01   -1.3047e-01
  248.5    3.7193e+00    4.3665e+00   -1.4821e-01   -1.0209e-01
  251.5    4.1287e+00    4.3665e+00   -5.4468e-02   -1.3042e-02
  254.5    4.2063e+00    4.3665e+00   -3.6687e-02   -2.7890e-02
  257.5    3.6762e+00    4.3665e+00   -1.5809e-01   -6.9219e-02
  260.5    4.0163e+00    4.3665e+00   -8.0198e-02   -3.6846e-02
  263.5    3.9472e+00    4.3665e+00   -9.6031e-02   -7.0760e-02
  266.5    4.3661e+00    4.3665e+00   -9.0003e-05   -4.7299e-02
  269.5    4.3936e+00    4.3665e+00    6.2075e-03   -5.8797e-02
  272.5    4.0618e+00    4.3665e+00   -6.9784e-02   -4.2039e-02
  275.5    4.2827e+00    4.3665e+00   -1.9200e-02   -5.6850e-02
  278.5    3.9899e+00    4.3665e+00   -8.6262e-02    8.0630e-03
  281.5    3.7627e+00    4.3665e+00   -1.3830e-01   -1.5515e-03
  284.5    3.8096e+00    4.3665e+00   -1.2755e-01   -2.7971e-02
  287.5    3.6104e+00    4.3665e+00   -1.7317e-01   -4.6346e-03
  290.5    3.9783e+00    4.3665e+00   -8.8910e-02   -4.3067e-02
  293.5    3.8168e+00    4.3665e+00   -1.2590e-01   -6.8382e-02
  296.5    4.2008e+00    4.3665e+00   -3.7950e-02   -1.1442e-02
  299.5    4.5669e+00    4.3665e+00    4.5884e-02    6.6785e-03
  302.5    5.0311e+00    4.3665e+00    1.5218e-01    3.7555e-02
  305.5    5.3823e+00    4.3665e+00    2.3263e-01    4.0621e-02
  308.5    6.0211e+00    4.3665e+00    3.7891e-01    7.6813e-02
  311.5    7.5418e+00    4.3665e+00    7.2719e-01    1.1432e-01
  314.5    7.5459e+00    4.3665e+00    7.2812e-01    2.8521e-01
  317.5    7.1641e+00    4.3665e+00    6.4069e-01    2.7057e-01
  320.5    5.6246e+00    4.3665e+00    2.8811e-01    2.0691e-01
  323.5    4.8184e+00    4.3665e+00    1.0349e-01    4.2189e-02
  326.5    4.4442e+00    4.3665e+00    1.7789e-02   -3.5529e-02
  329.5    4.3466e+00    4.3665e+00   -4.5659e-03    2.6962e-02
  332.5    3.9932e+00    4.3665e+00   -8.5494e-02   -1.2617e-01
  335.5    3.8068e+00    4.3665e+00   -1.2819e-01   -1.3047e-01
  338.5    3.9820e+00    4.3665e+00   -8.8070e-02   -1.0209e-01
  341.5    4.9104e+00    4.3665e+00    1.2456e-01   -1.3042e-02
  344.5    4.5108e+00    4.3665e+00    3.3031e-02   -2.7890e-02
  347.5    3.7943e+00    4.3665e+00   -1.3104e-01   -6.9219e-02
  350.5    4.2366e+00    4.3665e+00   -2.9763e-02   -3.6846e-02
  353.5    3.7889e+00    4.3665e+00   -1.3228e-01   -7.0760e-02
  356.5    3.9313e+00    4.3665e+00   -9.9680e-02   -4.7299e-02
  359.5    4.4597e+00    4.3665e+00    2.1345e-02   -5.8797e-02
  15   120  14.31   54.0    1.0    0.0   ----------------------------
    2.5    3.5320e+00    4.1154e+00   -1.4176e-01   -2.9633e-02
    5.5    3.3359e+00    4.1154e+00   -1.8941e-01    4.3075e-02
    8.5    3.6022e+00    4.1154e+00   -1.2471e-01   -7.1021e-02
   11.5    3.6042e+00    4.1154e+00   -1.2423e-01   -6.4443e-02
   14.5    4.5012e+00    4.1154e+00    9.3735e-02    6.6656e-03
   17.5    5.1078e+00    4.1154e+00    2.4114e-01   -1.7114e-02
   20.5    4.2376e+00    4.1154e+00    2.9683e-02   -4.0819e-02
   23.5    3.3657e+00    4.1154e+00   -1.8218e-01   -3.1754e-02
   26.5    3.1211e+00    4.1154e+00   -2.4161e-01   -7.0089e-02
   29.5    3.2065e+00    4.1154e+00   -2.2087e-01    2.6919e-02
   32.5    3.1347e+00    4.1154e+00   -2.3831e-01   -6.1849e-03
   35.5    4.0559e+00    4.1154e+00   -1.4457e-02    4.2076e-02
   38.5    6.0477e+00    4.1154e+00    4.6951e-01    8.5626e-02
   41.5    7.5650e+00    4.1154e+00    8.3821e-01    2.0303e-01
   44.5    8.2971e+00    4.1154e+00    1.0161e+00    2.4956e-01
   47.5    8.1214e+00    4.1154e+00    9.7341e-01    2.1328e-01
   50.5    6.7877e+00    4.1154e+00    6.4934e-01    1.2819e-01
   53.5    4.4887e+00    4.1154e+00    9.0693e-02    5.2260e-02
   56.5    3.3877e+00    4.1154e+00   -1.7683e-01    5.8654e-03
   59.5    3.2839e+00    4.1154e+00   -2.0206e-01    2.0549e-02
   62.5    3.6688e+00    4.1154e+00   -1.0852e-01   -5.8441e-02
   65.5    3.6104e+00    4.1154e+00   -1.2271e-01   -1.3527e-01
   68.5    3.2958e+00    4.1154e+00   -1.9917e-01   -8.6758e-02
   71.5    3.3870e+00    4.1154e+00   -1.7701e-01   -7.4469e-02
   74.5    3.6665e+00    4.1154e+00   -1.0909e-01   -7.3145e-02
   77.5    3.3417e+00    4.1154e+00   -1.8801e-01   -1.1790e-01
   80.5    3.7059e+00    4.1154e+00   -9.9503e-02   -2.7196e-02
   83.5    3.6052e+00    4.1154e+00   -1.2397e-01   -7.7185e-03
   86.5    3.4201e+00    4.1154e+00   -1.6896e-01   -9.2831e-03
   89.5    4.0472e+00    4.1154e+00   -1.6574e-02    2.9556e-02
   92.5    3.7045e+00    4.1154e+00   -9.9848e-02   -2.9633e-02
   95.5    3.4301e+00    4.1154e+00   -1.6654e-01    4.3075e-02
   98.5    3.6309e+00    4.1154e+00   -1.1775e-01   -7.1021e-02
  101.5    3.5253e+00    4.1154e+00   -1.4339e-01   -6.4443e-02
  104.5    3.8364e+00    4.1154e+00   -6.7813e-02    6.6656e-03
  107.5    3.8299e+00    4.1154e+00   -6.9377e-02   -1.7114e-02
  110.5    3.5609e+00    4.1154e+00   -1.3475e-01   -4.0819e-02
  113.5    3.0363e+00    4.1154e+00   -2.6221e-01   -3.1754e-02
  116.5    3.2989e+00    4.1154e+00   -1.9840e-01   -7.0089e-02
  119.5    3.3894e+00    4.1154e+00   -1.7642e-01    2.6919e-02
  122.5    3.3153e+00    4.1154e+00   -1.9443e-01   -6.1850e-03
  125.5    3.5687e+00    4.1154e+00   -1.3285e-01    4.2076e-02
  128.5    4.5544e+00    4.1154e+00    1.0667e-01    8.5626e-02
  131.5    5.9067e+00    4.1154e+00    4.3525e-01    2.0303e-01
  134.5    6.6766e+00    4.1154e+00    6.2233e-01    2.4956e-01
  137.5    6.5049e+00    4.1154e+00    5.8062e-01    2.1328e-01
  140.5    5.2960e+00    4.1154e+00    2.8686e-01    1.2819e-01
  143.5    3.8847e+00    4.1154e+00   -5.6077e-02    5.2260e-02
  146.5    3.1504e+00    4.1154e+00   -2.3449e-01    5.8654e-03
  149.5    3.3446e+00    4.1154e+00   -1.8730e-01    2.0549e-02
  152.5    3.6804e+00    4.1154e+00   -1.0571e-01   -5.8441e-02
  155.5    3.5386e+00    4.1154e+00   -1.4016e-01   -1.3527e-01
  158.5    3.3280e+00    4.1154e+00   -1.9133e-01   -8.6758e-02
  161.5    3.4799e+00    4.1154e+00   -1.5444e-01   -7.4469e-02
  164.5    3.6337e+00    4.1154e+00   -1.1706e-01   -7.3145e-02
  167.5    3.0296e+00    4.1154e+00   -2.6385e-01   -1.1790e-01
  170.5    3.3286e+00    4.1154e+00   -1.9119e-01   -2.7196e-02
  173.5    3.5643e+00    4.1154e+00   -1.3391e-01   -7.7184e-03
  176.5    3.4679e+00    4.1154e+00   -1.5735e-01   -9.2831e-03
  179.5    3.9754e+00    4.1154e+00   -3.4016e-02    2.9556e-02
  182.5    3.5884e+00    4.1154e+00   -1.2806e-01   -2.9633e-02
  185.5    3.4352e+00    4.1154e+00   -1.6530e-01    4.3075e-02
  188.5    3.6008e+00    4.1154e+00   -1.2505e-01   -7.1021e-02
  191.5    3.2045e+00    4.1154e+00   -2.2134e-01   -6.4443e-02
  194.5    3.5316e+00    4.1154e+00   -1.4187e-01    6.6656e-03
  197.5    3.6312e+00    4.1154e+00   -1.1767e-01   -1.7114e-02
  200.5    3.4916e+00    4.1154e+00   -1.5159e-01   -4.0819e-02
  203.5    3.3694e+00    4.1154e+00   -1.8128e-01   -3.1754e-02
  206.5    3.7363e+00    4.1154e+00   -9.2124e-02   -7.0089e-02
  209.5    3.4750e+00    4.1154e+00   -1.5561e-01    2.6919e-02
  212.5    3.1174e+00    4.1154e+00   -2.4251e-01   -6.1849e-03
  215.5    3.6382e+00    4.1154e+00   -1.1595e-01    4.2076e-02
  218.5    4.8149e+00    4.1154e+00    1.6997e-01    8.5626e-02
  221.5    6.0977e+00    4.1154e+00    4.8167e-01    2.0303e-01
  224.5    6.5745e+00    4.1154e+00    5.9753e-01    2.4956e-01
  227.5    6.2252e+00    4.1154e+00    5.1264e-01    2.1328e-01
  230.5    4.9952e+00    4.1154e+00    2.1376e-01    1.2819e-01
  233.5    3.6439e+00    4.1154e+00   -1.1459e-01    5.2260e-02
  236.5    3.1535e+00    4.1154e+00   -2.3373e-01    5.8654e-03
  239.5    3.3286e+00    4.1154e+00   -1.9119e-01    2.0549e-02
  242.5    3.4843e+00    4.1154e+00   -1.5336e-01   -5.8441e-02
  245.5    3.1110e+00    4.1154e+00   -2.4407e-01   -1.3527e-01
  248.5    3.1337e+00    4.1154e+00   -2.3856e-01   -8.6758e-02
  251.5    3.7600e+00    4.1154e+00   -8.6360e-02   -7.4469e-02
  254.5    3.9800e+00    4.1154e+00   -3.2901e-02   -7.3145e-02
  257.5    3.4428e+00    4.1154e+00   -1.6345e-01   -1.1790e-01
  260.5    3.5685e+00    4.1154e+00   -1.3290e-01   -2.7196e-02
  263.5    3.4176e+00    4.1154e+00   -1.6956e-01   -7.7184e-03
  266.5    3.4907e+00    4.1154e+00   -1.5179e-01   -9.2831e-03
  269.5    4.0627e+00    4.1154e+00   -1.2804e-02    2.9556e-02
  272.5    3.8101e+00    4.1154e+00   -7.4195e-02   -2.9633e-02
  275.5    3.8005e+00    4.1154e+00   -7.6521e-02    4.3075e-02
  278.5    3.7175e+00    4.1154e+00   -9.6697e-02   -7.1021e-02
  281.5    3.3350e+00    4.1154e+00   -1.8964e-01   -6.4443e-02
  284.5    3.6784e+00    4.1154e+00   -1.0620e-01    6.6656e-03
  287.5    3.5196e+00    4.1154e+00   -1.4478e-01   -1.7114e-02
  290.5    3.6133e+00    4.1154e+00   -1.2200e-01   -4.0819e-02
  293.5    3.6999e+00    4.1154e+00   -1.0098e-01   -3.1754e-02
  296.5    4.2247e+00    4.1154e+00    2.6546e-02   -7.0089e-02
  299.5    4.5996e+00    4.1154e+00    1.1764e-01    2.6919e-02
  302.5    4.5300e+00    4.1154e+00    1.0074e-01   -6.1849e-03
  305.5    5.2151e+00    4.1154e+00    2.6721e-01    4.2076e-02
  308.5    6.1035e+00    4.1154e+00    4.8307e-01    8.5626e-02
  311.5    7.2660e+00    4.1154e+00    7.6555e-01    2.0303e-01
  314.5    7.4209e+00    4.1154e+00    8.0319e-01    2.4956e-01
  317.5    7.3541e+00    4.1154e+00    7.8695e-01    2.1328e-01
  320.5    5.9277e+00    4.1154e+00    4.4036e-01    1.2819e-01
  323.5    4.3504e+00    4.1154e+00    5.7096e-02    5.2260e-02
  326.5    3.8545e+00    4.1154e+00   -6.3403e-02    5.8654e-03
  329.5    3.6208e+00    4.1154e+00   -1.2018e-01    2.0549e-02
  332.5    3.6534e+00    4.1154e+00   -1.1227e-01   -5.8441e-02
  335.5    3.3152e+00    4.1154e+00   -1.9445e-01   -1.3527e-01
  338.5    3.7341e+00    4.1154e+00   -9.2666e-02   -8.6758e-02
  341.5    4.7005e+00    4.1154e+00    1.4215e-01   -7.4469e-02
  344.5    4.8481e+00    4.1154e+00    1.7803e-01   -7.3145e-02
  347.5    3.8461e+00    4.1154e+00   -6.5455e-02   -1.1790e-01
  350.5    3.6872e+00    4.1154e+00   -1.0405e-01   -2.7196e-02
  353.5    3.4286e+00    4.1154e+00   -1.6689e-01   -7.7185e-03
  356.5    3.4977e+00    4.1154e+00   -1.5009e-01   -9.2831e-03
  359.5    4.3913e+00    4.1154e+00    6.7021e-02    2.9556e-02
  16   120  14.31   57.0    1.0    0.0   ----------------------------
    2.5    3.7106e+00    3.6990e+00    3.1168e-03    9.3809e-02
    5.5    2.9525e+00    3.6990e+00   -2.0181e-01    4.8391e-02
    8.5    2.8488e+00    3.6990e+00   -2.2984e-01   -2.4587e-02
   11.5    2.9370e+00    3.6990e+00   -2.0601e-01   -1.0614e-03
   14.5    3.3952e+00    3.6990e+00   -8.2136e-02   -7.5992e-02
   17.5    4.0010e+00    3.6990e+00    8.1646e-02   -6.1373e-02
   20.5    3.6800e+00    3.6990e+00   -5.1550e-03   -5.7375e-02
   23.5    3.4607e+00    3.6990e+00   -6.4425e-02   -1.0650e-02
   26.5    3.2379e+00    3.6990e+00   -1.2465e-01    1.3146e-02
   29.5    3.2929e+00    3.6990e+00   -1.0979e-01   -1.8725e-03
   32.5    2.8466e+00    3.6990e+00   -2.3045e-01    5.0220e-02
   35.5    3.4894e+00    3.6990e+00   -5.6665e-02    1.3233e-01
   38.5    5.4631e+00    3.6990e+00    4.7691e-01    3.4670e-02
   41.5    6.5275e+00    3.6990e+00    7.6466e-01   -1.1342e-02
   44.5    6.6550e+00    3.6990e+00    7.9912e-01    7.3592e-02
   47.5    7.1992e+00    3.6990e+00    9.4623e-01    1.2980e-01
   50.5    6.1987e+00    3.6990e+00    6.7577e-01    5.3993e-02
   53.5    3.8618e+00    3.6990e+00    4.4013e-02   -1.1040e-02
   56.5    2.8877e+00    3.6990e+00   -2.1932e-01    3.3464e-02
   59.5    2.8909e+00    3.6990e+00   -2.1846e-01    1.2694e-02
   62.5    3.1922e+00    3.6990e+00   -1.3701e-01   -9.6733e-02
   65.5    3.4871e+00    3.6990e+00   -5.7288e-02   -1.0261e-01
   68.5    3.1227e+00    3.6990e+00   -1.5580e-01   -6.5409e-02
   71.5    3.0026e+00    3.6990e+00   -1.8828e-01   -4.5546e-02
   74.5    2.9908e+00    3.6990e+00   -1.9147e-01   -1.0945e-01
   77.5    3.1908e+00    3.6990e+00   -1.3738e-01   -8.2310e-02
   80.5    3.3305e+00    3.6990e+00   -9.9630e-02   -3.0329e-03
   83.5    3.3061e+00    3.6990e+00   -1.0622e-01    1.5245e-02
   86.5    3.4146e+00    3.6990e+00   -7.6893e-02    6.0847e-02
   89.5    3.9819e+00    3.6990e+00    7.6471e-02    8.1568e-02
   92.5    3.4296e+00    3.6990e+00   -7.2825e-02    9.3809e-02
   95.5    3.1236e+00    3.6990e+00   -1.5555e-01    4.8391e-02
   98.5    2.9134e+00    3.6990e+00   -2.1240e-01   -2.4587e-02
  101.5    2.8888e+00    3.6990e+00   -2.1905e-01   -1.0614e-03
  104.5    3.0238e+00    3.6990e+00   -1.8256e-01   -7.5992e-02
  107.5    2.9713e+00    3.6990e+00   -1.9674e-01   -6.1373e-02
  110.5    3.0362e+00    3.6990e+00   -1.7918e-01   -5.7375e-02
  113.5    3.1841e+00    3.6990e+00   -1.3921e-01   -1.0650e-02
  116.5    3.1482e+00    3.6990e+00   -1.4892e-01    1.3146e-02
  119.5    3.3625e+00    3.6990e+00   -9.0972e-02   -1.8725e-03
  122.5    3.1923e+00    3.6990e+00   -1.3699e-01    5.0220e-02
  125.5    3.3002e+00    3.6990e+00   -1.0783e-01    1.3233e-01
  128.5    4.1263e+00    3.6990e+00    1.1551e-01    3.4670e-02
  131.5    5.1011e+00    3.6990e+00    3.7903e-01   -1.1342e-02
  134.5    5.6610e+00    3.6990e+00    5.3041e-01    7.3592e-02
  137.5    5.9861e+00    3.6990e+00    6.1828e-01    1.2980e-01
  140.5    4.9682e+00    3.6990e+00    3.4311e-01    5.3993e-02
  143.5    3.7275e+00    3.6990e+00    7.7059e-03   -1.1040e-02
  146.5    3.0181e+00    3.6990e+00   -1.8409e-01    3.3464e-02
  149.5    3.2544e+00    3.6990e+00   -1.2021e-01    1.2694e-02
  152.5    3.7246e+00    3.6990e+00    6.9073e-03   -9.6733e-02
  155.5    3.6412e+00    3.6990e+00   -1.5641e-02   -1.0261e-01
  158.5    2.9807e+00    3.6990e+00   -1.9419e-01   -6.5409e-02
  161.5    2.7063e+00    3.6990e+00   -2.6836e-01   -4.5546e-02
  164.5    2.7594e+00    3.6990e+00   -2.5402e-01   -1.0945e-01
  167.5    2.6360e+00    3.6990e+00   -2.8739e-01   -8.2310e-02
  170.5    2.8285e+00    3.6990e+00   -2.3533e-01   -3.0329e-03
  173.5    3.1314e+00    3.6990e+00   -1.5345e-01    1.5245e-02
  176.5    3.5256e+00    3.6990e+00   -4.6886e-02    6.0847e-02
  179.5    4.0093e+00    3.6990e+00    8.3874e-02    8.1568e-02
  182.5    3.6598e+00    3.6990e+00   -1.0618e-02    9.3809e-02
  185.5    3.2750e+00    3.6990e+00   -1.1465e-01    4.8391e-02
  188.5    3.0609e+00    3.6990e+00   -1.7250e-01   -2.4587e-02
  191.5    2.7924e+00    3.6990e+00   -2.4509e-01   -1.0614e-03
  194.5    2.7587e+00    3.6990e+00   -2.5420e-01   -7.5992e-02
  197.5    2.7602e+00    3.6990e+00   -2.5382e-01   -6.1373e-02
  200.5    2.9511e+00    3.6990e+00   -2.0219e-01   -5.7375e-02
  203.5    3.5441e+00    3.6990e+00   -4.1881e-02   -1.0650e-02
  206.5    3.6707e+00    3.6990e+00   -7.6570e-03    1.3146e-02
  209.5    3.4855e+00    3.6990e+00   -5.7714e-02   -1.8725e-03
  212.5    3.0743e+00    3.6990e+00   -1.6890e-01    5.0220e-02
  215.5    3.6633e+00    3.6990e+00   -9.6623e-03    1.3233e-01
  218.5    4.8415e+00    3.6990e+00    3.0887e-01    3.4670e-02
  221.5    5.8817e+00    3.6990e+00    5.9008e-01   -1.1342e-02
  224.5    5.6128e+00    3.6990e+00    5.1738e-01    7.3592e-02
  227.5    5.4578e+00    3.6990e+00    4.7547e-01    1.2980e-01
  230.5    4.1934e+00    3.6990e+00    1.3364e-01    5.3993e-02
  233.5    3.1336e+00    3.6990e+00   -1.5285e-01   -1.1040e-02
  236.5    2.9115e+00    3.6990e+00   -2.1290e-01    3.3464e-02
  239.5    3.1609e+00    3.6990e+00   -1.4547e-01    1.2694e-02
  242.5    3.3936e+00    3.6990e+00   -8.2584e-02   -9.6733e-02
  245.5    3.4742e+00    3.6990e+00   -6.0790e-02   -1.0261e-01
  248.5    3.0359e+00    3.6990e+00   -1.7927e-01   -6.5409e-02
  251.5    3.0509e+00    3.6990e+00   -1.7522e-01   -4.5546e-02
  254.5    3.0422e+00    3.6990e+00   -1.7756e-01   -1.0945e-01
  257.5    2.9863e+00    3.6990e+00   -1.9269e-01   -8.2310e-02
  260.5    2.9096e+00    3.6990e+00   -2.1342e-01   -3.0329e-03
  263.5    2.9834e+00    3.6990e+00   -1.9347e-01    1.5245e-02
  266.5    3.0842e+00    3.6990e+00   -1.6620e-01    6.0847e-02
  269.5    3.7519e+00    3.6990e+00    1.4304e-02    8.1568e-02
  272.5    3.6292e+00    3.6990e+00   -1.8875e-02    9.3809e-02
  275.5    3.3121e+00    3.6990e+00   -1.0461e-01    4.8391e-02
  278.5    3.3109e+00    3.6990e+00   -1.0493e-01   -2.4587e-02
  281.5    3.1093e+00    3.6990e+00   -1.5943e-01   -1.0614e-03
  284.5    3.1113e+00    3.6990e+00   -1.5890e-01   -7.5992e-02
  287.5    2.9882e+00    3.6990e+00   -1.9217e-01   -6.1373e-02
  290.5    3.0649e+00    3.6990e+00   -1.7143e-01   -5.7375e-02
  293.5    3.6068e+00    3.6990e+00   -2.4947e-02   -1.0650e-02
  296.5    3.8654e+00    3.6990e+00    4.4982e-02    1.3146e-02
  299.5    4.5260e+00    3.6990e+00    2.2356e-01   -1.8725e-03
  302.5    4.3248e+00    3.6990e+00    1.6917e-01    5.0220e-02
  305.5    4.6643e+00    3.6990e+00    2.6095e-01    1.3233e-01
  308.5    5.4788e+00    3.6990e+00    4.8113e-01    3.4670e-02
  311.5    6.2964e+00    3.6990e+00    7.0218e-01   -1.1342e-02
  314.5    6.4761e+00    3.6990e+00    7.5076e-01    7.3592e-02
  317.5    6.5620e+00    3.6990e+00    7.7397e-01    1.2980e-01
  320.5    4.7872e+00    3.6990e+00    2.9418e-01    5.3993e-02
  323.5    3.5348e+00    3.6990e+00   -4.4409e-02   -1.1040e-02
  326.5    3.4401e+00    3.6990e+00   -6.9988e-02    3.3464e-02
  329.5    3.5473e+00    3.6990e+00   -4.1018e-02    1.2694e-02
  332.5    3.6177e+00    3.6990e+00   -2.1975e-02   -9.6733e-02
  335.5    3.7568e+00    3.6990e+00    1.5623e-02   -1.0261e-01
  338.5    3.3765e+00    3.6990e+00   -8.7202e-02   -6.5409e-02
  341.5    3.6375e+00    3.6990e+00   -1.6626e-02   -4.5546e-02
  344.5    3.5897e+00    3.6990e+00   -2.9551e-02   -1.0945e-01
  347.5    3.0557e+00    3.6990e+00   -1.7391e-01   -8.2310e-02
  350.5    2.8489e+00    3.6990e+00   -2.2981e-01   -3.0329e-03
  353.5    2.7713e+00    3.6990e+00   -2.5081e-01    1.5245e-02
  356.5    3.4928e+00    3.6990e+00   -5.5755e-02    6.0847e-02
  359.5    4.5835e+00    3.6990e+00    2.3911e-01    8.1568e-02
  17   120  14.31   60.0    1.0    0.0   ----------------------------
    2.5    3.2184e+00    3.2921e+00   -2.2392e-02    1.1296e-01
    5.5    2.7351e+00    3.2921e+00   -1.6921e-01    9.7735e-02
    8.5    2.8798e+00    3.2921e+00   -1.2524e-01    1.2468e-01
   11.5    2.7612e+00    3.2921e+00   -1.6129e-01   -7.3588e-02
   14.5    3.3671e+00    3.2921e+00    2.2762e-02   -9.3714e-02
   17.5    3.4033e+00    3.2921e+00    3.3776e-02   -1.7338e-02
   20.5    3.3415e+00    3.2921e+00    1.4987e-02    1.1898e-02
   23.5    3.6355e+00    3.2921e+00    1.0431e-01   -2.0921e-02
   26.5    3.6139e+00    3.2921e+00    9.7728e-02   -1.2927e-02
   29.5    3.5613e+00    3.2921e+00    8.1770e-02    5.3120e-02
   32.5    2.8943e+00    3.2921e+00   -1.2083e-01    1.1985e-01
   35.5    2.8353e+00    3.2921e+00   -1.3876e-01    2.7067e-02
   38.5    3.9095e+00    3.2921e+00    1.8752e-01   -8.9353e-02
   41.5    4.8238e+00    3.2921e+00    4.6524e-01   -1.5640e-02
   44.5    5.0843e+00    3.2921e+00    5.4437e-01   -1.1097e-02
   47.5    5.4293e+00    3.2921e+00    6.4918e-01   -6.1004e-03
   50.5    4.4559e+00    3.2921e+00    3.5350e-01   -4.6206e-02
   53.5    2.9943e+00    3.2921e+00   -9.0455e-02    3.2013e-03
   56.5    2.7022e+00    3.2921e+00   -1.7919e-01    2.8753e-02
   59.5    3.1320e+00    3.2921e+00   -4.8653e-02    1.1186e-01
   62.5    3.3710e+00    3.2921e+00    2.3965e-02   -5.7615e-02
   65.5    3.3080e+00    3.2921e+00    4.8230e-03   -5.2352e-02
   68.5    2.9884e+00    3.2921e+00   -9.2251e-02   -4.5516e-02
   71.5    2.4877e+00    3.2921e+00   -2.4436e-01   -2.3086e-02
   74.5    2.7984e+00    3.2921e+00   -1.4996e-01   -7.6781e-02
   77.5    3.1134e+00    3.2921e+00   -5.4298e-02   -8.4072e-02
   80.5    3.2253e+00    3.2921e+00   -2.0312e-02   -1.4423e-02
   83.5    2.8833e+00    3.2921e+00   -1.2418e-01    5.3256e-02
   86.5    2.9267e+00    3.2921e+00   -1.1099e-01    5.7264e-02
   89.5    3.3489e+00    3.2921e+00    1.7234e-02    9.5539e-02
   92.5    3.2088e+00    3.2921e+00   -2.5315e-02    1.1296e-01
   95.5    2.7779e+00    3.2921e+00   -1.5619e-01    9.7735e-02
   98.5    2.5096e+00    3.2921e+00   -2.3771e-01    1.2468e-01
  101.5    2.3973e+00    3.2921e+00   -2.7181e-01   -7.3588e-02
  104.5    2.5004e+00    3.2921e+00   -2.4050e-01   -9.3713e-02
  107.5    2.4703e+00    3.2921e+00   -2.4963e-01   -1.7338e-02
  110.5    2.7505e+00    3.2921e+00   -1.6452e-01    1.1898e-02
  113.5    3.1068e+00    3.2921e+00   -5.6305e-02   -2.0921e-02
  116.5    3.4548e+00    3.2921e+00    4.9423e-02   -1.2927e-02
  119.5    3.1847e+00    3.2921e+00   -3.2649e-02    5.3120e-02
  122.5    2.9371e+00    3.2921e+00   -1.0784e-01    1.1985e-01
  125.5    2.6865e+00    3.2921e+00   -1.8397e-01    2.7067e-02
  128.5    3.3982e+00    3.2921e+00    3.2223e-02   -8.9353e-02
  131.5    3.9771e+00    3.2921e+00    2.0806e-01   -1.5640e-02
  134.5    4.6460e+00    3.2921e+00    4.1124e-01   -1.1097e-02
  137.5    4.8396e+00    3.2921e+00    4.7006e-01   -6.1004e-03
  140.5    4.2655e+00    3.2921e+00    2.9568e-01   -4.6206e-02
  143.5    3.5019e+00    3.2921e+00    6.3717e-02    3.2013e-03
  146.5    2.9228e+00    3.2921e+00   -1.1219e-01    2.8753e-02
  149.5    3.2318e+00    3.2921e+00   -1.8319e-02    1.1186e-01
  152.5    3.7003e+00    3.2921e+00    1.2398e-01   -5.7615e-02
  155.5    3.7595e+00    3.2921e+00    1.4197e-01   -5.2352e-02
  158.5    2.9690e+00    3.2921e+00   -9.8157e-02   -4.5516e-02
  161.5    2.1086e+00    3.2921e+00   -3.5951e-01   -2.3086e-02
  164.5    2.1695e+00    3.2921e+00   -3.4102e-01   -7.6781e-02
  167.5    2.4081e+00    3.2921e+00   -2.6854e-01   -8.4072e-02
  170.5    2.5226e+00    3.2921e+00   -2.3375e-01   -1.4423e-02
  173.5    2.7293e+00    3.2921e+00   -1.7096e-01    5.3256e-02
  176.5    3.3298e+00    3.2921e+00    1.1426e-02    5.7264e-02
  179.5    3.6350e+00    3.2921e+00    1.0414e-01    9.5539e-02
  182.5    3.4461e+00    3.2921e+00    4.6762e-02    1.1296e-01
  185.5    2.9497e+00    3.2921e+00   -1.0401e-01    9.7735e-02
  188.5    2.6628e+00    3.2921e+00   -1.9116e-01    1.2468e-01
  191.5    2.4384e+00    3.2921e+00   -2.5932e-01   -7.3588e-02
  194.5    2.3282e+00    3.2921e+00   -2.9280e-01   -9.3713e-02
  197.5    2.1379e+00    3.2921e+00   -3.5060e-01   -1.7338e-02
  200.5    2.6434e+00    3.2921e+00   -1.9706e-01    1.1898e-02
  203.5    3.4915e+00    3.2921e+00    6.0543e-02   -2.0921e-02
  206.5    3.6830e+00    3.2921e+00    1.1872e-01   -1.2927e-02
  209.5    3.2211e+00    3.2921e+00   -2.1565e-02    5.3120e-02
  212.5    2.9030e+00    3.2921e+00   -1.1819e-01    1.1985e-01
  215.5    3.1149e+00    3.2921e+00   -5.3826e-02    2.7067e-02
  218.5    4.1687e+00    3.2921e+00    2.6625e-01   -8.9353e-02
  221.5    4.9387e+00    3.2921e+00    5.0016e-01   -1.5640e-02
  224.5    5.0486e+00    3.2921e+00    5.3354e-01   -1.1097e-02
  227.5    4.3777e+00    3.2921e+00    3.2974e-01   -6.1004e-03
  230.5    3.4907e+00    3.2921e+00    6.0320e-02   -4.6206e-02
  233.5    2.7047e+00    3.2921e+00   -1.7844e-01    3.2013e-03
  236.5    2.6564e+00    3.2921e+00   -1.9312e-01    2.8753e-02
  239.5    3.0742e+00    3.2921e+00   -6.6202e-02    1.1186e-01
  242.5    3.3944e+00    3.2921e+00    3.1076e-02   -5.7615e-02
  245.5    3.2018e+00    3.2921e+00   -2.7445e-02   -5.2352e-02
  248.5    2.7717e+00    3.2921e+00   -1.5808e-01   -4.5516e-02
  251.5    2.4241e+00    3.2921e+00   -2.6368e-01   -2.3086e-02
  254.5    2.5209e+00    3.2921e+00   -2.3426e-01   -7.6781e-02
  257.5    2.5393e+00    3.2921e+00   -2.2868e-01   -8.4072e-02
  260.5    2.5333e+00    3.2921e+00   -2.3049e-01   -1.4423e-02
  263.5    2.8705e+00    3.2921e+00   -1.2809e-01    5.3256e-02
  266.5    3.1307e+00    3.2921e+00   -4.9040e-02    5.7264e-02
  269.5    3.4286e+00    3.2921e+00    4.1445e-02    9.5539e-02
  272.5    3.0835e+00    3.2921e+00   -6.3384e-02    1.1296e-01
  275.5    2.9129e+00    3.2921e+00   -1.1521e-01    9.7735e-02
  278.5    3.2572e+00    3.2921e+00   -1.0622e-02    1.2468e-01
  281.5    3.0916e+00    3.2921e+00   -6.0929e-02   -7.3588e-02
  284.5    3.0737e+00    3.2921e+00   -6.6352e-02   -9.3713e-02
  287.5    2.6659e+00    3.2921e+00   -1.9024e-01   -1.7338e-02
  290.5    2.6727e+00    3.2921e+00   -1.8815e-01    1.1898e-02
  293.5    3.3748e+00    3.2921e+00    2.5111e-02   -2.0921e-02
  296.5    3.6526e+00    3.2921e+00    1.0950e-01   -1.2927e-02
  299.5    4.2454e+00    3.2921e+00    2.8957e-01    5.3120e-02
  302.5    4.1215e+00    3.2921e+00    2.5192e-01    1.1985e-01
  305.5    3.8624e+00    3.2921e+00    1.7321e-01    2.7067e-02
  308.5    4.0909e+00    3.2921e+00    2.4262e-01   -8.9353e-02
  311.5    4.6279e+00    3.2921e+00    4.0576e-01   -1.5640e-02
  314.5    5.0468e+00    3.2921e+00    5.3298e-01   -1.1097e-02
  317.5    4.6941e+00    3.2921e+00    4.2584e-01   -6.1004e-03
  320.5    3.6954e+00    3.2921e+00    1.2251e-01   -4.6206e-02
  323.5    3.3146e+00    3.2921e+00    6.8201e-03    3.2013e-03
  326.5    3.7344e+00    3.2921e+00    1.3435e-01    2.8753e-02
  329.5    3.9635e+00    3.2921e+00    2.0393e-01    1.1186e-01
  332.5    3.7139e+00    3.2921e+00    1.2811e-01   -5.7615e-02
  335.5    3.5402e+00    3.2921e+00    7.5354e-02   -5.2352e-02
  338.5    3.1882e+00    3.2921e+00   -3.1563e-02   -4.5516e-02
  341.5    3.2591e+00    3.2921e+00   -1.0030e-02   -2.3086e-02
  344.5    3.4163e+00    3.2921e+00    3.7721e-02   -7.6781e-02
  347.5    2.8998e+00    3.2921e+00   -1.1918e-01   -8.4072e-02
  350.5    2.7340e+00    3.2921e+00   -1.6952e-01   -1.4423e-02
  353.5    2.6486e+00    3.2921e+00   -1.9548e-01    5.3256e-02
  356.5    2.8789e+00    3.2921e+00   -1.2552e-01    5.7264e-02
  359.5    3.9722e+00    3.2921e+00    2.0656e-01    9.5539e-02
  18   120  14.31   63.0    1.0    0.0   ----------------------------
    2.5    4.4619e+00    3.2356e+00    3.7900e-01    1.0547e-01
    5.5    3.8738e+00    3.2356e+00    1.9724e-01    7.3973e-02
    8.5    3.2294e+00    3.2356e+00   -1.9078e-03   -5.0058e-03
   11.5    2.7573e+00    3.2356e+00   -1.4784e-01   -4.6148e-02
   14.5    3.0881e+00    3.2356e+00   -4.5599e-02    1.7398e-03
   17.5    3.4836e+00    3.2356e+00    7.6647e-02    1.1656e-02
   20.5    3.6164e+00    3.2356e+00    1.1768e-01    1.1397e-01
   23.5    3.5087e+00    3.2356e+00    8.4402e-02    2.8920e-02
   26.5    3.2131e+00    3.2356e+00   -6.9427e-03   -2.2824e-02
   29.5    3.3082e+00    3.2356e+00    2.2449e-02    2.2249e-02
   32.5    2.4381e+00    3.2356e+00   -2.4649e-01    1.7492e-02
   35.5    2.0308e+00    3.2356e+00   -3.7237e-01   -2.3349e-02
   38.5    2.4433e+00    3.2356e+00   -2.4487e-01   -1.0125e-01
   41.5    2.9938e+00    3.2356e+00   -7.4736e-02   -9.8151e-02
   44.5    3.1717e+00    3.2356e+00   -1.9738e-02   -3.2633e-02
   47.5    3.1146e+00    3.2356e+00   -3.7413e-02   -2.3684e-02
   50.5    2.6507e+00    3.2356e+00   -1.8079e-01   -6.6417e-02
   53.5    2.0627e+00    3.2356e+00   -3.6249e-01   -1.2229e-01
   56.5    2.2861e+00    3.2356e+00   -2.9344e-01   -9.9457e-02
   59.5    2.9258e+00    3.2356e+00   -9.5747e-02   -6.0398e-02
   62.5    3.2498e+00    3.2356e+00    4.3794e-03    3.9614e-03
   65.5    3.3736e+00    3.2356e+00    4.2632e-02    7.6207e-03
   68.5    3.1717e+00    3.2356e+00   -1.9765e-02    4.2370e-02
   71.5    2.6158e+00    3.2356e+00   -1.9156e-01    3.3331e-02
   74.5    2.4994e+00    3.2356e+00   -2.2752e-01    1.1143e-02
   77.5    3.3322e+00    3.2356e+00    2.9851e-02   -1.0755e-02
   80.5    3.4647e+00    3.2356e+00    7.0810e-02   -7.8019e-02
   83.5    3.8388e+00    3.2356e+00    1.8644e-01    5.9243e-03
   86.5    4.1929e+00    3.2356e+00    2.9586e-01    1.6701e-01
   89.5    4.6680e+00    3.2356e+00    4.4268e-01    2.8854e-01
   92.5    4.8047e+00    3.2356e+00    4.8493e-01    1.0547e-01
   95.5    3.9491e+00    3.2356e+00    2.2052e-01    7.3973e-02
   98.5    2.6844e+00    3.2356e+00   -1.7035e-01   -5.0058e-03
  101.5    2.2503e+00    3.2356e+00   -3.0451e-01   -4.6148e-02
  104.5    2.3281e+00    3.2356e+00   -2.8048e-01    1.7398e-03
  107.5    2.6741e+00    3.2356e+00   -1.7356e-01    1.1656e-02
  110.5    3.3666e+00    3.2356e+00    4.0491e-02    1.1397e-01
  113.5    3.5317e+00    3.2356e+00    9.1495e-02    2.8920e-02
  116.5    3.5274e+00    3.2356e+00    9.0166e-02   -2.2824e-02
  119.5    3.2465e+00    3.2356e+00    3.3590e-03    2.2249e-02
  122.5    2.3918e+00    3.2356e+00   -2.6080e-01    1.7492e-02
  125.5    2.1533e+00    3.2356e+00   -3.3451e-01   -2.3349e-02
  128.5    2.5613e+00    3.2356e+00   -2.0841e-01   -1.0125e-01
  131.5    3.2765e+00    3.2356e+00    1.2626e-02   -9.8151e-02
  134.5    3.7857e+00    3.2356e+00    1.7002e-01   -3.2633e-02
  137.5    3.8668e+00    3.2356e+00    1.9508e-01   -2.3684e-02
  140.5    3.3224e+00    3.2356e+00    2.6835e-02   -6.6417e-02
  143.5    2.7101e+00    3.2356e+00   -1.6241e-01   -1.2229e-01
  146.5    2.4303e+00    3.2356e+00   -2.4889e-01   -9.9457e-02
  149.5    3.1269e+00    3.2356e+00   -3.3585e-02   -6.0398e-02
  152.5    3.6686e+00    3.2356e+00    1.3383e-01    3.9614e-03
  155.5    4.0046e+00    3.2356e+00    2.3765e-01    7.6207e-03
  158.5    3.5947e+00    3.2356e+00    1.1098e-01    4.2370e-02
  161.5    2.6265e+00    3.2356e+00   -1.8824e-01    3.3331e-02
  164.5    2.2296e+00    3.2356e+00   -3.1093e-01    1.1143e-02
  167.5    2.5341e+00    3.2356e+00   -2.1682e-01   -1.0755e-02
  170.5    2.6350e+00    3.2356e+00   -1.8563e-01   -7.8019e-02
  173.5    3.4096e+00    3.2356e+00    5.3769e-02    5.9243e-03
  176.5    4.4290e+00    3.2356e+00    3.6884e-01    1.6701e-01
  179.5    5.2384e+00    3.2356e+00    6.1899e-01    2.8854e-01
  182.5    4.8440e+00    3.2356e+00    4.9708e-01    1.0547e-01
  185.5    3.7776e+00    3.2356e+00    1.6751e-01    7.3973e-02
  188.5    2.8521e+00    3.2356e+00   -1.1854e-01   -5.0058e-03
  191.5    2.6531e+00    3.2356e+00   -1.8002e-01   -4.6148e-02
  194.5    2.4024e+00    3.2356e+00   -2.5750e-01    1.7398e-03
  197.5    2.5122e+00    3.2356e+00   -2.2359e-01    1.1656e-02
  200.5    3.1456e+00    3.2356e+00   -2.7825e-02    1.1397e-01
  203.5    3.7265e+00    3.2356e+00    1.5171e-01    2.8920e-02
  206.5    3.8183e+00    3.2356e+00    1.8009e-01   -2.2824e-02
  209.5    3.6399e+00    3.2356e+00    1.2494e-01    2.2249e-02
  212.5    2.6674e+00    3.2356e+00   -1.7562e-01    1.7492e-02
  215.5    2.4582e+00    3.2356e+00   -2.4027e-01   -2.3349e-02
  218.5    2.9823e+00    3.2356e+00   -7.8279e-02   -1.0125e-01
  221.5    3.7333e+00    3.2356e+00    1.5381e-01   -9.8151e-02
  224.5    3.9780e+00    3.2356e+00    2.2945e-01   -3.2633e-02
  227.5    3.3659e+00    3.2356e+00    4.0276e-02   -2.3684e-02
  230.5    2.5051e+00    3.2356e+00   -2.2576e-01   -6.6417e-02
  233.5    2.0264e+00    3.2356e+00   -3.7371e-01   -1.2229e-01
  236.5    2.3817e+00    3.2356e+00   -2.6390e-01   -9.9457e-02
  239.5    3.3547e+00    3.2356e+00    3.6795e-02   -6.0398e-02
  242.5    3.5793e+00    3.2356e+00    1.0621e-01    3.9614e-03
  245.5    3.3870e+00    3.2356e+00    4.6800e-02    7.6207e-03
  248.5    3.0231e+00    3.2356e+00   -6.5672e-02    4.2370e-02
  251.5    2.5986e+00    3.2356e+00   -1.9688e-01    3.3331e-02
  254.5    2.4298e+00    3.2356e+00   -2.4904e-01    1.1143e-02
  257.5    2.2586e+00    3.2356e+00   -3.0197e-01   -1.0755e-02
  260.5    2.6524e+00    3.2356e+00   -1.8026e-01   -7.8019e-02
  263.5    3.9017e+00    3.2356e+00    2.0586e-01    5.9243e-03
  266.5    4.7211e+00    3.2356e+00    4.5909e-01    1.6701e-01
  269.5    4.6637e+00    3.2356e+00    4.4138e-01    2.8854e-01
  272.5    4.2344e+00    3.2356e+00    3.0870e-01    1.0547e-01
  275.5    4.1748e+00    3.2356e+00    2.9027e-01    7.3973e-02
  278.5    3.7012e+00    3.2356e+00    1.4390e-01   -5.0058e-03
  281.5    3.3825e+00    3.2356e+00    4.5398e-02   -4.6148e-02
  284.5    2.8896e+00    3.2356e+00   -1.0694e-01    1.7398e-03
  287.5    2.2992e+00    3.2356e+00   -2.8942e-01    1.1656e-02
  290.5    2.9211e+00    3.2356e+00   -9.7217e-02    1.1397e-01
  293.5    3.2994e+00    3.2356e+00    1.9726e-02    2.8920e-02
  296.5    3.5372e+00    3.2356e+00    9.3201e-02   -2.2824e-02
  299.5    3.5750e+00    3.2356e+00    1.0488e-01    2.2249e-02
  302.5    3.3386e+00    3.2356e+00    3.1832e-02    1.7492e-02
  305.5    3.0644e+00    3.2356e+00   -5.2914e-02   -2.3349e-02
  308.5    2.9394e+00    3.2356e+00   -9.1543e-02   -1.0125e-01
  311.5    3.2767e+00    3.2356e+00    1.2703e-02   -9.8151e-02
  314.5    3.5452e+00    3.2356e+00    9.5696e-02   -3.2633e-02
  317.5    3.1734e+00    3.2356e+00   -1.9241e-02   -2.3684e-02
  320.5    2.5813e+00    3.2356e+00   -2.0221e-01   -6.6417e-02
  323.5    2.7178e+00    3.2356e+00   -1.6003e-01   -1.2229e-01
  326.5    3.0945e+00    3.2356e+00   -4.3625e-02   -9.9457e-02
  329.5    3.5901e+00    3.2356e+00    1.0956e-01   -6.0398e-02
  332.5    3.2378e+00    3.2356e+00    6.6209e-04    3.9614e-03
  335.5    3.5243e+00    3.2356e+00    8.9210e-02    7.6207e-03
  338.5    3.4627e+00    3.2356e+00    7.0179e-02    4.2370e-02
  341.5    3.2951e+00    3.2356e+00    1.8401e-02    3.3331e-02
  344.5    3.1739e+00    3.2356e+00   -1.9057e-02    1.1143e-02
  347.5    2.7875e+00    3.2356e+00   -1.3850e-01   -1.0755e-02
  350.5    3.0173e+00    3.2356e+00   -6.7478e-02   -7.8019e-02
  353.5    3.6946e+00    3.2356e+00    1.4187e-01    5.9242e-03
  356.5    4.1551e+00    3.2356e+00    2.8417e-01    1.6701e-01
  359.5    5.1263e+00    3.2356e+00    5.8433e-01    2.8854e-01
  19   120  14.31   66.0    1.0    0.0   ----------------------------
    2.5    4.5051e+00    3.1226e+00    4.4273e-01    7.3588e-02
    5.5    3.6627e+00    3.1226e+00    1.7296e-01   -3.1075e-03
    8.5    3.0311e+00    3.1226e+00   -2.9302e-02   -6.6903e-02
   11.5    2.8561e+00    3.1226e+00   -8.5359e-02   -4.6389e-02
   14.5    3.9971e+00    3.1226e+00    2.8007e-01    2.2073e-02
   17.5    4.1580e+00    3.1226e+00    3.3158e-01    1.0089e-01
   20.5    4.1339e+00    3.1226e+00    3.2388e-01    1.9259e-01
   23.5    3.4191e+00    3.1226e+00    9.4970e-02    8.0941e-02
   26.5    2.7392e+00    3.1226e+00   -1.2278e-01    4.6396e-02
   29.5    2.2589e+00    3.1226e+00   -2.7661e-01    3.2035e-02
   32.5    1.7766e+00    3.1226e+00   -4.3104e-01   -1.0765e-01
   35.5    1.5495e+00    3.1226e+00   -5.0379e-01   -9.2682e-02
   38.5    2.0419e+00    3.1226e+00   -3.4609e-01   -1.5610e-01
   41.5    2.6102e+00    3.1226e+00   -1.6409e-01   -4.9532e-02
   44.5    3.0255e+00    3.1226e+00   -3.1094e-02    4.6051e-02
   47.5    2.7572e+00    3.1226e+00   -1.1702e-01    5.4386e-02
   50.5    2.3897e+00    3.1226e+00   -2.3470e-01   -7.2344e-02
   53.5    1.8039e+00    3.1226e+00   -4.2229e-01   -8.1433e-02
   56.5    1.6215e+00    3.1226e+00   -4.8073e-01   -1.4613e-01
   59.5    2.1143e+00    3.1226e+00   -3.2289e-01   -6.1841e-02
   62.5    2.6005e+00    3.1226e+00   -1.6719e-01    2.3946e-02
   65.5    3.0911e+00    3.1226e+00   -1.0071e-02    2.7018e-02
   68.5    3.3168e+00    3.1226e+00    6.2192e-02    7.9931e-02
   71.5    3.2760e+00    3.1226e+00    4.9113e-02    1.2456e-01
   74.5    3.2170e+00    3.1226e+00    3.0241e-02    1.4634e-01
   77.5    3.5479e+00    3.1226e+00    1.3620e-01   -8.3820e-04
   80.5    3.4526e+00    3.1226e+00    1.0567e-01   -1.0596e-01
   83.5    3.6696e+00    3.1226e+00    1.7519e-01   -6.5530e-02
   86.5    4.3161e+00    3.1226e+00    3.8222e-01    1.3674e-03
   89.5    5.2459e+00    3.1226e+00    6.7997e-01    1.2749e-01
   92.5    5.3411e+00    3.1226e+00    7.1048e-01    7.3588e-02
   95.5    3.8017e+00    3.1226e+00    2.1747e-01   -3.1075e-03
   98.5    2.5128e+00    3.1226e+00   -1.9529e-01   -6.6903e-02
  101.5    2.5103e+00    3.1226e+00   -1.9609e-01   -4.6389e-02
  104.5    3.2088e+00    3.1226e+00    2.7620e-02    2.2073e-02
  107.5    3.6373e+00    3.1226e+00    1.6483e-01    1.0089e-01
  110.5    3.5584e+00    3.1226e+00    1.3956e-01    1.9259e-01
  113.5    3.3061e+00    3.1226e+00    5.8760e-02    8.0941e-02
  116.5    2.9620e+00    3.1226e+00   -5.1415e-02    4.6396e-02
  119.5    2.3656e+00    3.1226e+00   -2.4243e-01    3.2035e-02
  122.5    1.7612e+00    3.1226e+00   -4.3597e-01   -1.0765e-01
  125.5    1.4326e+00    3.1226e+00   -5.4122e-01   -9.2682e-02
  128.5    2.1075e+00    3.1226e+00   -3.2508e-01   -1.5610e-01
  131.5    3.1535e+00    3.1226e+00    9.9092e-03   -4.9532e-02
  134.5    3.8613e+00    3.1226e+00    2.3656e-01    4.6051e-02
  137.5    3.5408e+00    3.1226e+00    1.3393e-01    5.4386e-02
  140.5    2.9974e+00    3.1226e+00   -4.0085e-02   -7.2344e-02
  143.5    2.1833e+00    3.1226e+00   -3.0080e-01   -8.1433e-02
  146.5    1.6856e+00    3.1226e+00   -4.6019e-01   -1.4613e-01
  149.5    2.3440e+00    3.1226e+00   -2.4934e-01   -6.1841e-02
  152.5    2.9399e+00    3.1226e+00   -5.8493e-02    2.3946e-02
  155.5    3.3943e+00    3.1226e+00    8.7000e-02    2.7018e-02
  158.5    3.2782e+00    3.1226e+00    4.9823e-02    7.9931e-02
  161.5    3.2495e+00    3.1226e+00    4.0641e-02    1.2456e-01
  164.5    3.5728e+00    3.1226e+00    1.4418e-01    1.4634e-01
  167.5    3.1308e+00    3.1226e+00    2.6201e-03   -8.3820e-04
  170.5    2.7294e+00    3.1226e+00   -1.2591e-01   -1.0596e-01
  173.5    3.1561e+00    3.1226e+00    1.0746e-02   -6.5530e-02
  176.5    4.6195e+00    3.1226e+00    4.7938e-01    1.3674e-03
  179.5    6.2191e+00    3.1226e+00    9.9166e-01    1.2749e-01
  182.5    5.3526e+00    3.1226e+00    7.1416e-01    7.3588e-02
  185.5    3.4966e+00    3.1226e+00    1.1978e-01   -3.1075e-03
  188.5    2.6789e+00    3.1226e+00   -1.4211e-01   -6.6903e-02
  191.5    2.8926e+00    3.1226e+00   -7.3640e-02   -4.6389e-02
  194.5    3.3411e+00    3.1226e+00    6.9969e-02    2.2073e-02
  197.5    3.1378e+00    3.1226e+00    4.8630e-03    1.0089e-01
  200.5    3.0716e+00    3.1226e+00   -1.6315e-02    1.9259e-01
  203.5    3.4260e+00    3.1226e+00    9.7176e-02    8.0941e-02
  206.5    3.3530e+00    3.1226e+00    7.3774e-02    4.6396e-02
  209.5    2.6553e+00    3.1226e+00   -1.4966e-01    3.2035e-02
  212.5    1.8893e+00    3.1226e+00   -3.9495e-01   -1.0765e-01
  215.5    1.8645e+00    3.1226e+00   -4.0291e-01   -9.2682e-02
  218.5    2.6902e+00    3.1226e+00   -1.3848e-01   -1.5610e-01
  221.5    3.4304e+00    3.1226e+00    9.8590e-02   -4.9532e-02
  224.5    3.8618e+00    3.1226e+00    2.3673e-01    4.6051e-02
  227.5    3.3402e+00    3.1226e+00    6.9679e-02    5.4386e-02
  230.5    2.4970e+00    3.1226e+00   -2.0034e-01   -7.2344e-02
  233.5    1.6356e+00    3.1226e+00   -4.7621e-01   -8.1433e-02
  236.5    1.6368e+00    3.1226e+00   -4.7582e-01   -1.4613e-01
  239.5    2.3927e+00    3.1226e+00   -2.3374e-01   -6.1841e-02
  242.5    2.6636e+00    3.1226e+00   -1.4699e-01    2.3946e-02
  245.5    3.0073e+00    3.1226e+00   -3.6938e-02    2.7018e-02
  248.5    2.9299e+00    3.1226e+00   -6.1725e-02    7.9931e-02
  251.5    3.2595e+00    3.1226e+00    4.3839e-02    1.2456e-01
  254.5    3.5382e+00    3.1226e+00    1.3311e-01    1.4634e-01
  257.5    2.6783e+00    3.1226e+00   -1.4227e-01   -8.3820e-04
  260.5    2.4584e+00    3.1226e+00   -2.1271e-01   -1.0596e-01
  263.5    3.6858e+00    3.1226e+00    1.8037e-01   -6.5530e-02
  266.5    4.8445e+00    3.1226e+00    5.5145e-01    1.3674e-03
  269.5    5.0411e+00    3.1226e+00    6.1441e-01    1.2749e-01
  272.5    4.5293e+00    3.1226e+00    4.5049e-01    7.3588e-02
  275.5    4.1553e+00    3.1226e+00    3.3071e-01   -3.1075e-03
  278.5    3.6835e+00    3.1226e+00    1.7964e-01   -6.6903e-02
  281.5    3.5633e+00    3.1226e+00    1.4113e-01   -4.6389e-02
  284.5    3.3319e+00    3.1226e+00    6.7027e-02    2.2073e-02
  287.5    3.1073e+00    3.1226e+00   -4.9105e-03    1.0089e-01
  290.5    3.1850e+00    3.1226e+00    1.9995e-02    1.9259e-01
  293.5    3.2372e+00    3.1226e+00    3.6712e-02    8.0941e-02
  296.5    2.7038e+00    3.1226e+00   -1.3412e-01    4.6396e-02
  299.5    2.3070e+00    3.1226e+00   -2.6119e-01    3.2035e-02
  302.5    2.0924e+00    3.1226e+00   -3.2992e-01   -1.0765e-01
  305.5    2.0361e+00    3.1226e+00   -3.4796e-01   -9.2682e-02
  308.5    2.5690e+00    3.1226e+00   -1.7728e-01   -1.5610e-01
  311.5    2.9659e+00    3.1226e+00   -5.0192e-02   -4.9532e-02
  314.5    3.4066e+00    3.1226e+00    9.0938e-02    4.6051e-02
  317.5    2.8467e+00    3.1226e+00   -8.8338e-02    5.4386e-02
  320.5    2.5203e+00    3.1226e+00   -1.9288e-01   -7.2344e-02
  323.5    2.2969e+00    3.1226e+00   -2.6442e-01   -8.1433e-02
  326.5    2.1975e+00    3.1226e+00   -2.9627e-01   -1.4613e-01
  329.5    2.1950e+00    3.1226e+00   -2.9707e-01   -6.1841e-02
  332.5    2.6475e+00    3.1226e+00   -1.5214e-01    2.3946e-02
  335.5    3.1694e+00    3.1226e+00    1.4992e-02    2.7018e-02
  338.5    3.3411e+00    3.1226e+00    6.9975e-02    7.9931e-02
  341.5    3.8507e+00    3.1226e+00    2.3318e-01    1.2456e-01
  344.5    4.0373e+00    3.1226e+00    2.9293e-01    1.4634e-01
  347.5    3.2417e+00    3.1226e+00    3.8145e-02   -8.3820e-04
  350.5    2.9252e+00    3.1226e+00   -6.3200e-02   -1.0596e-01
  353.5    3.6747e+00    3.1226e+00    1.7680e-01   -6.5530e-02
  356.5    4.2524e+00    3.1226e+00    3.6180e-01    1.3674e-03
  359.5    5.1445e+00    3.1226e+00    6.4750e-01    1.2749e-01
  20   120  14.31   69.0    1.0    0.0   ----------------------------
    2.5    3.4692e+00    2.9004e+00    1.9612e-01   -4.7671e-02
    5.5    2.9242e+00    2.9004e+00    8.2240e-03   -8.8872e-02
    8.5    2.7640e+00    2.9004e+00   -4.7022e-02   -1.6353e-01
   11.5    3.0877e+00    2.9004e+00    6.4605e-02   -9.7165e-02
   14.5    4.3255e+00    2.9004e+00    4.9135e-01    9.6053e-02
   17.5    4.4355e+00    2.9004e+00    5.2927e-01    2.3431e-01
   20.5    3.5785e+00    2.9004e+00    2.3382e-01    2.1540e-01
   23.5    2.9852e+00    2.9004e+00    2.9247e-02    1.5044e-01
   26.5    2.3488e+00    2.9004e+00   -1.9016e-01    5.4903e-03
   29.5    1.9997e+00    2.9004e+00   -3.1053e-01   -5.9775e-02
   32.5    1.6490e+00    2.9004e+00   -4.3146e-01   -1.1543e-01
   35.5    1.8454e+00    2.9004e+00   -3.6373e-01   -9.3086e-02
   38.5    2.3292e+00    2.9004e+00   -1.9694e-01   -5.3358e-02
   41.5    3.0825e+00    2.9004e+00    6.2795e-02   -6.0166e-02
   44.5    3.6748e+00    2.9004e+00    2.6703e-01    3.7386e-02
   47.5    3.1997e+00    2.9004e+00    1.0319e-01    8.8231e-02
   50.5    2.5828e+00    2.9004e+00   -1.0950e-01   -1.4716e-02
   53.5    2.1253e+00    2.9004e+00   -2.6723e-01   -7.5176e-02
   56.5    1.6584e+00    2.9004e+00   -4.2821e-01   -1.0947e-01
   59.5    2.0731e+00    2.9004e+00   -2.8524e-01   -6.5774e-02
   62.5    2.5365e+00    2.9004e+00   -1.2544e-01   -2.2550e-04
   65.5    2.5043e+00    2.9004e+00   -1.3657e-01    2.7923e-02
   68.5    2.7811e+00    2.9004e+00   -4.1106e-02    1.3484e-01
   71.5    3.3216e+00    2.9004e+00    1.4524e-01    3.1734e-01
   74.5    3.3884e+00    2.9004e+00    1.6827e-01    1.4462e-01
   77.5    3.0755e+00    2.9004e+00    6.0390e-02    1.8507e-02
   80.5    2.8578e+00    2.9004e+00   -1.4679e-02   -1.2644e-01
   83.5    2.7885e+00    2.9004e+00   -3.8578e-02   -8.9352e-02
   86.5    3.2975e+00    2.9004e+00    1.3691e-01   -2.4512e-02
   89.5    4.4119e+00    2.9004e+00    5.2116e-01   -6.1374e-02
   92.5    4.3543e+00    2.9004e+00    5.0128e-01   -4.7671e-02
   95.5    3.0001e+00    2.9004e+00    3.4396e-02   -8.8872e-02
   98.5    2.0618e+00    2.9004e+00   -2.8912e-01   -1.6353e-01
  101.5    2.1269e+00    2.9004e+00   -2.6667e-01   -9.7165e-02
  104.5    3.4783e+00    2.9004e+00    1.9925e-01    9.6053e-02
  107.5    4.0886e+00    2.9004e+00    4.0968e-01    2.3431e-01
  110.5    3.4747e+00    2.9004e+00    1.9802e-01    2.1540e-01
  113.5    2.5697e+00    2.9004e+00   -1.1402e-01    1.5044e-01
  116.5    2.5275e+00    2.9004e+00   -1.2857e-01    5.4903e-03
  119.5    2.0658e+00    2.9004e+00   -2.8775e-01   -5.9775e-02
  122.5    1.4473e+00    2.9004e+00   -5.0098e-01   -1.1543e-01
  125.5    1.5515e+00    2.9004e+00   -4.6505e-01   -9.3086e-02
  128.5    2.1444e+00    2.9004e+00   -2.6065e-01   -5.3358e-02
  131.5    3.4918e+00    2.9004e+00    2.0392e-01   -6.0166e-02
  134.5    4.2987e+00    2.9004e+00    4.8211e-01    3.7386e-02
  137.5    3.8334e+00    2.9004e+00    3.2168e-01    8.8231e-02
  140.5    2.8610e+00    2.9004e+00   -1.3562e-02   -1.4716e-02
  143.5    2.0994e+00    2.9004e+00   -2.7614e-01   -7.5176e-02
  146.5    1.4774e+00    2.9004e+00   -4.9063e-01   -1.0947e-01
  149.5    1.7904e+00    2.9004e+00   -3.8269e-01   -6.5774e-02
  152.5    2.4228e+00    2.9004e+00   -1.6465e-01   -2.2550e-04
  155.5    2.5982e+00    2.9004e+00   -1.0417e-01    2.7923e-02
  158.5    2.9314e+00    2.9004e+00    1.0712e-02    1.3484e-01
  161.5    3.7606e+00    2.9004e+00    2.9658e-01    3.1734e-01
  164.5    3.9849e+00    2.9004e+00    3.7392e-01    1.4462e-01
  167.5    2.8199e+00    2.9004e+00   -2.7736e-02    1.8507e-02
  170.5    2.1374e+00    2.9004e+00   -2.6306e-01   -1.2644e-01
  173.5    2.2619e+00    2.9004e+00   -2.2015e-01   -8.9352e-02
  176.5    3.0256e+00    2.9004e+00    4.3190e-02   -2.4512e-02
  179.5    4.4516e+00    2.9004e+00    5.3485e-01   -6.1374e-02
  182.5    3.7708e+00    2.9004e+00    3.0011e-01   -4.7671e-02
  185.5    2.3338e+00    2.9004e+00   -1.9533e-01   -8.8872e-02
  188.5    2.1130e+00    2.9004e+00   -2.7149e-01   -1.6353e-01
  191.5    2.4619e+00    2.9004e+00   -1.5118e-01   -9.7165e-02
  194.5    3.4568e+00    2.9004e+00    1.9185e-01    9.6053e-02
  197.5    3.6758e+00    2.9004e+00    2.6737e-01    2.3431e-01
  200.5    2.9575e+00    2.9004e+00    1.9712e-02    2.1540e-01
  203.5    2.5332e+00    2.9004e+00   -1.2659e-01    1.5044e-01
  206.5    2.7445e+00    2.9004e+00   -5.3724e-02    5.4903e-03
  209.5    2.1033e+00    2.9004e+00   -2.7481e-01   -5.9775e-02
  212.5    1.4364e+00    2.9004e+00   -5.0476e-01   -1.1543e-01
  215.5    1.7050e+00    2.9004e+00   -4.1216e-01   -9.3086e-02
  218.5    2.6275e+00    2.9004e+00   -9.4084e-02   -5.3358e-02
  221.5    3.6093e+00    2.9004e+00    2.4444e-01   -6.0166e-02
  224.5    4.2571e+00    2.9004e+00    4.6778e-01    3.7386e-02
  227.5    3.8630e+00    2.9004e+00    3.3191e-01    8.8231e-02
  230.5    2.6160e+00    2.9004e+00   -9.8048e-02   -1.4716e-02
  233.5    1.8464e+00    2.9004e+00   -3.6340e-01   -7.5176e-02
  236.5    1.3631e+00    2.9004e+00   -5.3003e-01   -1.0947e-01
  239.5    1.8068e+00    2.9004e+00   -3.7705e-01   -6.5774e-02
  242.5    2.0791e+00    2.9004e+00   -2.8315e-01   -2.2560e-04
  245.5    2.4225e+00    2.9004e+00   -1.6475e-01    2.7923e-02
  248.5    2.8664e+00    2.9004e+00   -1.1697e-02    1.3484e-01
  251.5    3.8283e+00    2.9004e+00    3.1994e-01    3.1734e-01
  254.5    4.4123e+00    2.9004e+00    5.2130e-01    1.4462e-01
  257.5    2.6474e+00    2.9004e+00   -8.7230e-02    1.8507e-02
  260.5    2.1422e+00    2.9004e+00   -2.6142e-01   -1.2644e-01
  263.5    2.8146e+00    2.9004e+00   -2.9581e-02   -8.9352e-02
  266.5    3.5727e+00    2.9004e+00    2.3180e-01   -2.4512e-02
  269.5    4.1387e+00    2.9004e+00    4.2696e-01   -6.1374e-02
  272.5    3.6867e+00    2.9004e+00    2.7111e-01   -4.7671e-02
  275.5    3.0557e+00    2.9004e+00    5.3549e-02   -8.8872e-02
  278.5    3.0227e+00    2.9004e+00    4.2174e-02   -1.6353e-01
  281.5    3.3315e+00    2.9004e+00    1.4866e-01   -9.7165e-02
  284.5    3.6765e+00    2.9004e+00    2.6758e-01    9.6053e-02
  287.5    3.5924e+00    2.9004e+00    2.3860e-01    2.3431e-01
  290.5    3.0493e+00    2.9004e+00    5.1346e-02    2.1540e-01
  293.5    2.5922e+00    2.9004e+00   -1.0624e-01    1.5044e-01
  296.5    2.6543e+00    2.9004e+00   -8.4852e-02    5.4903e-03
  299.5    2.2743e+00    2.9004e+00   -2.1587e-01   -5.9775e-02
  302.5    1.7617e+00    2.9004e+00   -3.9260e-01   -1.1543e-01
  305.5    1.9803e+00    2.9004e+00   -3.1722e-01   -9.3086e-02
  308.5    2.5735e+00    2.9004e+00   -1.1271e-01   -5.3358e-02
  311.5    3.3862e+00    2.9004e+00    1.6749e-01   -6.0166e-02
  314.5    3.9496e+00    2.9004e+00    3.6176e-01    3.7386e-02
  317.5    3.6194e+00    2.9004e+00    2.4791e-01    8.8231e-02
  320.5    2.7768e+00    2.9004e+00   -4.2601e-02   -1.4716e-02
  323.5    2.4546e+00    2.9004e+00   -1.5369e-01   -7.5176e-02
  326.5    2.0011e+00    2.9004e+00   -3.1005e-01   -1.0947e-01
  329.5    2.2315e+00    2.9004e+00   -2.3060e-01   -6.5774e-02
  332.5    2.7647e+00    2.9004e+00   -4.6784e-02   -2.2550e-04
  335.5    2.7829e+00    2.9004e+00   -4.0509e-02    2.7923e-02
  338.5    2.9132e+00    2.9004e+00    4.4377e-03    1.3484e-01
  341.5    3.9041e+00    2.9004e+00    3.4606e-01    3.1734e-01
  344.5    4.9868e+00    2.9004e+00    7.1936e-01    1.4462e-01
  347.5    3.6446e+00    2.9004e+00    2.5661e-01    1.8507e-02
  350.5    2.8198e+00    2.9004e+00   -2.7794e-02   -1.2644e-01
  353.5    3.1319e+00    2.9004e+00    7.9830e-02   -8.9352e-02
  356.5    3.0446e+00    2.9004e+00    4.9742e-02   -2.4512e-02
  359.5    3.9369e+00    2.9004e+00    3.5738e-01   -6.1374e-02

fitted parameters ( nfit =  0  nfollow =  0  )

   r-factora =    0.6404   r-factorb =    0.7680

    0     4.00    205.0    3.037           general vinner tdebye lattice
    1  0.47000  1.84000  0.94369  0.94369  layer spacing length units
    2  0.47000  1.84000  0.94369  0.94369  layer spacing length units
    3  0.47000  0.66729  0.94369  0.94369  layer spacing length units
    4  0.47000  0.89900  0.94369  0.94369  layer spacing length units
    5  0.47000  0.68100  0.94369  0.94369  layer spacing length units
    6  0.47185  0.87800  0.94369  0.94369  layer spacing length units
    7  0.57491  0.89562  1.00000  1.90912  layer spacing length units
    8  0.01581  0.03820  1.00000  1.90912  layer spacing length units
    9  0.01581  0.66184  1.00000  1.90912  layer spacing length units
                                           unit: lattice constant

   r-factora=sum((chic-chie)*(chic-chie))/(sum(chic*chic+chie*chie)
   r-factorb=sum(chic*chic-chie*chie)/sum(chic*chic+chie*chie)

This calculation took   80 processor seconds on    1 Linux Cluster
     starting on Thu Oct  8 15:43:42 2026
   and ending on Thu Oct  8 15:44:09 2026

