-----------------------------------------------------------------
Calculation of photoelectron diffraction and dichroism
MSCD Parallel  Version 1.37 Yufeng Chen and Michel A Van Hove
Lawrence Berkeley National Laboratory (LBNL), Berkeley, CA 94720
Copyright (c) Van Hove Group 1997-1998. All rights reserved
-----------------------------------------------------------------


_____________________________________
Job   1 of   1

       0      20       6       4   linitial lnum msorder raorder
     367       7       3       9   natoms emiters katoms nlayer
     223       0       0    2400   scanmode nfit nfollow npoint

Analyzing, please wait ...
Reanalyzing, please wait ...
Reanalyzing, please wait ...

This job allocated  592.9 megabytes memory in    1 processor


Multiple scattering calculation (msorder=6 raorder=4)

    0.00% of try   1, job   1 of   1 completed.

number           kout          theta            phi      intensity
     1          14.31          12.00           2.50      4.3000569
    0.04% of job   1 of   1 completed.

number           kout          theta            phi      intensity
     2          14.31          12.00           5.50      4.2537379
    0.08% of job   1 of   1 completed.

number           kout          theta            phi      intensity
     3          14.31          12.00           8.50      4.2465539
    0.12% of job   1 of   1 completed.

number           kout          theta            phi      intensity
     4          14.31          12.00          11.50      4.2870893
    0.17% of job   1 of   1 completed.

number           kout          theta            phi      intensity
     5          14.31          12.00          14.50      4.4611821
    0.21% of job   1 of   1 completed.

number           kout          theta            phi      intensity
     6          14.31          12.00          17.50      4.6474109
    0.25% of job   1 of   1 completed.

number           kout          theta            phi      intensity
     7          14.31          12.00          20.50      4.8909488
    0.29% of job   1 of   1 completed.

number           kout          theta            phi      intensity
     8          14.31          12.00          23.50      5.1492820
    0.33% of job   1 of   1 completed.

number           kout          theta            phi      intensity
     9          14.31          12.00          26.50      5.3888659
    0.38% of job   1 of   1 completed.

number           kout          theta            phi      intensity
    10          14.31          12.00          29.50      5.5040994
    0.42% of job   1 of   1 completed.

number           kout          theta            phi      intensity
    11          14.31          12.00          32.50      5.4984775
    0.46% of job   1 of   1 completed.

number           kout          theta            phi      intensity
    12          14.31          12.00          35.50      5.6126447
    0.50% of job   1 of   1 completed.

number           kout          theta            phi      intensity
    13          14.31          12.00          38.50      5.7628522
    0.54% of job   1 of   1 completed.

number           kout          theta            phi      intensity
    14          14.31          12.00          41.50      5.7849636
    0.58% of job   1 of   1 completed.

number           kout          theta            phi      intensity
    15          14.31          12.00          44.50      5.6452317
    0.62% of job   1 of   1 completed.

number           kout          theta            phi      intensity
    16          14.31          12.00          47.50      5.4639277
    0.67% of job   1 of   1 completed.

number           kout          theta            phi      intensity
    17          14.31          12.00          50.50      5.3271308
    0.71% of job   1 of   1 completed.

number           kout          theta            phi      intensity
    18          14.31          12.00          53.50      5.2946210
    0.75% of job   1 of   1 completed.

number           kout          theta            phi      intensity
    19          14.31          12.00          56.50      5.1937857
    0.79% of job   1 of   1 completed.

number           kout          theta            phi      intensity
    20          14.31          12.00          59.50      5.0137429
    0.83% of job   1 of   1 completed.

number           kout          theta            phi      intensity
    21          14.31          12.00          62.50      4.8780375
    0.88% of job   1 of   1 completed.

number           kout          theta            phi      intensity
    22          14.31          12.00          65.50      4.8298788
    0.92% of job   1 of   1 completed.

number           kout          theta            phi      intensity
    23          14.31          12.00          68.50      4.8127112
    0.96% of job   1 of   1 completed.

number           kout          theta            phi      intensity
    24          14.31          12.00          71.50      4.7485290
    1.00% of job   1 of   1 completed.

number           kout          theta            phi      intensity
    25          14.31          12.00          74.50      4.5668988
    1.04% of job   1 of   1 completed.

number           kout          theta            phi      intensity
    26          14.31          12.00          77.50      4.5089478
    1.08% of job   1 of   1 completed.

number           kout          theta            phi      intensity
    27          14.31          12.00          80.50      4.5552988
    1.12% of job   1 of   1 completed.

number           kout          theta            phi      intensity
    28          14.31          12.00          83.50      4.6763783
    1.17% of job   1 of   1 completed.

number           kout          theta            phi      intensity
    29          14.31          12.00          86.50      4.8294778
    1.21% of job   1 of   1 completed.

number           kout          theta            phi      intensity
    30          14.31          12.00          89.50      4.9421954
    1.25% of job   1 of   1 completed.

number           kout          theta            phi      intensity
    31          14.31          12.00          92.50      4.9701142
    1.29% of job   1 of   1 completed.

number           kout          theta            phi      intensity
    32          14.31          12.00          95.50      5.0709167
    1.33% of job   1 of   1 completed.

number           kout          theta            phi      intensity
    33          14.31          12.00          98.50      5.1734653
    1.38% of job   1 of   1 completed.

number           kout          theta            phi      intensity
    34          14.31          12.00         101.50      5.1151681
    1.42% of job   1 of   1 completed.

number           kout          theta            phi      intensity
    35          14.31          12.00         104.50      5.1329498
    1.46% of job   1 of   1 completed.

number           kout          theta            phi      intensity
    36          14.31          12.00         107.50      5.2388844
    1.50% of job   1 of   1 completed.

number           kout          theta            phi      intensity
    37          14.31          12.00         110.50      5.4267673
    1.54% of job   1 of   1 completed.

number           kout          theta            phi      intensity
    38          14.31          12.00         113.50      5.5438905
    1.58% of job   1 of   1 completed.

number           kout          theta            phi      intensity
    39          14.31          12.00         116.50      5.6662350
    1.62% of job   1 of   1 completed.

number           kout          theta            phi      intensity
    40          14.31          12.00         119.50      5.7903543
    1.67% of job   1 of   1 completed.

number           kout          theta            phi      intensity
    41          14.31          12.00         122.50      5.9607129
    1.71% of job   1 of   1 completed.

number           kout          theta            phi      intensity
    42          14.31          12.00         125.50      6.1364193
    1.75% of job   1 of   1 completed.

number           kout          theta            phi      intensity
    43          14.31          12.00         128.50      6.2379012
    1.79% of job   1 of   1 completed.

number           kout          theta            phi      intensity
    44          14.31          12.00         131.50      6.2202029
    1.83% of job   1 of   1 completed.

number           kout          theta            phi      intensity
    45          14.31          12.00         134.50      6.0953221
    1.88% of job   1 of   1 completed.

number           kout          theta            phi      intensity
    46          14.31          12.00         137.50      5.9694057
    1.92% of job   1 of   1 completed.

number           kout          theta            phi      intensity
    47          14.31          12.00         140.50      5.8385358
    1.96% of job   1 of   1 completed.

number           kout          theta            phi      intensity
    48          14.31          12.00         143.50      5.5555687
    2.00% of job   1 of   1 completed.

number           kout          theta            phi      intensity
    49          14.31          12.00         146.50      5.2905002
    2.04% of job   1 of   1 completed.

number           kout          theta            phi      intensity
    50          14.31          12.00         149.50      5.1364775
    2.08% of job   1 of   1 completed.

number           kout          theta            phi      intensity
    51          14.31          12.00         152.50      4.9987483
    2.12% of job   1 of   1 completed.

number           kout          theta            phi      intensity
    52          14.31          12.00         155.50      4.8659468
    2.17% of job   1 of   1 completed.

number           kout          theta            phi      intensity
    53          14.31          12.00         158.50      4.8648176
    2.21% of job   1 of   1 completed.

number           kout          theta            phi      intensity
    54          14.31          12.00         161.50      4.9209981
    2.25% of job   1 of   1 completed.

number           kout          theta            phi      intensity
    55          14.31          12.00         164.50      5.0765052
    2.29% of job   1 of   1 completed.

number           kout          theta            phi      intensity
    56          14.31          12.00         167.50      5.1468616
    2.33% of job   1 of   1 completed.

number           kout          theta            phi      intensity
    57          14.31          12.00         170.50      5.2792583
    2.38% of job   1 of   1 completed.

number           kout          theta            phi      intensity
    58          14.31          12.00         173.50      5.5814304
    2.42% of job   1 of   1 completed.

number           kout          theta            phi      intensity
    59          14.31          12.00         176.50      5.9258094
    2.46% of job   1 of   1 completed.

number           kout          theta            phi      intensity
    60          14.31          12.00         179.50      6.0562654
    2.50% of job   1 of   1 completed.

number           kout          theta            phi      intensity
    61          14.31          12.00         182.50      5.9383082
    2.54% of job   1 of   1 completed.

number           kout          theta            phi      intensity
    62          14.31          12.00         185.50      5.6813469
    2.58% of job   1 of   1 completed.

number           kout          theta            phi      intensity
    63          14.31          12.00         188.50      5.4934869
    2.62% of job   1 of   1 completed.

number           kout          theta            phi      intensity
    64          14.31          12.00         191.50      5.3790555
    2.67% of job   1 of   1 completed.

number           kout          theta            phi      intensity
    65          14.31          12.00         194.50      5.1695476
    2.71% of job   1 of   1 completed.

number           kout          theta            phi      intensity
    66          14.31          12.00         197.50      4.9935169
    2.75% of job   1 of   1 completed.

number           kout          theta            phi      intensity
    67          14.31          12.00         200.50      4.9192157
    2.79% of job   1 of   1 completed.

number           kout          theta            phi      intensity
    68          14.31          12.00         203.50      4.8574929
    2.83% of job   1 of   1 completed.

number           kout          theta            phi      intensity
    69          14.31          12.00         206.50      4.8434730
    2.88% of job   1 of   1 completed.

number           kout          theta            phi      intensity
    70          14.31          12.00         209.50      4.9697118
    2.92% of job   1 of   1 completed.

number           kout          theta            phi      intensity
    71          14.31          12.00         212.50      5.1418242
    2.96% of job   1 of   1 completed.

number           kout          theta            phi      intensity
    72          14.31          12.00         215.50      5.3196597
    3.00% of job   1 of   1 completed.

number           kout          theta            phi      intensity
    73          14.31          12.00         218.50      5.5198364
    3.04% of job   1 of   1 completed.

number           kout          theta            phi      intensity
    74          14.31          12.00         221.50      5.7736592
    3.08% of job   1 of   1 completed.

number           kout          theta            phi      intensity
    75          14.31          12.00         224.50      5.9864845
    3.12% of job   1 of   1 completed.

number           kout          theta            phi      intensity
    76          14.31          12.00         227.50      6.2705326
    3.17% of job   1 of   1 completed.

number           kout          theta            phi      intensity
    77          14.31          12.00         230.50      6.2869778
    3.21% of job   1 of   1 completed.

number           kout          theta            phi      intensity
    78          14.31          12.00         233.50      6.0313382
    3.25% of job   1 of   1 completed.

number           kout          theta            phi      intensity
    79          14.31          12.00         236.50      5.8692794
    3.29% of job   1 of   1 completed.

number           kout          theta            phi      intensity
    80          14.31          12.00         239.50      5.7455850
    3.33% of job   1 of   1 completed.

number           kout          theta            phi      intensity
    81          14.31          12.00         242.50      5.6252770
    3.38% of job   1 of   1 completed.

number           kout          theta            phi      intensity
    82          14.31          12.00         245.50      5.4667568
    3.42% of job   1 of   1 completed.

number           kout          theta            phi      intensity
    83          14.31          12.00         248.50      5.3261409
    3.46% of job   1 of   1 completed.

number           kout          theta            phi      intensity
    84          14.31          12.00         251.50      5.2639050
    3.50% of job   1 of   1 completed.

number           kout          theta            phi      intensity
    85          14.31          12.00         254.50      5.1665425
    3.54% of job   1 of   1 completed.

number           kout          theta            phi      intensity
    86          14.31          12.00         257.50      5.1329165
    3.58% of job   1 of   1 completed.

number           kout          theta            phi      intensity
    87          14.31          12.00         260.50      5.0765324
    3.62% of job   1 of   1 completed.

number           kout          theta            phi      intensity
    88          14.31          12.00         263.50      5.0398679
    3.67% of job   1 of   1 completed.

number           kout          theta            phi      intensity
    89          14.31          12.00         266.50      5.0494847
    3.71% of job   1 of   1 completed.

number           kout          theta            phi      intensity
    90          14.31          12.00         269.50      5.0561719
    3.75% of job   1 of   1 completed.

number           kout          theta            phi      intensity
    91          14.31          12.00         272.50      5.0692139
    3.79% of job   1 of   1 completed.

number           kout          theta            phi      intensity
    92          14.31          12.00         275.50      4.8496284
    3.83% of job   1 of   1 completed.

number           kout          theta            phi      intensity
    93          14.31          12.00         278.50      4.7271323
    3.88% of job   1 of   1 completed.

number           kout          theta            phi      intensity
    94          14.31          12.00         281.50      4.6484461
    3.92% of job   1 of   1 completed.

number           kout          theta            phi      intensity
    95          14.31          12.00         284.50      4.6878204
    3.96% of job   1 of   1 completed.

number           kout          theta            phi      intensity
    96          14.31          12.00         287.50      4.7108884
    4.00% of job   1 of   1 completed.

number           kout          theta            phi      intensity
    97          14.31          12.00         290.50      4.8699870
    4.04% of job   1 of   1 completed.

number           kout          theta            phi      intensity
    98          14.31          12.00         293.50      4.9016900
    4.08% of job   1 of   1 completed.

number           kout          theta            phi      intensity
    99          14.31          12.00         296.50      4.9855270
    4.12% of job   1 of   1 completed.

number           kout          theta            phi      intensity
   100          14.31          12.00         299.50      5.0689063
    4.17% of job   1 of   1 completed.

number           kout          theta            phi      intensity
   101          14.31          12.00         302.50      5.2130790
    4.21% of job   1 of   1 completed.

number           kout          theta            phi      intensity
   102          14.31          12.00         305.50      5.3920484
    4.25% of job   1 of   1 completed.

number           kout          theta            phi      intensity
   103          14.31          12.00         308.50      5.4874415
    4.29% of job   1 of   1 completed.

number           kout          theta            phi      intensity
   104          14.31          12.00         311.50      5.5462604
    4.33% of job   1 of   1 completed.

number           kout          theta            phi      intensity
   105          14.31          12.00         314.50      5.5623727
    4.38% of job   1 of   1 completed.

number           kout          theta            phi      intensity
   106          14.31          12.00         317.50      5.6566710
    4.42% of job   1 of   1 completed.

number           kout          theta            phi      intensity
   107          14.31          12.00         320.50      5.7015100
    4.46% of job   1 of   1 completed.

number           kout          theta            phi      intensity
   108          14.31          12.00         323.50      5.7002997
    4.50% of job   1 of   1 completed.

number           kout          theta            phi      intensity
   109          14.31          12.00         326.50      5.5403228
    4.54% of job   1 of   1 completed.

number           kout          theta            phi      intensity
   110          14.31          12.00         329.50      5.4213176
    4.58% of job   1 of   1 completed.

number           kout          theta            phi      intensity
   111          14.31          12.00         332.50      5.2877841
    4.62% of job   1 of   1 completed.

number           kout          theta            phi      intensity
   112          14.31          12.00         335.50      5.0595593
    4.67% of job   1 of   1 completed.

number           kout          theta            phi      intensity
   113          14.31          12.00         338.50      4.8595343
    4.71% of job   1 of   1 completed.

number           kout          theta            phi      intensity
   114          14.31          12.00         341.50      4.7047338
    4.75% of job   1 of   1 completed.

number           kout          theta            phi      intensity
   115          14.31          12.00         344.50      4.5231643
    4.79% of job   1 of   1 completed.

number           kout          theta            phi      intensity
   116          14.31          12.00         347.50      4.3677478
    4.83% of job   1 of   1 completed.

number           kout          theta            phi      intensity
   117          14.31          12.00         350.50      4.2792864
    4.88% of job   1 of   1 completed.

number           kout          theta            phi      intensity
   118          14.31          12.00         353.50      4.2659349
    4.92% of job   1 of   1 completed.

number           kout          theta            phi      intensity
   119          14.31          12.00         356.50      4.2875447
    4.96% of job   1 of   1 completed.

number           kout          theta            phi      intensity
   120          14.31          12.00         359.50      4.2922168
    5.00% of job   1 of   1 completed.

number           kout          theta            phi      intensity
   121          14.31          15.00           2.50      4.2013612
    5.04% of job   1 of   1 completed.

number           kout          theta            phi      intensity
   122          14.31          15.00           5.50      4.1324067
    5.08% of job   1 of   1 completed.

number           kout          theta            phi      intensity
   123          14.31          15.00           8.50      4.0913959
    5.12% of job   1 of   1 completed.

number           kout          theta            phi      intensity
   124          14.31          15.00          11.50      4.1862597
    5.17% of job   1 of   1 completed.

number           kout          theta            phi      intensity
   125          14.31          15.00          14.50      4.3986659
    5.21% of job   1 of   1 completed.

number           kout          theta            phi      intensity
   126          14.31          15.00          17.50      4.5640149
    5.25% of job   1 of   1 completed.

number           kout          theta            phi      intensity
   127          14.31          15.00          20.50      4.6281400
    5.29% of job   1 of   1 completed.

number           kout          theta            phi      intensity
   128          14.31          15.00          23.50      4.7445273
    5.33% of job   1 of   1 completed.

number           kout          theta            phi      intensity
   129          14.31          15.00          26.50      4.9118409
    5.38% of job   1 of   1 completed.

number           kout          theta            phi      intensity
   130          14.31          15.00          29.50      5.0207429
    5.42% of job   1 of   1 completed.

number           kout          theta            phi      intensity
   131          14.31          15.00          32.50      4.9533801
    5.46% of job   1 of   1 completed.

number           kout          theta            phi      intensity
   132          14.31          15.00          35.50      5.0514784
    5.50% of job   1 of   1 completed.

number           kout          theta            phi      intensity
   133          14.31          15.00          38.50      5.2721486
    5.54% of job   1 of   1 completed.

number           kout          theta            phi      intensity
   134          14.31          15.00          41.50      5.2752995
    5.58% of job   1 of   1 completed.

number           kout          theta            phi      intensity
   135          14.31          15.00          44.50      5.0436778
    5.62% of job   1 of   1 completed.

number           kout          theta            phi      intensity
   136          14.31          15.00          47.50      4.8395872
    5.67% of job   1 of   1 completed.

number           kout          theta            phi      intensity
   137          14.31          15.00          50.50      4.7709165
    5.71% of job   1 of   1 completed.

number           kout          theta            phi      intensity
   138          14.31          15.00          53.50      4.6318803
    5.75% of job   1 of   1 completed.

number           kout          theta            phi      intensity
   139          14.31          15.00          56.50      4.5791888
    5.79% of job   1 of   1 completed.

number           kout          theta            phi      intensity
   140          14.31          15.00          59.50      4.6368556
    5.83% of job   1 of   1 completed.

number           kout          theta            phi      intensity
   141          14.31          15.00          62.50      4.6217279
    5.88% of job   1 of   1 completed.

number           kout          theta            phi      intensity
   142          14.31          15.00          65.50      4.7149467
    5.92% of job   1 of   1 completed.

number           kout          theta            phi      intensity
   143          14.31          15.00          68.50      4.7771926
    5.96% of job   1 of   1 completed.

number           kout          theta            phi      intensity
   144          14.31          15.00          71.50      4.8704615
    6.00% of job   1 of   1 completed.

number           kout          theta            phi      intensity
   145          14.31          15.00          74.50      4.9134922
    6.04% of job   1 of   1 completed.

number           kout          theta            phi      intensity
   146          14.31          15.00          77.50      4.9315352
    6.08% of job   1 of   1 completed.

number           kout          theta            phi      intensity
   147          14.31          15.00          80.50      4.9788508
    6.12% of job   1 of   1 completed.

number           kout          theta            phi      intensity
   148          14.31          15.00          83.50      5.0125852
    6.17% of job   1 of   1 completed.

number           kout          theta            phi      intensity
   149          14.31          15.00          86.50      5.1297488
    6.21% of job   1 of   1 completed.

number           kout          theta            phi      intensity
   150          14.31          15.00          89.50      5.2929797
    6.25% of job   1 of   1 completed.

number           kout          theta            phi      intensity
   151          14.31          15.00          92.50      5.3208532
    6.29% of job   1 of   1 completed.

number           kout          theta            phi      intensity
   152          14.31          15.00          95.50      5.2132297
    6.33% of job   1 of   1 completed.

number           kout          theta            phi      intensity
   153          14.31          15.00          98.50      5.0881448
    6.38% of job   1 of   1 completed.

number           kout          theta            phi      intensity
   154          14.31          15.00         101.50      4.8558998
    6.42% of job   1 of   1 completed.

number           kout          theta            phi      intensity
   155          14.31          15.00         104.50      4.6407819
    6.46% of job   1 of   1 completed.

number           kout          theta            phi      intensity
   156          14.31          15.00         107.50      4.4027867
    6.50% of job   1 of   1 completed.

number           kout          theta            phi      intensity
   157          14.31          15.00         110.50      4.2692909
    6.54% of job   1 of   1 completed.

number           kout          theta            phi      intensity
   158          14.31          15.00         113.50      4.3037305
    6.58% of job   1 of   1 completed.

number           kout          theta            phi      intensity
   159          14.31          15.00         116.50      4.5134749
    6.62% of job   1 of   1 completed.

number           kout          theta            phi      intensity
   160          14.31          15.00         119.50      4.6694374
    6.67% of job   1 of   1 completed.

number           kout          theta            phi      intensity
   161          14.31          15.00         122.50      4.8095007
    6.71% of job   1 of   1 completed.

number           kout          theta            phi      intensity
   162          14.31          15.00         125.50      5.2099357
    6.75% of job   1 of   1 completed.

number           kout          theta            phi      intensity
   163          14.31          15.00         128.50      5.5738845
    6.79% of job   1 of   1 completed.

number           kout          theta            phi      intensity
   164          14.31          15.00         131.50      5.6420078
    6.83% of job   1 of   1 completed.

number           kout          theta            phi      intensity
   165          14.31          15.00         134.50      5.5621643
    6.88% of job   1 of   1 completed.

number           kout          theta            phi      intensity
   166          14.31          15.00         137.50      5.4170208
    6.92% of job   1 of   1 completed.

number           kout          theta            phi      intensity
   167          14.31          15.00         140.50      5.2876000
    6.96% of job   1 of   1 completed.

number           kout          theta            phi      intensity
   168          14.31          15.00         143.50      4.9305558
    7.00% of job   1 of   1 completed.

number           kout          theta            phi      intensity
   169          14.31          15.00         146.50      4.4927115
    7.04% of job   1 of   1 completed.

number           kout          theta            phi      intensity
   170          14.31          15.00         149.50      4.1644149
    7.08% of job   1 of   1 completed.

number           kout          theta            phi      intensity
   171          14.31          15.00         152.50      4.1061511
    7.12% of job   1 of   1 completed.

number           kout          theta            phi      intensity
   172          14.31          15.00         155.50      4.1473460
    7.17% of job   1 of   1 completed.

number           kout          theta            phi      intensity
   173          14.31          15.00         158.50      4.2511654
    7.21% of job   1 of   1 completed.

number           kout          theta            phi      intensity
   174          14.31          15.00         161.50      4.4597797
    7.25% of job   1 of   1 completed.

number           kout          theta            phi      intensity
   175          14.31          15.00         164.50      4.8213367
    7.29% of job   1 of   1 completed.

number           kout          theta            phi      intensity
   176          14.31          15.00         167.50      5.1138625
    7.33% of job   1 of   1 completed.

number           kout          theta            phi      intensity
   177          14.31          15.00         170.50      5.2820644
    7.38% of job   1 of   1 completed.

number           kout          theta            phi      intensity
   178          14.31          15.00         173.50      5.4540315
    7.42% of job   1 of   1 completed.

number           kout          theta            phi      intensity
   179          14.31          15.00         176.50      5.7213211
    7.46% of job   1 of   1 completed.

number           kout          theta            phi      intensity
   180          14.31          15.00         179.50      5.9286714
    7.50% of job   1 of   1 completed.

number           kout          theta            phi      intensity
   181          14.31          15.00         182.50      5.7764010
    7.54% of job   1 of   1 completed.

number           kout          theta            phi      intensity
   182          14.31          15.00         185.50      5.6053276
    7.58% of job   1 of   1 completed.

number           kout          theta            phi      intensity
   183          14.31          15.00         188.50      5.5411334
    7.62% of job   1 of   1 completed.

number           kout          theta            phi      intensity
   184          14.31          15.00         191.50      5.2728753
    7.67% of job   1 of   1 completed.

number           kout          theta            phi      intensity
   185          14.31          15.00         194.50      4.8778152
    7.71% of job   1 of   1 completed.

number           kout          theta            phi      intensity
   186          14.31          15.00         197.50      4.5567942
    7.75% of job   1 of   1 completed.

number           kout          theta            phi      intensity
   187          14.31          15.00         200.50      4.3614135
    7.79% of job   1 of   1 completed.

number           kout          theta            phi      intensity
   188          14.31          15.00         203.50      4.1778593
    7.83% of job   1 of   1 completed.

number           kout          theta            phi      intensity
   189          14.31          15.00         206.50      4.1146865
    7.88% of job   1 of   1 completed.

number           kout          theta            phi      intensity
   190          14.31          15.00         209.50      4.1634088
    7.92% of job   1 of   1 completed.

number           kout          theta            phi      intensity
   191          14.31          15.00         212.50      4.3985868
    7.96% of job   1 of   1 completed.

number           kout          theta            phi      intensity
   192          14.31          15.00         215.50      4.8258500
    8.00% of job   1 of   1 completed.

number           kout          theta            phi      intensity
   193          14.31          15.00         218.50      5.1540542
    8.04% of job   1 of   1 completed.

number           kout          theta            phi      intensity
   194          14.31          15.00         221.50      5.3470836
    8.08% of job   1 of   1 completed.

number           kout          theta            phi      intensity
   195          14.31          15.00         224.50      5.5597625
    8.12% of job   1 of   1 completed.

number           kout          theta            phi      intensity
   196          14.31          15.00         227.50      5.9872184
    8.17% of job   1 of   1 completed.

number           kout          theta            phi      intensity
   197          14.31          15.00         230.50      6.0738735
    8.21% of job   1 of   1 completed.

number           kout          theta            phi      intensity
   198          14.31          15.00         233.50      5.6019726
    8.25% of job   1 of   1 completed.

number           kout          theta            phi      intensity
   199          14.31          15.00         236.50      5.2204466
    8.29% of job   1 of   1 completed.

number           kout          theta            phi      intensity
   200          14.31          15.00         239.50      4.9873691
    8.33% of job   1 of   1 completed.

number           kout          theta            phi      intensity
   201          14.31          15.00         242.50      4.6883283
    8.38% of job   1 of   1 completed.

number           kout          theta            phi      intensity
   202          14.31          15.00         245.50      4.4349103
    8.42% of job   1 of   1 completed.

number           kout          theta            phi      intensity
   203          14.31          15.00         248.50      4.3473125
    8.46% of job   1 of   1 completed.

number           kout          theta            phi      intensity
   204          14.31          15.00         251.50      4.4096026
    8.50% of job   1 of   1 completed.

number           kout          theta            phi      intensity
   205          14.31          15.00         254.50      4.5900035
    8.54% of job   1 of   1 completed.

number           kout          theta            phi      intensity
   206          14.31          15.00         257.50      4.7443099
    8.58% of job   1 of   1 completed.

number           kout          theta            phi      intensity
   207          14.31          15.00         260.50      4.8965421
    8.62% of job   1 of   1 completed.

number           kout          theta            phi      intensity
   208          14.31          15.00         263.50      5.0225263
    8.67% of job   1 of   1 completed.

number           kout          theta            phi      intensity
   209          14.31          15.00         266.50      5.1158948
    8.71% of job   1 of   1 completed.

number           kout          theta            phi      intensity
   210          14.31          15.00         269.50      5.1366210
    8.75% of job   1 of   1 completed.

number           kout          theta            phi      intensity
   211          14.31          15.00         272.50      5.0945086
    8.79% of job   1 of   1 completed.

number           kout          theta            phi      intensity
   212          14.31          15.00         275.50      5.0681310
    8.83% of job   1 of   1 completed.

number           kout          theta            phi      intensity
   213          14.31          15.00         278.50      4.9967399
    8.88% of job   1 of   1 completed.

number           kout          theta            phi      intensity
   214          14.31          15.00         281.50      4.8955178
    8.92% of job   1 of   1 completed.

number           kout          theta            phi      intensity
   215          14.31          15.00         284.50      4.9277654
    8.96% of job   1 of   1 completed.

number           kout          theta            phi      intensity
   216          14.31          15.00         287.50      4.8823400
    9.00% of job   1 of   1 completed.

number           kout          theta            phi      intensity
   217          14.31          15.00         290.50      4.8323259
    9.04% of job   1 of   1 completed.

number           kout          theta            phi      intensity
   218          14.31          15.00         293.50      4.7549176
    9.08% of job   1 of   1 completed.

number           kout          theta            phi      intensity
   219          14.31          15.00         296.50      4.7212729
    9.12% of job   1 of   1 completed.

number           kout          theta            phi      intensity
   220          14.31          15.00         299.50      4.7812338
    9.17% of job   1 of   1 completed.

number           kout          theta            phi      intensity
   221          14.31          15.00         302.50      4.9075255
    9.21% of job   1 of   1 completed.

number           kout          theta            phi      intensity
   222          14.31          15.00         305.50      4.8842244
    9.25% of job   1 of   1 completed.

number           kout          theta            phi      intensity
   223          14.31          15.00         308.50      4.9363399
    9.29% of job   1 of   1 completed.

number           kout          theta            phi      intensity
   224          14.31          15.00         311.50      5.0334096
    9.33% of job   1 of   1 completed.

number           kout          theta            phi      intensity
   225          14.31          15.00         314.50      5.0335565
    9.38% of job   1 of   1 completed.

number           kout          theta            phi      intensity
   226          14.31          15.00         317.50      4.9919610
    9.42% of job   1 of   1 completed.

number           kout          theta            phi      intensity
   227          14.31          15.00         320.50      5.1247234
    9.46% of job   1 of   1 completed.

number           kout          theta            phi      intensity
   228          14.31          15.00         323.50      5.0849299
    9.50% of job   1 of   1 completed.

number           kout          theta            phi      intensity
   229          14.31          15.00         326.50      4.9136443
    9.54% of job   1 of   1 completed.

number           kout          theta            phi      intensity
   230          14.31          15.00         329.50      4.8074036
    9.58% of job   1 of   1 completed.

number           kout          theta            phi      intensity
   231          14.31          15.00         332.50      4.8395505
    9.62% of job   1 of   1 completed.

number           kout          theta            phi      intensity
   232          14.31          15.00         335.50      4.6849523
    9.67% of job   1 of   1 completed.

number           kout          theta            phi      intensity
   233          14.31          15.00         338.50      4.5252767
    9.71% of job   1 of   1 completed.

number           kout          theta            phi      intensity
   234          14.31          15.00         341.50      4.4925637
    9.75% of job   1 of   1 completed.

number           kout          theta            phi      intensity
   235          14.31          15.00         344.50      4.5050464
    9.79% of job   1 of   1 completed.

number           kout          theta            phi      intensity
   236          14.31          15.00         347.50      4.4631333
    9.83% of job   1 of   1 completed.

number           kout          theta            phi      intensity
   237          14.31          15.00         350.50      4.3201499
    9.88% of job   1 of   1 completed.

number           kout          theta            phi      intensity
   238          14.31          15.00         353.50      4.2224255
    9.92% of job   1 of   1 completed.

number           kout          theta            phi      intensity
   239          14.31          15.00         356.50      4.1773391
    9.96% of job   1 of   1 completed.

number           kout          theta            phi      intensity
   240          14.31          15.00         359.50      4.2135072
   10.00% of job   1 of   1 completed.

number           kout          theta            phi      intensity
   241          14.31          18.00           2.50      5.0937710
   10.04% of job   1 of   1 completed.

number           kout          theta            phi      intensity
   242          14.31          18.00           5.50      4.6527152
   10.08% of job   1 of   1 completed.

number           kout          theta            phi      intensity
   243          14.31          18.00           8.50      4.2354012
   10.12% of job   1 of   1 completed.

number           kout          theta            phi      intensity
   244          14.31          18.00          11.50      3.9302967
   10.17% of job   1 of   1 completed.

number           kout          theta            phi      intensity
   245          14.31          18.00          14.50      3.8000653
   10.21% of job   1 of   1 completed.

number           kout          theta            phi      intensity
   246          14.31          18.00          17.50      3.7513838
   10.25% of job   1 of   1 completed.

number           kout          theta            phi      intensity
   247          14.31          18.00          20.50      3.7552783
   10.29% of job   1 of   1 completed.

number           kout          theta            phi      intensity
   248          14.31          18.00          23.50      3.9496772
   10.33% of job   1 of   1 completed.

number           kout          theta            phi      intensity
   249          14.31          18.00          26.50      4.0353789
   10.38% of job   1 of   1 completed.

number           kout          theta            phi      intensity
   250          14.31          18.00          29.50      4.0785384
   10.42% of job   1 of   1 completed.

number           kout          theta            phi      intensity
   251          14.31          18.00          32.50      4.2462044
   10.46% of job   1 of   1 completed.

number           kout          theta            phi      intensity
   252          14.31          18.00          35.50      4.5971622
   10.50% of job   1 of   1 completed.

number           kout          theta            phi      intensity
   253          14.31          18.00          38.50      5.1859555
   10.54% of job   1 of   1 completed.

number           kout          theta            phi      intensity
   254          14.31          18.00          41.50      5.4158897
   10.58% of job   1 of   1 completed.

number           kout          theta            phi      intensity
   255          14.31          18.00          44.50      5.3326178
   10.62% of job   1 of   1 completed.

number           kout          theta            phi      intensity
   256          14.31          18.00          47.50      5.1063385
   10.67% of job   1 of   1 completed.

number           kout          theta            phi      intensity
   257          14.31          18.00          50.50      4.7387815
   10.71% of job   1 of   1 completed.

number           kout          theta            phi      intensity
   258          14.31          18.00          53.50      4.3451614
   10.75% of job   1 of   1 completed.

number           kout          theta            phi      intensity
   259          14.31          18.00          56.50      4.0637832
   10.79% of job   1 of   1 completed.

number           kout          theta            phi      intensity
   260          14.31          18.00          59.50      3.9387987
   10.83% of job   1 of   1 completed.

number           kout          theta            phi      intensity
   261          14.31          18.00          62.50      3.9551582
   10.88% of job   1 of   1 completed.

number           kout          theta            phi      intensity
   262          14.31          18.00          65.50      3.8647280
   10.92% of job   1 of   1 completed.

number           kout          theta            phi      intensity
   263          14.31          18.00          68.50      3.8901165
   10.96% of job   1 of   1 completed.

number           kout          theta            phi      intensity
   264          14.31          18.00          71.50      3.9542067
   11.00% of job   1 of   1 completed.

number           kout          theta            phi      intensity
   265          14.31          18.00          74.50      3.9180415
   11.04% of job   1 of   1 completed.

number           kout          theta            phi      intensity
   266          14.31          18.00          77.50      3.9972508
   11.08% of job   1 of   1 completed.

number           kout          theta            phi      intensity
   267          14.31          18.00          80.50      4.3654475
   11.12% of job   1 of   1 completed.

number           kout          theta            phi      intensity
   268          14.31          18.00          83.50      4.8117905
   11.17% of job   1 of   1 completed.

number           kout          theta            phi      intensity
   269          14.31          18.00          86.50      5.0902057
   11.21% of job   1 of   1 completed.

number           kout          theta            phi      intensity
   270          14.31          18.00          89.50      5.3527932
   11.25% of job   1 of   1 completed.

number           kout          theta            phi      intensity
   271          14.31          18.00          92.50      5.2723718
   11.29% of job   1 of   1 completed.

number           kout          theta            phi      intensity
   272          14.31          18.00          95.50      4.9457364
   11.33% of job   1 of   1 completed.

number           kout          theta            phi      intensity
   273          14.31          18.00          98.50      4.3926849
   11.38% of job   1 of   1 completed.

number           kout          theta            phi      intensity
   274          14.31          18.00         101.50      3.9713650
   11.42% of job   1 of   1 completed.

number           kout          theta            phi      intensity
   275          14.31          18.00         104.50      3.6379383
   11.46% of job   1 of   1 completed.

number           kout          theta            phi      intensity
   276          14.31          18.00         107.50      3.3938646
   11.50% of job   1 of   1 completed.

number           kout          theta            phi      intensity
   277          14.31          18.00         110.50      3.1864383
   11.54% of job   1 of   1 completed.

number           kout          theta            phi      intensity
   278          14.31          18.00         113.50      3.2013805
   11.58% of job   1 of   1 completed.

number           kout          theta            phi      intensity
   279          14.31          18.00         116.50      3.3855555
   11.62% of job   1 of   1 completed.

number           kout          theta            phi      intensity
   280          14.31          18.00         119.50      3.4135635
   11.67% of job   1 of   1 completed.

number           kout          theta            phi      intensity
   281          14.31          18.00         122.50      3.7152557
   11.71% of job   1 of   1 completed.

number           kout          theta            phi      intensity
   282          14.31          18.00         125.50      4.2960911
   11.75% of job   1 of   1 completed.

number           kout          theta            phi      intensity
   283          14.31          18.00         128.50      4.7974477
   11.79% of job   1 of   1 completed.

number           kout          theta            phi      intensity
   284          14.31          18.00         131.50      5.1161895
   11.83% of job   1 of   1 completed.

number           kout          theta            phi      intensity
   285          14.31          18.00         134.50      5.0060148
   11.88% of job   1 of   1 completed.

number           kout          theta            phi      intensity
   286          14.31          18.00         137.50      4.8230004
   11.92% of job   1 of   1 completed.

number           kout          theta            phi      intensity
   287          14.31          18.00         140.50      4.7255998
   11.96% of job   1 of   1 completed.

number           kout          theta            phi      intensity
   288          14.31          18.00         143.50      4.2990999
   12.00% of job   1 of   1 completed.

number           kout          theta            phi      intensity
   289          14.31          18.00         146.50      3.8534987
   12.04% of job   1 of   1 completed.

number           kout          theta            phi      intensity
   290          14.31          18.00         149.50      3.5617683
   12.08% of job   1 of   1 completed.

number           kout          theta            phi      intensity
   291          14.31          18.00         152.50      3.4254835
   12.12% of job   1 of   1 completed.

number           kout          theta            phi      intensity
   292          14.31          18.00         155.50      3.3480692
   12.17% of job   1 of   1 completed.

number           kout          theta            phi      intensity
   293          14.31          18.00         158.50      3.3935325
   12.21% of job   1 of   1 completed.

number           kout          theta            phi      intensity
   294          14.31          18.00         161.50      3.5320809
   12.25% of job   1 of   1 completed.

number           kout          theta            phi      intensity
   295          14.31          18.00         164.50      3.7718239
   12.29% of job   1 of   1 completed.

number           kout          theta            phi      intensity
   296          14.31          18.00         167.50      3.9865236
   12.33% of job   1 of   1 completed.

number           kout          theta            phi      intensity
   297          14.31          18.00         170.50      4.3806434
   12.38% of job   1 of   1 completed.

number           kout          theta            phi      intensity
   298          14.31          18.00         173.50      4.8622222
   12.42% of job   1 of   1 completed.

number           kout          theta            phi      intensity
   299          14.31          18.00         176.50      5.5077968
   12.46% of job   1 of   1 completed.

number           kout          theta            phi      intensity
   300          14.31          18.00         179.50      5.9134536
   12.50% of job   1 of   1 completed.

number           kout          theta            phi      intensity
   301          14.31          18.00         182.50      5.8055606
   12.54% of job   1 of   1 completed.

number           kout          theta            phi      intensity
   302          14.31          18.00         185.50      5.2937093
   12.58% of job   1 of   1 completed.

number           kout          theta            phi      intensity
   303          14.31          18.00         188.50      4.7518101
   12.62% of job   1 of   1 completed.

number           kout          theta            phi      intensity
   304          14.31          18.00         191.50      4.1622157
   12.67% of job   1 of   1 completed.

number           kout          theta            phi      intensity
   305          14.31          18.00         194.50      3.7711833
   12.71% of job   1 of   1 completed.

number           kout          theta            phi      intensity
   306          14.31          18.00         197.50      3.6062813
   12.75% of job   1 of   1 completed.

number           kout          theta            phi      intensity
   307          14.31          18.00         200.50      3.3480349
   12.79% of job   1 of   1 completed.

number           kout          theta            phi      intensity
   308          14.31          18.00         203.50      3.1297891
   12.83% of job   1 of   1 completed.

number           kout          theta            phi      intensity
   309          14.31          18.00         206.50      3.2627609
   12.88% of job   1 of   1 completed.

number           kout          theta            phi      intensity
   310          14.31          18.00         209.50      3.3461668
   12.92% of job   1 of   1 completed.

number           kout          theta            phi      intensity
   311          14.31          18.00         212.50      3.5493777
   12.96% of job   1 of   1 completed.

number           kout          theta            phi      intensity
   312          14.31          18.00         215.50      4.0073590
   13.00% of job   1 of   1 completed.

number           kout          theta            phi      intensity
   313          14.31          18.00         218.50      4.3013773
   13.04% of job   1 of   1 completed.

number           kout          theta            phi      intensity
   314          14.31          18.00         221.50      4.6129084
   13.08% of job   1 of   1 completed.

number           kout          theta            phi      intensity
   315          14.31          18.00         224.50      4.8911328
   13.12% of job   1 of   1 completed.

number           kout          theta            phi      intensity
   316          14.31          18.00         227.50      5.2333317
   13.17% of job   1 of   1 completed.

number           kout          theta            phi      intensity
   317          14.31          18.00         230.50      5.3060756
   13.21% of job   1 of   1 completed.

number           kout          theta            phi      intensity
   318          14.31          18.00         233.50      4.6667018
   13.25% of job   1 of   1 completed.

number           kout          theta            phi      intensity
   319          14.31          18.00         236.50      4.0639625
   13.29% of job   1 of   1 completed.

number           kout          theta            phi      intensity
   320          14.31          18.00         239.50      3.6853039
   13.33% of job   1 of   1 completed.

number           kout          theta            phi      intensity
   321          14.31          18.00         242.50      3.3842447
   13.38% of job   1 of   1 completed.

number           kout          theta            phi      intensity
   322          14.31          18.00         245.50      3.2185829
   13.42% of job   1 of   1 completed.

number           kout          theta            phi      intensity
   323          14.31          18.00         248.50      3.2684281
   13.46% of job   1 of   1 completed.

number           kout          theta            phi      intensity
   324          14.31          18.00         251.50      3.3282804
   13.50% of job   1 of   1 completed.

number           kout          theta            phi      intensity
   325          14.31          18.00         254.50      3.4765978
   13.54% of job   1 of   1 completed.

number           kout          theta            phi      intensity
   326          14.31          18.00         257.50      3.7122736
   13.58% of job   1 of   1 completed.

number           kout          theta            phi      intensity
   327          14.31          18.00         260.50      4.1231928
   13.62% of job   1 of   1 completed.

number           kout          theta            phi      intensity
   328          14.31          18.00         263.50      4.5756507
   13.67% of job   1 of   1 completed.

number           kout          theta            phi      intensity
   329          14.31          18.00         266.50      5.0181079
   13.71% of job   1 of   1 completed.

number           kout          theta            phi      intensity
   330          14.31          18.00         269.50      5.2920661
   13.75% of job   1 of   1 completed.

number           kout          theta            phi      intensity
   331          14.31          18.00         272.50      5.0947104
   13.79% of job   1 of   1 completed.

number           kout          theta            phi      intensity
   332          14.31          18.00         275.50      4.7436290
   13.83% of job   1 of   1 completed.

number           kout          theta            phi      intensity
   333          14.31          18.00         278.50      4.3510089
   13.88% of job   1 of   1 completed.

number           kout          theta            phi      intensity
   334          14.31          18.00         281.50      3.9605520
   13.92% of job   1 of   1 completed.

number           kout          theta            phi      intensity
   335          14.31          18.00         284.50      3.9437807
   13.96% of job   1 of   1 completed.

number           kout          theta            phi      intensity
   336          14.31          18.00         287.50      3.9816444
   14.00% of job   1 of   1 completed.

number           kout          theta            phi      intensity
   337          14.31          18.00         290.50      3.8804562
   14.04% of job   1 of   1 completed.

number           kout          theta            phi      intensity
   338          14.31          18.00         293.50      3.8763640
   14.08% of job   1 of   1 completed.

number           kout          theta            phi      intensity
   339          14.31          18.00         296.50      3.8568070
   14.12% of job   1 of   1 completed.

number           kout          theta            phi      intensity
   340          14.31          18.00         299.50      3.8440626
   14.17% of job   1 of   1 completed.

number           kout          theta            phi      intensity
   341          14.31          18.00         302.50      3.9901745
   14.21% of job   1 of   1 completed.

number           kout          theta            phi      intensity
   342          14.31          18.00         305.50      4.3055148
   14.25% of job   1 of   1 completed.

number           kout          theta            phi      intensity
   343          14.31          18.00         308.50      4.4537749
   14.29% of job   1 of   1 completed.

number           kout          theta            phi      intensity
   344          14.31          18.00         311.50      4.6873765
   14.33% of job   1 of   1 completed.

number           kout          theta            phi      intensity
   345          14.31          18.00         314.50      4.9007034
   14.38% of job   1 of   1 completed.

number           kout          theta            phi      intensity
   346          14.31          18.00         317.50      4.8352790
   14.42% of job   1 of   1 completed.

number           kout          theta            phi      intensity
   347          14.31          18.00         320.50      4.5787072
   14.46% of job   1 of   1 completed.

number           kout          theta            phi      intensity
   348          14.31          18.00         323.50      4.3861346
   14.50% of job   1 of   1 completed.

number           kout          theta            phi      intensity
   349          14.31          18.00         326.50      4.0148392
   14.54% of job   1 of   1 completed.

number           kout          theta            phi      intensity
   350          14.31          18.00         329.50      3.7679727
   14.58% of job   1 of   1 completed.

number           kout          theta            phi      intensity
   351          14.31          18.00         332.50      3.8093090
   14.62% of job   1 of   1 completed.

number           kout          theta            phi      intensity
   352          14.31          18.00         335.50      3.8447406
   14.67% of job   1 of   1 completed.

number           kout          theta            phi      intensity
   353          14.31          18.00         338.50      3.7524602
   14.71% of job   1 of   1 completed.

number           kout          theta            phi      intensity
   354          14.31          18.00         341.50      3.7723780
   14.75% of job   1 of   1 completed.

number           kout          theta            phi      intensity
   355          14.31          18.00         344.50      3.8681939
   14.79% of job   1 of   1 completed.

number           kout          theta            phi      intensity
   356          14.31          18.00         347.50      3.9119375
   14.83% of job   1 of   1 completed.

number           kout          theta            phi      intensity
   357          14.31          18.00         350.50      4.1527486
   14.88% of job   1 of   1 completed.

number           kout          theta            phi      intensity
   358          14.31          18.00         353.50      4.6491652
   14.92% of job   1 of   1 completed.

number           kout          theta            phi      intensity
   359          14.31          18.00         356.50      5.1385379
   14.96% of job   1 of   1 completed.

number           kout          theta            phi      intensity
   360          14.31          18.00         359.50      5.3520236
   15.00% of job   1 of   1 completed.

number           kout          theta            phi      intensity
   361          14.31          21.00           2.50      6.5602193
   15.04% of job   1 of   1 completed.

number           kout          theta            phi      intensity
   362          14.31          21.00           5.50      5.6663051
   15.08% of job   1 of   1 completed.

number           kout          theta            phi      intensity
   363          14.31          21.00           8.50      4.6075101
   15.12% of job   1 of   1 completed.

number           kout          theta            phi      intensity
   364          14.31          21.00          11.50      3.8179905
   15.17% of job   1 of   1 completed.

number           kout          theta            phi      intensity
   365          14.31          21.00          14.50      3.3984616
   15.21% of job   1 of   1 completed.

number           kout          theta            phi      intensity
   366          14.31          21.00          17.50      3.3135118
   15.25% of job   1 of   1 completed.

number           kout          theta            phi      intensity
   367          14.31          21.00          20.50      3.2935917
   15.29% of job   1 of   1 completed.

number           kout          theta            phi      intensity
   368          14.31          21.00          23.50      3.3911698
   15.33% of job   1 of   1 completed.

number           kout          theta            phi      intensity
   369          14.31          21.00          26.50      3.6469481
   15.38% of job   1 of   1 completed.

number           kout          theta            phi      intensity
   370          14.31          21.00          29.50      4.0796890
   15.42% of job   1 of   1 completed.

number           kout          theta            phi      intensity
   371          14.31          21.00          32.50      4.7780604
   15.46% of job   1 of   1 completed.

number           kout          theta            phi      intensity
   372          14.31          21.00          35.50      5.5485358
   15.50% of job   1 of   1 completed.

number           kout          theta            phi      intensity
   373          14.31          21.00          38.50      6.2724776
   15.54% of job   1 of   1 completed.

number           kout          theta            phi      intensity
   374          14.31          21.00          41.50      6.7320113
   15.58% of job   1 of   1 completed.

number           kout          theta            phi      intensity
   375          14.31          21.00          44.50      6.8769641
   15.62% of job   1 of   1 completed.

number           kout          theta            phi      intensity
   376          14.31          21.00          47.50      6.3767648
   15.67% of job   1 of   1 completed.

number           kout          theta            phi      intensity
   377          14.31          21.00          50.50      5.9594665
   15.71% of job   1 of   1 completed.

number           kout          theta            phi      intensity
   378          14.31          21.00          53.50      5.6222739
   15.75% of job   1 of   1 completed.

number           kout          theta            phi      intensity
   379          14.31          21.00          56.50      5.2380919
   15.79% of job   1 of   1 completed.

number           kout          theta            phi      intensity
   380          14.31          21.00          59.50      4.8091521
   15.83% of job   1 of   1 completed.

number           kout          theta            phi      intensity
   381          14.31          21.00          62.50      4.3877349
   15.88% of job   1 of   1 completed.

number           kout          theta            phi      intensity
   382          14.31          21.00          65.50      3.9451602
   15.92% of job   1 of   1 completed.

number           kout          theta            phi      intensity
   383          14.31          21.00          68.50      3.7431746
   15.96% of job   1 of   1 completed.

number           kout          theta            phi      intensity
   384          14.31          21.00          71.50      3.5035620
   16.00% of job   1 of   1 completed.

number           kout          theta            phi      intensity
   385          14.31          21.00          74.50      3.2638941
   16.04% of job   1 of   1 completed.

number           kout          theta            phi      intensity
   386          14.31          21.00          77.50      3.3687041
   16.08% of job   1 of   1 completed.

number           kout          theta            phi      intensity
   387          14.31          21.00          80.50      3.5932779
   16.12% of job   1 of   1 completed.

number           kout          theta            phi      intensity
   388          14.31          21.00          83.50      4.1498909
   16.17% of job   1 of   1 completed.

number           kout          theta            phi      intensity
   389          14.31          21.00          86.50      4.8095527
   16.21% of job   1 of   1 completed.

number           kout          theta            phi      intensity
   390          14.31          21.00          89.50      5.0160155
   16.25% of job   1 of   1 completed.

number           kout          theta            phi      intensity
   391          14.31          21.00          92.50      5.0885043
   16.29% of job   1 of   1 completed.

number           kout          theta            phi      intensity
   392          14.31          21.00          95.50      4.8941035
   16.33% of job   1 of   1 completed.

number           kout          theta            phi      intensity
   393          14.31          21.00          98.50      4.3034816
   16.38% of job   1 of   1 completed.

number           kout          theta            phi      intensity
   394          14.31          21.00         101.50      3.7076976
   16.42% of job   1 of   1 completed.

number           kout          theta            phi      intensity
   395          14.31          21.00         104.50      3.2747068
   16.46% of job   1 of   1 completed.

number           kout          theta            phi      intensity
   396          14.31          21.00         107.50      3.1478069
   16.50% of job   1 of   1 completed.

number           kout          theta            phi      intensity
   397          14.31          21.00         110.50      3.0251033
   16.54% of job   1 of   1 completed.

number           kout          theta            phi      intensity
   398          14.31          21.00         113.50      3.1984794
   16.58% of job   1 of   1 completed.

number           kout          theta            phi      intensity
   399          14.31          21.00         116.50      3.5661261
   16.62% of job   1 of   1 completed.

number           kout          theta            phi      intensity
   400          14.31          21.00         119.50      3.7535057
   16.67% of job   1 of   1 completed.

number           kout          theta            phi      intensity
   401          14.31          21.00         122.50      4.2703376
   16.71% of job   1 of   1 completed.

number           kout          theta            phi      intensity
   402          14.31          21.00         125.50      4.8089437
   16.75% of job   1 of   1 completed.

number           kout          theta            phi      intensity
   403          14.31          21.00         128.50      5.1761084
   16.79% of job   1 of   1 completed.

number           kout          theta            phi      intensity
   404          14.31          21.00         131.50      5.5928855
   16.83% of job   1 of   1 completed.

number           kout          theta            phi      intensity
   405          14.31          21.00         134.50      5.5574441
   16.88% of job   1 of   1 completed.

number           kout          theta            phi      intensity
   406          14.31          21.00         137.50      5.2435565
   16.92% of job   1 of   1 completed.

number           kout          theta            phi      intensity
   407          14.31          21.00         140.50      5.0732036
   16.96% of job   1 of   1 completed.

number           kout          theta            phi      intensity
   408          14.31          21.00         143.50      4.5858407
   17.00% of job   1 of   1 completed.

number           kout          theta            phi      intensity
   409          14.31          21.00         146.50      4.2035971
   17.04% of job   1 of   1 completed.

number           kout          theta            phi      intensity
   410          14.31          21.00         149.50      3.8871582
   17.08% of job   1 of   1 completed.

number           kout          theta            phi      intensity
   411          14.31          21.00         152.50      3.5332756
   17.12% of job   1 of   1 completed.

number           kout          theta            phi      intensity
   412          14.31          21.00         155.50      3.3635960
   17.17% of job   1 of   1 completed.

number           kout          theta            phi      intensity
   413          14.31          21.00         158.50      3.1770084
   17.21% of job   1 of   1 completed.

number           kout          theta            phi      intensity
   414          14.31          21.00         161.50      3.0072510
   17.25% of job   1 of   1 completed.

number           kout          theta            phi      intensity
   415          14.31          21.00         164.50      2.9432023
   17.29% of job   1 of   1 completed.

number           kout          theta            phi      intensity
   416          14.31          21.00         167.50      3.1663628
   17.33% of job   1 of   1 completed.

number           kout          theta            phi      intensity
   417          14.31          21.00         170.50      3.5293801
   17.38% of job   1 of   1 completed.

number           kout          theta            phi      intensity
   418          14.31          21.00         173.50      3.9456348
   17.42% of job   1 of   1 completed.

number           kout          theta            phi      intensity
   419          14.31          21.00         176.50      4.5600266
   17.46% of job   1 of   1 completed.

number           kout          theta            phi      intensity
   420          14.31          21.00         179.50      4.9624128
   17.50% of job   1 of   1 completed.

number           kout          theta            phi      intensity
   421          14.31          21.00         182.50      4.9179287
   17.54% of job   1 of   1 completed.

number           kout          theta            phi      intensity
   422          14.31          21.00         185.50      4.4550223
   17.58% of job   1 of   1 completed.

number           kout          theta            phi      intensity
   423          14.31          21.00         188.50      3.8214133
   17.62% of job   1 of   1 completed.

number           kout          theta            phi      intensity
   424          14.31          21.00         191.50      3.2305481
   17.67% of job   1 of   1 completed.

number           kout          theta            phi      intensity
   425          14.31          21.00         194.50      2.9513443
   17.71% of job   1 of   1 completed.

number           kout          theta            phi      intensity
   426          14.31          21.00         197.50      2.8908536
   17.75% of job   1 of   1 completed.

number           kout          theta            phi      intensity
   427          14.31          21.00         200.50      2.9801826
   17.79% of job   1 of   1 completed.

number           kout          theta            phi      intensity
   428          14.31          21.00         203.50      3.1859324
   17.83% of job   1 of   1 completed.

number           kout          theta            phi      intensity
   429          14.31          21.00         206.50      3.3457623
   17.88% of job   1 of   1 completed.

number           kout          theta            phi      intensity
   430          14.31          21.00         209.50      3.5740674
   17.92% of job   1 of   1 completed.

number           kout          theta            phi      intensity
   431          14.31          21.00         212.50      3.9231222
   17.96% of job   1 of   1 completed.

number           kout          theta            phi      intensity
   432          14.31          21.00         215.50      4.3561826
   18.00% of job   1 of   1 completed.

number           kout          theta            phi      intensity
   433          14.31          21.00         218.50      4.5755396
   18.04% of job   1 of   1 completed.

number           kout          theta            phi      intensity
   434          14.31          21.00         221.50      4.9100108
   18.08% of job   1 of   1 completed.

number           kout          theta            phi      intensity
   435          14.31          21.00         224.50      5.4310493
   18.12% of job   1 of   1 completed.

number           kout          theta            phi      intensity
   436          14.31          21.00         227.50      5.5635490
   18.17% of job   1 of   1 completed.

number           kout          theta            phi      intensity
   437          14.31          21.00         230.50      5.4896293
   18.21% of job   1 of   1 completed.

number           kout          theta            phi      intensity
   438          14.31          21.00         233.50      4.9779844
   18.25% of job   1 of   1 completed.

number           kout          theta            phi      intensity
   439          14.31          21.00         236.50      4.2734618
   18.29% of job   1 of   1 completed.

number           kout          theta            phi      intensity
   440          14.31          21.00         239.50      3.8238571
   18.33% of job   1 of   1 completed.

number           kout          theta            phi      intensity
   441          14.31          21.00         242.50      3.5179813
   18.38% of job   1 of   1 completed.

number           kout          theta            phi      intensity
   442          14.31          21.00         245.50      3.1133041
   18.42% of job   1 of   1 completed.

number           kout          theta            phi      intensity
   443          14.31          21.00         248.50      2.9586942
   18.46% of job   1 of   1 completed.

number           kout          theta            phi      intensity
   444          14.31          21.00         251.50      2.9267566
   18.50% of job   1 of   1 completed.

number           kout          theta            phi      intensity
   445          14.31          21.00         254.50      2.9491951
   18.54% of job   1 of   1 completed.

number           kout          theta            phi      intensity
   446          14.31          21.00         257.50      3.3334281
   18.58% of job   1 of   1 completed.

number           kout          theta            phi      intensity
   447          14.31          21.00         260.50      3.8322172
   18.62% of job   1 of   1 completed.

number           kout          theta            phi      intensity
   448          14.31          21.00         263.50      4.4421163
   18.67% of job   1 of   1 completed.

number           kout          theta            phi      intensity
   449          14.31          21.00         266.50      4.9445119
   18.71% of job   1 of   1 completed.

number           kout          theta            phi      intensity
   450          14.31          21.00         269.50      5.1895480
   18.75% of job   1 of   1 completed.

number           kout          theta            phi      intensity
   451          14.31          21.00         272.50      4.8592162
   18.79% of job   1 of   1 completed.

number           kout          theta            phi      intensity
   452          14.31          21.00         275.50      4.2820997
   18.83% of job   1 of   1 completed.

number           kout          theta            phi      intensity
   453          14.31          21.00         278.50      3.9168842
   18.88% of job   1 of   1 completed.

number           kout          theta            phi      intensity
   454          14.31          21.00         281.50      3.4418459
   18.92% of job   1 of   1 completed.

number           kout          theta            phi      intensity
   455          14.31          21.00         284.50      3.1279879
   18.96% of job   1 of   1 completed.

number           kout          theta            phi      intensity
   456          14.31          21.00         287.50      3.2820342
   19.00% of job   1 of   1 completed.

number           kout          theta            phi      intensity
   457          14.31          21.00         290.50      3.3739493
   19.04% of job   1 of   1 completed.

number           kout          theta            phi      intensity
   458          14.31          21.00         293.50      3.4634304
   19.08% of job   1 of   1 completed.

number           kout          theta            phi      intensity
   459          14.31          21.00         296.50      3.7327859
   19.12% of job   1 of   1 completed.

number           kout          theta            phi      intensity
   460          14.31          21.00         299.50      4.1373992
   19.17% of job   1 of   1 completed.

number           kout          theta            phi      intensity
   461          14.31          21.00         302.50      4.5603666
   19.21% of job   1 of   1 completed.

number           kout          theta            phi      intensity
   462          14.31          21.00         305.50      4.8652520
   19.25% of job   1 of   1 completed.

number           kout          theta            phi      intensity
   463          14.31          21.00         308.50      5.2715759
   19.29% of job   1 of   1 completed.

number           kout          theta            phi      intensity
   464          14.31          21.00         311.50      5.5645752
   19.33% of job   1 of   1 completed.

number           kout          theta            phi      intensity
   465          14.31          21.00         314.50      6.1629066
   19.38% of job   1 of   1 completed.

number           kout          theta            phi      intensity
   466          14.31          21.00         317.50      6.1570244
   19.42% of job   1 of   1 completed.

number           kout          theta            phi      intensity
   467          14.31          21.00         320.50      5.5318456
   19.46% of job   1 of   1 completed.

number           kout          theta            phi      intensity
   468          14.31          21.00         323.50      5.1653280
   19.50% of job   1 of   1 completed.

number           kout          theta            phi      intensity
   469          14.31          21.00         326.50      4.6545539
   19.54% of job   1 of   1 completed.

number           kout          theta            phi      intensity
   470          14.31          21.00         329.50      3.8878963
   19.58% of job   1 of   1 completed.

number           kout          theta            phi      intensity
   471          14.31          21.00         332.50      3.4451656
   19.62% of job   1 of   1 completed.

number           kout          theta            phi      intensity
   472          14.31          21.00         335.50      3.1946208
   19.67% of job   1 of   1 completed.

number           kout          theta            phi      intensity
   473          14.31          21.00         338.50      3.1239891
   19.71% of job   1 of   1 completed.

number           kout          theta            phi      intensity
   474          14.31          21.00         341.50      3.1401126
   19.75% of job   1 of   1 completed.

number           kout          theta            phi      intensity
   475          14.31          21.00         344.50      3.4210329
   19.79% of job   1 of   1 completed.

number           kout          theta            phi      intensity
   476          14.31          21.00         347.50      3.8472836
   19.83% of job   1 of   1 completed.

number           kout          theta            phi      intensity
   477          14.31          21.00         350.50      4.5389862
   19.88% of job   1 of   1 completed.

number           kout          theta            phi      intensity
   478          14.31          21.00         353.50      5.5814509
   19.92% of job   1 of   1 completed.

number           kout          theta            phi      intensity
   479          14.31          21.00         356.50      6.5491481
   19.96% of job   1 of   1 completed.

number           kout          theta            phi      intensity
   480          14.31          21.00         359.50      6.9433808
   20.00% of job   1 of   1 completed.

number           kout          theta            phi      intensity
   481          14.31          24.00           2.50      6.8786197
   20.04% of job   1 of   1 completed.

number           kout          theta            phi      intensity
   482          14.31          24.00           5.50      5.5400758
   20.08% of job   1 of   1 completed.

number           kout          theta            phi      intensity
   483          14.31          24.00           8.50      4.5669718
   20.12% of job   1 of   1 completed.

number           kout          theta            phi      intensity
   484          14.31          24.00          11.50      3.6155634
   20.17% of job   1 of   1 completed.

number           kout          theta            phi      intensity
   485          14.31          24.00          14.50      3.2379246
   20.21% of job   1 of   1 completed.

number           kout          theta            phi      intensity
   486          14.31          24.00          17.50      3.1246567
   20.25% of job   1 of   1 completed.

number           kout          theta            phi      intensity
   487          14.31          24.00          20.50      3.1823952
   20.29% of job   1 of   1 completed.

number           kout          theta            phi      intensity
   488          14.31          24.00          23.50      3.2955430
   20.33% of job   1 of   1 completed.

number           kout          theta            phi      intensity
   489          14.31          24.00          26.50      3.5001373
   20.38% of job   1 of   1 completed.

number           kout          theta            phi      intensity
   490          14.31          24.00          29.50      4.0876541
   20.42% of job   1 of   1 completed.

number           kout          theta            phi      intensity
   491          14.31          24.00          32.50      4.7550597
   20.46% of job   1 of   1 completed.

number           kout          theta            phi      intensity
   492          14.31          24.00          35.50      5.4431534
   20.50% of job   1 of   1 completed.

number           kout          theta            phi      intensity
   493          14.31          24.00          38.50      6.1245847
   20.54% of job   1 of   1 completed.

number           kout          theta            phi      intensity
   494          14.31          24.00          41.50      6.7630277
   20.58% of job   1 of   1 completed.

number           kout          theta            phi      intensity
   495          14.31          24.00          44.50      7.0555720
   20.62% of job   1 of   1 completed.

number           kout          theta            phi      intensity
   496          14.31          24.00          47.50      6.5912304
   20.67% of job   1 of   1 completed.

number           kout          theta            phi      intensity
   497          14.31          24.00          50.50      6.3954811
   20.71% of job   1 of   1 completed.

number           kout          theta            phi      intensity
   498          14.31          24.00          53.50      5.9753151
   20.75% of job   1 of   1 completed.

number           kout          theta            phi      intensity
   499          14.31          24.00          56.50      5.5591111
   20.79% of job   1 of   1 completed.

number           kout          theta            phi      intensity
   500          14.31          24.00          59.50      4.9363098
   20.83% of job   1 of   1 completed.

number           kout          theta            phi      intensity
   501          14.31          24.00          62.50      4.7718973
   20.88% of job   1 of   1 completed.

number           kout          theta            phi      intensity
   502          14.31          24.00          65.50      4.5679398
   20.92% of job   1 of   1 completed.

number           kout          theta            phi      intensity
   503          14.31          24.00          68.50      4.3290911
   20.96% of job   1 of   1 completed.

number           kout          theta            phi      intensity
   504          14.31          24.00          71.50      4.1805797
   21.00% of job   1 of   1 completed.

number           kout          theta            phi      intensity
   505          14.31          24.00          74.50      3.7573683
   21.04% of job   1 of   1 completed.

number           kout          theta            phi      intensity
   506          14.31          24.00          77.50      3.4568090
   21.08% of job   1 of   1 completed.

number           kout          theta            phi      intensity
   507          14.31          24.00          80.50      3.5678389
   21.12% of job   1 of   1 completed.

number           kout          theta            phi      intensity
   508          14.31          24.00          83.50      4.0956817
   21.17% of job   1 of   1 completed.

number           kout          theta            phi      intensity
   509          14.31          24.00          86.50      4.9353328
   21.21% of job   1 of   1 completed.

number           kout          theta            phi      intensity
   510          14.31          24.00          89.50      5.4293704
   21.25% of job   1 of   1 completed.

number           kout          theta            phi      intensity
   511          14.31          24.00          92.50      5.6369362
   21.29% of job   1 of   1 completed.

number           kout          theta            phi      intensity
   512          14.31          24.00          95.50      5.4029622
   21.33% of job   1 of   1 completed.

number           kout          theta            phi      intensity
   513          14.31          24.00          98.50      5.2721629
   21.38% of job   1 of   1 completed.

number           kout          theta            phi      intensity
   514          14.31          24.00         101.50      5.0548410
   21.42% of job   1 of   1 completed.

number           kout          theta            phi      intensity
   515          14.31          24.00         104.50      4.5585523
   21.46% of job   1 of   1 completed.

number           kout          theta            phi      intensity
   516          14.31          24.00         107.50      4.2853894
   21.50% of job   1 of   1 completed.

number           kout          theta            phi      intensity
   517          14.31          24.00         110.50      3.9937203
   21.54% of job   1 of   1 completed.

number           kout          theta            phi      intensity
   518          14.31          24.00         113.50      3.7874966
   21.58% of job   1 of   1 completed.

number           kout          theta            phi      intensity
   519          14.31          24.00         116.50      3.9356835
   21.62% of job   1 of   1 completed.

number           kout          theta            phi      intensity
   520          14.31          24.00         119.50      4.2322044
   21.67% of job   1 of   1 completed.

number           kout          theta            phi      intensity
   521          14.31          24.00         122.50      4.8093724
   21.71% of job   1 of   1 completed.

number           kout          theta            phi      intensity
   522          14.31          24.00         125.50      5.5238338
   21.75% of job   1 of   1 completed.

number           kout          theta            phi      intensity
   523          14.31          24.00         128.50      5.8861718
   21.79% of job   1 of   1 completed.

number           kout          theta            phi      intensity
   524          14.31          24.00         131.50      6.3595195
   21.83% of job   1 of   1 completed.

number           kout          theta            phi      intensity
   525          14.31          24.00         134.50      6.3129406
   21.88% of job   1 of   1 completed.

number           kout          theta            phi      intensity
   526          14.31          24.00         137.50      5.9538956
   21.92% of job   1 of   1 completed.

number           kout          theta            phi      intensity
   527          14.31          24.00         140.50      5.6885457
   21.96% of job   1 of   1 completed.

number           kout          theta            phi      intensity
   528          14.31          24.00         143.50      5.5143504
   22.00% of job   1 of   1 completed.

number           kout          theta            phi      intensity
   529          14.31          24.00         146.50      5.2184553
   22.04% of job   1 of   1 completed.

number           kout          theta            phi      intensity
   530          14.31          24.00         149.50      4.9671173
   22.08% of job   1 of   1 completed.

number           kout          theta            phi      intensity
   531          14.31          24.00         152.50      4.4781556
   22.12% of job   1 of   1 completed.

number           kout          theta            phi      intensity
   532          14.31          24.00         155.50      4.4967771
   22.17% of job   1 of   1 completed.

number           kout          theta            phi      intensity
   533          14.31          24.00         158.50      4.3737364
   22.21% of job   1 of   1 completed.

number           kout          theta            phi      intensity
   534          14.31          24.00         161.50      4.2549849
   22.25% of job   1 of   1 completed.

number           kout          theta            phi      intensity
   535          14.31          24.00         164.50      4.0970745
   22.29% of job   1 of   1 completed.

number           kout          theta            phi      intensity
   536          14.31          24.00         167.50      3.8529332
   22.33% of job   1 of   1 completed.

number           kout          theta            phi      intensity
   537          14.31          24.00         170.50      3.8902357
   22.38% of job   1 of   1 completed.

number           kout          theta            phi      intensity
   538          14.31          24.00         173.50      4.1054940
   22.42% of job   1 of   1 completed.

number           kout          theta            phi      intensity
   539          14.31          24.00         176.50      4.6463847
   22.46% of job   1 of   1 completed.

number           kout          theta            phi      intensity
   540          14.31          24.00         179.50      5.0277295
   22.50% of job   1 of   1 completed.

number           kout          theta            phi      intensity
   541          14.31          24.00         182.50      4.9125514
   22.54% of job   1 of   1 completed.

number           kout          theta            phi      intensity
   542          14.31          24.00         185.50      4.4040351
   22.58% of job   1 of   1 completed.

number           kout          theta            phi      intensity
   543          14.31          24.00         188.50      4.0251527
   22.62% of job   1 of   1 completed.

number           kout          theta            phi      intensity
   544          14.31          24.00         191.50      3.8966103
   22.67% of job   1 of   1 completed.

number           kout          theta            phi      intensity
   545          14.31          24.00         194.50      3.8984053
   22.71% of job   1 of   1 completed.

number           kout          theta            phi      intensity
   546          14.31          24.00         197.50      4.0213313
   22.75% of job   1 of   1 completed.

number           kout          theta            phi      intensity
   547          14.31          24.00         200.50      4.1839476
   22.79% of job   1 of   1 completed.

number           kout          theta            phi      intensity
   548          14.31          24.00         203.50      4.3040538
   22.83% of job   1 of   1 completed.

number           kout          theta            phi      intensity
   549          14.31          24.00         206.50      4.5248733
   22.88% of job   1 of   1 completed.

number           kout          theta            phi      intensity
   550          14.31          24.00         209.50      4.7388148
   22.92% of job   1 of   1 completed.

number           kout          theta            phi      intensity
   551          14.31          24.00         212.50      5.0201726
   22.96% of job   1 of   1 completed.

number           kout          theta            phi      intensity
   552          14.31          24.00         215.50      5.3536587
   23.00% of job   1 of   1 completed.

number           kout          theta            phi      intensity
   553          14.31          24.00         218.50      5.5213866
   23.04% of job   1 of   1 completed.

number           kout          theta            phi      intensity
   554          14.31          24.00         221.50      5.7260022
   23.08% of job   1 of   1 completed.

number           kout          theta            phi      intensity
   555          14.31          24.00         224.50      6.3032055
   23.12% of job   1 of   1 completed.

number           kout          theta            phi      intensity
   556          14.31          24.00         227.50      6.5640960
   23.17% of job   1 of   1 completed.

number           kout          theta            phi      intensity
   557          14.31          24.00         230.50      6.3259225
   23.21% of job   1 of   1 completed.

number           kout          theta            phi      intensity
   558          14.31          24.00         233.50      6.1020551
   23.25% of job   1 of   1 completed.

number           kout          theta            phi      intensity
   559          14.31          24.00         236.50      5.1951585
   23.29% of job   1 of   1 completed.

number           kout          theta            phi      intensity
   560          14.31          24.00         239.50      4.5773878
   23.33% of job   1 of   1 completed.

number           kout          theta            phi      intensity
   561          14.31          24.00         242.50      4.0756054
   23.38% of job   1 of   1 completed.

number           kout          theta            phi      intensity
   562          14.31          24.00         245.50      3.7981651
   23.42% of job   1 of   1 completed.

number           kout          theta            phi      intensity
   563          14.31          24.00         248.50      3.8146403
   23.46% of job   1 of   1 completed.

number           kout          theta            phi      intensity
   564          14.31          24.00         251.50      4.0571828
   23.50% of job   1 of   1 completed.

number           kout          theta            phi      intensity
   565          14.31          24.00         254.50      4.3205676
   23.54% of job   1 of   1 completed.

number           kout          theta            phi      intensity
   566          14.31          24.00         257.50      4.6149344
   23.58% of job   1 of   1 completed.

number           kout          theta            phi      intensity
   567          14.31          24.00         260.50      4.9235663
   23.62% of job   1 of   1 completed.

number           kout          theta            phi      intensity
   568          14.31          24.00         263.50      5.2467895
   23.67% of job   1 of   1 completed.

number           kout          theta            phi      intensity
   569          14.31          24.00         266.50      5.5451355
   23.71% of job   1 of   1 completed.

number           kout          theta            phi      intensity
   570          14.31          24.00         269.50      5.5552044
   23.75% of job   1 of   1 completed.

number           kout          theta            phi      intensity
   571          14.31          24.00         272.50      5.0594316
   23.79% of job   1 of   1 completed.

number           kout          theta            phi      intensity
   572          14.31          24.00         275.50      4.2734160
   23.83% of job   1 of   1 completed.

number           kout          theta            phi      intensity
   573          14.31          24.00         278.50      3.5998867
   23.88% of job   1 of   1 completed.

number           kout          theta            phi      intensity
   574          14.31          24.00         281.50      3.3172636
   23.92% of job   1 of   1 completed.

number           kout          theta            phi      intensity
   575          14.31          24.00         284.50      3.4213731
   23.96% of job   1 of   1 completed.

number           kout          theta            phi      intensity
   576          14.31          24.00         287.50      3.8598671
   24.00% of job   1 of   1 completed.

number           kout          theta            phi      intensity
   577          14.31          24.00         290.50      4.1062016
   24.04% of job   1 of   1 completed.

number           kout          theta            phi      intensity
   578          14.31          24.00         293.50      4.4622889
   24.08% of job   1 of   1 completed.

number           kout          theta            phi      intensity
   579          14.31          24.00         296.50      4.7139091
   24.12% of job   1 of   1 completed.

number           kout          theta            phi      intensity
   580          14.31          24.00         299.50      5.1847978
   24.17% of job   1 of   1 completed.

number           kout          theta            phi      intensity
   581          14.31          24.00         302.50      5.6509132
   24.21% of job   1 of   1 completed.

number           kout          theta            phi      intensity
   582          14.31          24.00         305.50      6.2939658
   24.25% of job   1 of   1 completed.

number           kout          theta            phi      intensity
   583          14.31          24.00         308.50      6.7810473
   24.29% of job   1 of   1 completed.

number           kout          theta            phi      intensity
   584          14.31          24.00         311.50      6.9090862
   24.33% of job   1 of   1 completed.

number           kout          theta            phi      intensity
   585          14.31          24.00         314.50      7.3701210
   24.38% of job   1 of   1 completed.

number           kout          theta            phi      intensity
   586          14.31          24.00         317.50      7.2083220
   24.42% of job   1 of   1 completed.

number           kout          theta            phi      intensity
   587          14.31          24.00         320.50      6.6671600
   24.46% of job   1 of   1 completed.

number           kout          theta            phi      intensity
   588          14.31          24.00         323.50      5.9289365
   24.50% of job   1 of   1 completed.

number           kout          theta            phi      intensity
   589          14.31          24.00         326.50      5.2209344
   24.54% of job   1 of   1 completed.

number           kout          theta            phi      intensity
   590          14.31          24.00         329.50      4.3092980
   24.58% of job   1 of   1 completed.

number           kout          theta            phi      intensity
   591          14.31          24.00         332.50      3.5540693
   24.62% of job   1 of   1 completed.

number           kout          theta            phi      intensity
   592          14.31          24.00         335.50      3.1303549
   24.67% of job   1 of   1 completed.

number           kout          theta            phi      intensity
   593          14.31          24.00         338.50      3.1614971
   24.71% of job   1 of   1 completed.

number           kout          theta            phi      intensity
   594          14.31          24.00         341.50      3.0841732
   24.75% of job   1 of   1 completed.

number           kout          theta            phi      intensity
   595          14.31          24.00         344.50      3.1120651
   24.79% of job   1 of   1 completed.

number           kout          theta            phi      intensity
   596          14.31          24.00         347.50      3.5766323
   24.83% of job   1 of   1 completed.

number           kout          theta            phi      intensity
   597          14.31          24.00         350.50      4.3789973
   24.88% of job   1 of   1 completed.

number           kout          theta            phi      intensity
   598          14.31          24.00         353.50      5.4827003
   24.92% of job   1 of   1 completed.

number           kout          theta            phi      intensity
   599          14.31          24.00         356.50      6.6705036
   24.96% of job   1 of   1 completed.

number           kout          theta            phi      intensity
   600          14.31          24.00         359.50      7.4343381
   25.00% of job   1 of   1 completed.

number           kout          theta            phi      intensity
   601          14.31          27.00           2.50      5.7325058
   25.04% of job   1 of   1 completed.

number           kout          theta            phi      intensity
   602          14.31          27.00           5.50      4.9209199
   25.08% of job   1 of   1 completed.

number           kout          theta            phi      intensity
   603          14.31          27.00           8.50      4.1225371
   25.12% of job   1 of   1 completed.

number           kout          theta            phi      intensity
   604          14.31          27.00          11.50      3.6305304
   25.17% of job   1 of   1 completed.

number           kout          theta            phi      intensity
   605          14.31          27.00          14.50      3.4870358
   25.21% of job   1 of   1 completed.

number           kout          theta            phi      intensity
   606          14.31          27.00          17.50      3.6971524
   25.25% of job   1 of   1 completed.

number           kout          theta            phi      intensity
   607          14.31          27.00          20.50      3.7328196
   25.29% of job   1 of   1 completed.

number           kout          theta            phi      intensity
   608          14.31          27.00          23.50      4.0622725
   25.33% of job   1 of   1 completed.

number           kout          theta            phi      intensity
   609          14.31          27.00          26.50      4.6714692
   25.38% of job   1 of   1 completed.

number           kout          theta            phi      intensity
   610          14.31          27.00          29.50      5.8372598
   25.42% of job   1 of   1 completed.

number           kout          theta            phi      intensity
   611          14.31          27.00          32.50      6.7975554
   25.46% of job   1 of   1 completed.

number           kout          theta            phi      intensity
   612          14.31          27.00          35.50      7.5225368
   25.50% of job   1 of   1 completed.

number           kout          theta            phi      intensity
   613          14.31          27.00          38.50      7.9375768
   25.54% of job   1 of   1 completed.

number           kout          theta            phi      intensity
   614          14.31          27.00          41.50      8.2706900
   25.58% of job   1 of   1 completed.

number           kout          theta            phi      intensity
   615          14.31          27.00          44.50      8.6505365
   25.62% of job   1 of   1 completed.

number           kout          theta            phi      intensity
   616          14.31          27.00          47.50      8.9176559
   25.67% of job   1 of   1 completed.

number           kout          theta            phi      intensity
   617          14.31          27.00          50.50      8.9067535
   25.71% of job   1 of   1 completed.

number           kout          theta            phi      intensity
   618          14.31          27.00          53.50      8.6825485
   25.75% of job   1 of   1 completed.

number           kout          theta            phi      intensity
   619          14.31          27.00          56.50      8.1808538
   25.79% of job   1 of   1 completed.

number           kout          theta            phi      intensity
   620          14.31          27.00          59.50      7.2222424
   25.83% of job   1 of   1 completed.

number           kout          theta            phi      intensity
   621          14.31          27.00          62.50      6.2686343
   25.88% of job   1 of   1 completed.

number           kout          theta            phi      intensity
   622          14.31          27.00          65.50      5.3698306
   25.92% of job   1 of   1 completed.

number           kout          theta            phi      intensity
   623          14.31          27.00          68.50      5.0539117
   25.96% of job   1 of   1 completed.

number           kout          theta            phi      intensity
   624          14.31          27.00          71.50      4.9766970
   26.00% of job   1 of   1 completed.

number           kout          theta            phi      intensity
   625          14.31          27.00          74.50      4.4440637
   26.04% of job   1 of   1 completed.

number           kout          theta            phi      intensity
   626          14.31          27.00          77.50      4.1552491
   26.08% of job   1 of   1 completed.

number           kout          theta            phi      intensity
   627          14.31          27.00          80.50      4.0559840
   26.12% of job   1 of   1 completed.

number           kout          theta            phi      intensity
   628          14.31          27.00          83.50      4.0812492
   26.17% of job   1 of   1 completed.

number           kout          theta            phi      intensity
   629          14.31          27.00          86.50      4.4505486
   26.21% of job   1 of   1 completed.

number           kout          theta            phi      intensity
   630          14.31          27.00          89.50      4.6430621
   26.25% of job   1 of   1 completed.

number           kout          theta            phi      intensity
   631          14.31          27.00          92.50      5.1254725
   26.29% of job   1 of   1 completed.

number           kout          theta            phi      intensity
   632          14.31          27.00          95.50      5.1725760
   26.33% of job   1 of   1 completed.

number           kout          theta            phi      intensity
   633          14.31          27.00          98.50      5.4785614
   26.38% of job   1 of   1 completed.

number           kout          theta            phi      intensity
   634          14.31          27.00         101.50      5.6993423
   26.42% of job   1 of   1 completed.

number           kout          theta            phi      intensity
   635          14.31          27.00         104.50      5.3346825
   26.46% of job   1 of   1 completed.

number           kout          theta            phi      intensity
   636          14.31          27.00         107.50      4.9155140
   26.50% of job   1 of   1 completed.

number           kout          theta            phi      intensity
   637          14.31          27.00         110.50      4.5393863
   26.54% of job   1 of   1 completed.

number           kout          theta            phi      intensity
   638          14.31          27.00         113.50      4.2831578
   26.58% of job   1 of   1 completed.

number           kout          theta            phi      intensity
   639          14.31          27.00         116.50      4.2738972
   26.62% of job   1 of   1 completed.

number           kout          theta            phi      intensity
   640          14.31          27.00         119.50      4.5897331
   26.67% of job   1 of   1 completed.

number           kout          theta            phi      intensity
   641          14.31          27.00         122.50      5.3625665
   26.71% of job   1 of   1 completed.

number           kout          theta            phi      intensity
   642          14.31          27.00         125.50      5.9446292
   26.75% of job   1 of   1 completed.

number           kout          theta            phi      intensity
   643          14.31          27.00         128.50      6.2671895
   26.79% of job   1 of   1 completed.

number           kout          theta            phi      intensity
   644          14.31          27.00         131.50      6.4859810
   26.83% of job   1 of   1 completed.

number           kout          theta            phi      intensity
   645          14.31          27.00         134.50      6.3025575
   26.88% of job   1 of   1 completed.

number           kout          theta            phi      intensity
   646          14.31          27.00         137.50      6.3607097
   26.92% of job   1 of   1 completed.

number           kout          theta            phi      intensity
   647          14.31          27.00         140.50      6.2381959
   26.96% of job   1 of   1 completed.

number           kout          theta            phi      intensity
   648          14.31          27.00         143.50      5.9369502
   27.00% of job   1 of   1 completed.

number           kout          theta            phi      intensity
   649          14.31          27.00         146.50      5.4784102
   27.04% of job   1 of   1 completed.

number           kout          theta            phi      intensity
   650          14.31          27.00         149.50      5.1339593
   27.08% of job   1 of   1 completed.

number           kout          theta            phi      intensity
   651          14.31          27.00         152.50      4.8515072
   27.12% of job   1 of   1 completed.

number           kout          theta            phi      intensity
   652          14.31          27.00         155.50      4.8136430
   27.17% of job   1 of   1 completed.

number           kout          theta            phi      intensity
   653          14.31          27.00         158.50      4.6464119
   27.21% of job   1 of   1 completed.

number           kout          theta            phi      intensity
   654          14.31          27.00         161.50      4.5407557
   27.25% of job   1 of   1 completed.

number           kout          theta            phi      intensity
   655          14.31          27.00         164.50      4.5822816
   27.29% of job   1 of   1 completed.

number           kout          theta            phi      intensity
   656          14.31          27.00         167.50      4.3748531
   27.33% of job   1 of   1 completed.

number           kout          theta            phi      intensity
   657          14.31          27.00         170.50      4.6749930
   27.38% of job   1 of   1 completed.

number           kout          theta            phi      intensity
   658          14.31          27.00         173.50      4.6532960
   27.42% of job   1 of   1 completed.

number           kout          theta            phi      intensity
   659          14.31          27.00         176.50      4.7249284
   27.46% of job   1 of   1 completed.

number           kout          theta            phi      intensity
   660          14.31          27.00         179.50      4.8782530
   27.50% of job   1 of   1 completed.

number           kout          theta            phi      intensity
   661          14.31          27.00         182.50      4.8664870
   27.54% of job   1 of   1 completed.

number           kout          theta            phi      intensity
   662          14.31          27.00         185.50      4.6895127
   27.58% of job   1 of   1 completed.

number           kout          theta            phi      intensity
   663          14.31          27.00         188.50      4.7113404
   27.62% of job   1 of   1 completed.

number           kout          theta            phi      intensity
   664          14.31          27.00         191.50      4.4858642
   27.67% of job   1 of   1 completed.

number           kout          theta            phi      intensity
   665          14.31          27.00         194.50      4.4958997
   27.71% of job   1 of   1 completed.

number           kout          theta            phi      intensity
   666          14.31          27.00         197.50      4.5780549
   27.75% of job   1 of   1 completed.

number           kout          theta            phi      intensity
   667          14.31          27.00         200.50      4.6730561
   27.79% of job   1 of   1 completed.

number           kout          theta            phi      intensity
   668          14.31          27.00         203.50      4.5062385
   27.83% of job   1 of   1 completed.

number           kout          theta            phi      intensity
   669          14.31          27.00         206.50      4.7623124
   27.88% of job   1 of   1 completed.

number           kout          theta            phi      intensity
   670          14.31          27.00         209.50      4.9083200
   27.92% of job   1 of   1 completed.

number           kout          theta            phi      intensity
   671          14.31          27.00         212.50      5.3649125
   27.96% of job   1 of   1 completed.

number           kout          theta            phi      intensity
   672          14.31          27.00         215.50      5.7219863
   28.00% of job   1 of   1 completed.

number           kout          theta            phi      intensity
   673          14.31          27.00         218.50      6.0516562
   28.04% of job   1 of   1 completed.

number           kout          theta            phi      intensity
   674          14.31          27.00         221.50      6.2199674
   28.08% of job   1 of   1 completed.

number           kout          theta            phi      intensity
   675          14.31          27.00         224.50      6.3356757
   28.12% of job   1 of   1 completed.

number           kout          theta            phi      intensity
   676          14.31          27.00         227.50      6.5302224
   28.17% of job   1 of   1 completed.

number           kout          theta            phi      intensity
   677          14.31          27.00         230.50      6.3965964
   28.21% of job   1 of   1 completed.

number           kout          theta            phi      intensity
   678          14.31          27.00         233.50      6.2216606
   28.25% of job   1 of   1 completed.

number           kout          theta            phi      intensity
   679          14.31          27.00         236.50      5.7158942
   28.29% of job   1 of   1 completed.

number           kout          theta            phi      intensity
   680          14.31          27.00         239.50      5.0076370
   28.33% of job   1 of   1 completed.

number           kout          theta            phi      intensity
   681          14.31          27.00         242.50      4.4210882
   28.38% of job   1 of   1 completed.

number           kout          theta            phi      intensity
   682          14.31          27.00         245.50      4.3388705
   28.42% of job   1 of   1 completed.

number           kout          theta            phi      intensity
   683          14.31          27.00         248.50      4.3883643
   28.46% of job   1 of   1 completed.

number           kout          theta            phi      intensity
   684          14.31          27.00         251.50      4.8619313
   28.50% of job   1 of   1 completed.

number           kout          theta            phi      intensity
   685          14.31          27.00         254.50      5.3702655
   28.54% of job   1 of   1 completed.

number           kout          theta            phi      intensity
   686          14.31          27.00         257.50      5.5733395
   28.58% of job   1 of   1 completed.

number           kout          theta            phi      intensity
   687          14.31          27.00         260.50      5.7490940
   28.62% of job   1 of   1 completed.

number           kout          theta            phi      intensity
   688          14.31          27.00         263.50      5.5581460
   28.67% of job   1 of   1 completed.

number           kout          theta            phi      intensity
   689          14.31          27.00         266.50      5.1977096
   28.71% of job   1 of   1 completed.

number           kout          theta            phi      intensity
   690          14.31          27.00         269.50      4.8933177
   28.75% of job   1 of   1 completed.

number           kout          theta            phi      intensity
   691          14.31          27.00         272.50      4.5387392
   28.79% of job   1 of   1 completed.

number           kout          theta            phi      intensity
   692          14.31          27.00         275.50      4.2704935
   28.83% of job   1 of   1 completed.

number           kout          theta            phi      intensity
   693          14.31          27.00         278.50      4.0854182
   28.88% of job   1 of   1 completed.

number           kout          theta            phi      intensity
   694          14.31          27.00         281.50      4.0902734
   28.92% of job   1 of   1 completed.

number           kout          theta            phi      intensity
   695          14.31          27.00         284.50      4.2694697
   28.96% of job   1 of   1 completed.

number           kout          theta            phi      intensity
   696          14.31          27.00         287.50      4.7848096
   29.00% of job   1 of   1 completed.

number           kout          theta            phi      intensity
   697          14.31          27.00         290.50      4.8939047
   29.04% of job   1 of   1 completed.

number           kout          theta            phi      intensity
   698          14.31          27.00         293.50      5.4118824
   29.08% of job   1 of   1 completed.

number           kout          theta            phi      intensity
   699          14.31          27.00         296.50      6.0385137
   29.12% of job   1 of   1 completed.

number           kout          theta            phi      intensity
   700          14.31          27.00         299.50      6.8800926
   29.17% of job   1 of   1 completed.

number           kout          theta            phi      intensity
   701          14.31          27.00         302.50      7.6301618
   29.21% of job   1 of   1 completed.

number           kout          theta            phi      intensity
   702          14.31          27.00         305.50      8.1854696
   29.25% of job   1 of   1 completed.

number           kout          theta            phi      intensity
   703          14.31          27.00         308.50      8.5217161
   29.29% of job   1 of   1 completed.

number           kout          theta            phi      intensity
   704          14.31          27.00         311.50      8.5201235
   29.33% of job   1 of   1 completed.

number           kout          theta            phi      intensity
   705          14.31          27.00         314.50      8.2108088
   29.38% of job   1 of   1 completed.

number           kout          theta            phi      intensity
   706          14.31          27.00         317.50      7.8515682
   29.42% of job   1 of   1 completed.

number           kout          theta            phi      intensity
   707          14.31          27.00         320.50      7.7444377
   29.46% of job   1 of   1 completed.

number           kout          theta            phi      intensity
   708          14.31          27.00         323.50      7.2865295
   29.50% of job   1 of   1 completed.

number           kout          theta            phi      intensity
   709          14.31          27.00         326.50      6.9645925
   29.54% of job   1 of   1 completed.

number           kout          theta            phi      intensity
   710          14.31          27.00         329.50      6.0842113
   29.58% of job   1 of   1 completed.

number           kout          theta            phi      intensity
   711          14.31          27.00         332.50      5.0447211
   29.62% of job   1 of   1 completed.

number           kout          theta            phi      intensity
   712          14.31          27.00         335.50      4.3554411
   29.67% of job   1 of   1 completed.

number           kout          theta            phi      intensity
   713          14.31          27.00         338.50      3.7925198
   29.71% of job   1 of   1 completed.

number           kout          theta            phi      intensity
   714          14.31          27.00         341.50      3.6453562
   29.75% of job   1 of   1 completed.

number           kout          theta            phi      intensity
   715          14.31          27.00         344.50      3.4948080
   29.79% of job   1 of   1 completed.

number           kout          theta            phi      intensity
   716          14.31          27.00         347.50      3.7000341
   29.83% of job   1 of   1 completed.

number           kout          theta            phi      intensity
   717          14.31          27.00         350.50      4.1398349
   29.88% of job   1 of   1 completed.

number           kout          theta            phi      intensity
   718          14.31          27.00         353.50      4.6365671
   29.92% of job   1 of   1 completed.

number           kout          theta            phi      intensity
   719          14.31          27.00         356.50      5.3851371
   29.96% of job   1 of   1 completed.

number           kout          theta            phi      intensity
   720          14.31          27.00         359.50      6.1297016
   30.00% of job   1 of   1 completed.

number           kout          theta            phi      intensity
   721          14.31          30.00           2.50      5.0859447
   30.04% of job   1 of   1 completed.

number           kout          theta            phi      intensity
   722          14.31          30.00           5.50      4.6610389
   30.08% of job   1 of   1 completed.

number           kout          theta            phi      intensity
   723          14.31          30.00           8.50      4.2441735
   30.12% of job   1 of   1 completed.

number           kout          theta            phi      intensity
   724          14.31          30.00          11.50      4.1259279
   30.17% of job   1 of   1 completed.

number           kout          theta            phi      intensity
   725          14.31          30.00          14.50      3.9880717
   30.21% of job   1 of   1 completed.

number           kout          theta            phi      intensity
   726          14.31          30.00          17.50      4.0747981
   30.25% of job   1 of   1 completed.

number           kout          theta            phi      intensity
   727          14.31          30.00          20.50      4.5360255
   30.29% of job   1 of   1 completed.

number           kout          theta            phi      intensity
   728          14.31          30.00          23.50      5.1325746
   30.33% of job   1 of   1 completed.

number           kout          theta            phi      intensity
   729          14.31          30.00          26.50      5.8181291
   30.38% of job   1 of   1 completed.

number           kout          theta            phi      intensity
   730          14.31          30.00          29.50      6.4518132
   30.42% of job   1 of   1 completed.

number           kout          theta            phi      intensity
   731          14.31          30.00          32.50      7.0028501
   30.46% of job   1 of   1 completed.

number           kout          theta            phi      intensity
   732          14.31          30.00          35.50      6.8568282
   30.50% of job   1 of   1 completed.

number           kout          theta            phi      intensity
   733          14.31          30.00          38.50      6.8578396
   30.54% of job   1 of   1 completed.

number           kout          theta            phi      intensity
   734          14.31          30.00          41.50      6.5974298
   30.58% of job   1 of   1 completed.

number           kout          theta            phi      intensity
   735          14.31          30.00          44.50      6.6704717
   30.62% of job   1 of   1 completed.

number           kout          theta            phi      intensity
   736          14.31          30.00          47.50      6.8949089
   30.67% of job   1 of   1 completed.

number           kout          theta            phi      intensity
   737          14.31          30.00          50.50      7.0474701
   30.71% of job   1 of   1 completed.

number           kout          theta            phi      intensity
   738          14.31          30.00          53.50      7.2009392
   30.75% of job   1 of   1 completed.

number           kout          theta            phi      intensity
   739          14.31          30.00          56.50      7.2500215
   30.79% of job   1 of   1 completed.

number           kout          theta            phi      intensity
   740          14.31          30.00          59.50      6.7231059
   30.83% of job   1 of   1 completed.

number           kout          theta            phi      intensity
   741          14.31          30.00          62.50      6.3400311
   30.88% of job   1 of   1 completed.

number           kout          theta            phi      intensity
   742          14.31          30.00          65.50      5.7472472
   30.92% of job   1 of   1 completed.

number           kout          theta            phi      intensity
   743          14.31          30.00          68.50      5.2867899
   30.96% of job   1 of   1 completed.

number           kout          theta            phi      intensity
   744          14.31          30.00          71.50      4.8206801
   31.00% of job   1 of   1 completed.

number           kout          theta            phi      intensity
   745          14.31          30.00          74.50      4.4396405
   31.04% of job   1 of   1 completed.

number           kout          theta            phi      intensity
   746          14.31          30.00          77.50      4.5084805
   31.08% of job   1 of   1 completed.

number           kout          theta            phi      intensity
   747          14.31          30.00          80.50      4.2692089
   31.12% of job   1 of   1 completed.

number           kout          theta            phi      intensity
   748          14.31          30.00          83.50      4.0240393
   31.17% of job   1 of   1 completed.

number           kout          theta            phi      intensity
   749          14.31          30.00          86.50      3.9977179
   31.21% of job   1 of   1 completed.

number           kout          theta            phi      intensity
   750          14.31          30.00          89.50      4.0387316
   31.25% of job   1 of   1 completed.

number           kout          theta            phi      intensity
   751          14.31          30.00          92.50      4.2379470
   31.29% of job   1 of   1 completed.

number           kout          theta            phi      intensity
   752          14.31          30.00          95.50      4.5647855
   31.33% of job   1 of   1 completed.

number           kout          theta            phi      intensity
   753          14.31          30.00          98.50      4.9830165
   31.38% of job   1 of   1 completed.

number           kout          theta            phi      intensity
   754          14.31          30.00         101.50      5.3621235
   31.42% of job   1 of   1 completed.

number           kout          theta            phi      intensity
   755          14.31          30.00         104.50      5.1486526
   31.46% of job   1 of   1 completed.

number           kout          theta            phi      intensity
   756          14.31          30.00         107.50      4.8072171
   31.50% of job   1 of   1 completed.

number           kout          theta            phi      intensity
   757          14.31          30.00         110.50      4.3493695
   31.54% of job   1 of   1 completed.

number           kout          theta            phi      intensity
   758          14.31          30.00         113.50      3.9913082
   31.58% of job   1 of   1 completed.

number           kout          theta            phi      intensity
   759          14.31          30.00         116.50      4.0844574
   31.62% of job   1 of   1 completed.

number           kout          theta            phi      intensity
   760          14.31          30.00         119.50      4.3142762
   31.67% of job   1 of   1 completed.

number           kout          theta            phi      intensity
   761          14.31          30.00         122.50      4.9369392
   31.71% of job   1 of   1 completed.

number           kout          theta            phi      intensity
   762          14.31          30.00         125.50      5.4578857
   31.75% of job   1 of   1 completed.

number           kout          theta            phi      intensity
   763          14.31          30.00         128.50      5.6008325
   31.79% of job   1 of   1 completed.

number           kout          theta            phi      intensity
   764          14.31          30.00         131.50      5.7734628
   31.83% of job   1 of   1 completed.

number           kout          theta            phi      intensity
   765          14.31          30.00         134.50      5.7295265
   31.88% of job   1 of   1 completed.

number           kout          theta            phi      intensity
   766          14.31          30.00         137.50      5.8063369
   31.92% of job   1 of   1 completed.

number           kout          theta            phi      intensity
   767          14.31          30.00         140.50      5.7500567
   31.96% of job   1 of   1 completed.

number           kout          theta            phi      intensity
   768          14.31          30.00         143.50      5.4955668
   32.00% of job   1 of   1 completed.

number           kout          theta            phi      intensity
   769          14.31          30.00         146.50      5.1587043
   32.04% of job   1 of   1 completed.

number           kout          theta            phi      intensity
   770          14.31          30.00         149.50      4.6648459
   32.08% of job   1 of   1 completed.

number           kout          theta            phi      intensity
   771          14.31          30.00         152.50      4.3246236
   32.12% of job   1 of   1 completed.

number           kout          theta            phi      intensity
   772          14.31          30.00         155.50      4.1331139
   32.17% of job   1 of   1 completed.

number           kout          theta            phi      intensity
   773          14.31          30.00         158.50      4.1108823
   32.21% of job   1 of   1 completed.

number           kout          theta            phi      intensity
   774          14.31          30.00         161.50      4.0957069
   32.25% of job   1 of   1 completed.

number           kout          theta            phi      intensity
   775          14.31          30.00         164.50      4.2568517
   32.29% of job   1 of   1 completed.

number           kout          theta            phi      intensity
   776          14.31          30.00         167.50      4.2709789
   32.33% of job   1 of   1 completed.

number           kout          theta            phi      intensity
   777          14.31          30.00         170.50      4.4022088
   32.38% of job   1 of   1 completed.

number           kout          theta            phi      intensity
   778          14.31          30.00         173.50      4.4764419
   32.42% of job   1 of   1 completed.

number           kout          theta            phi      intensity
   779          14.31          30.00         176.50      4.3542209
   32.46% of job   1 of   1 completed.

number           kout          theta            phi      intensity
   780          14.31          30.00         179.50      4.5587568
   32.50% of job   1 of   1 completed.

number           kout          theta            phi      intensity
   781          14.31          30.00         182.50      4.4469647
   32.54% of job   1 of   1 completed.

number           kout          theta            phi      intensity
   782          14.31          30.00         185.50      4.3577747
   32.58% of job   1 of   1 completed.

number           kout          theta            phi      intensity
   783          14.31          30.00         188.50      4.5154796
   32.62% of job   1 of   1 completed.

number           kout          theta            phi      intensity
   784          14.31          30.00         191.50      4.3891916
   32.67% of job   1 of   1 completed.

number           kout          theta            phi      intensity
   785          14.31          30.00         194.50      4.2523942
   32.71% of job   1 of   1 completed.

number           kout          theta            phi      intensity
   786          14.31          30.00         197.50      4.2537451
   32.75% of job   1 of   1 completed.

number           kout          theta            phi      intensity
   787          14.31          30.00         200.50      4.2188697
   32.79% of job   1 of   1 completed.

number           kout          theta            phi      intensity
   788          14.31          30.00         203.50      4.0773721
   32.83% of job   1 of   1 completed.

number           kout          theta            phi      intensity
   789          14.31          30.00         206.50      4.2878776
   32.88% of job   1 of   1 completed.

number           kout          theta            phi      intensity
   790          14.31          30.00         209.50      4.5341945
   32.92% of job   1 of   1 completed.

number           kout          theta            phi      intensity
   791          14.31          30.00         212.50      5.0582862
   32.96% of job   1 of   1 completed.

number           kout          theta            phi      intensity
   792          14.31          30.00         215.50      5.4562221
   33.00% of job   1 of   1 completed.

number           kout          theta            phi      intensity
   793          14.31          30.00         218.50      5.8673673
   33.04% of job   1 of   1 completed.

number           kout          theta            phi      intensity
   794          14.31          30.00         221.50      5.8784595
   33.08% of job   1 of   1 completed.

number           kout          theta            phi      intensity
   795          14.31          30.00         224.50      5.8968291
   33.12% of job   1 of   1 completed.

number           kout          theta            phi      intensity
   796          14.31          30.00         227.50      5.9639320
   33.17% of job   1 of   1 completed.

number           kout          theta            phi      intensity
   797          14.31          30.00         230.50      5.7925820
   33.21% of job   1 of   1 completed.

number           kout          theta            phi      intensity
   798          14.31          30.00         233.50      5.6990986
   33.25% of job   1 of   1 completed.

number           kout          theta            phi      intensity
   799          14.31          30.00         236.50      5.2979093
   33.29% of job   1 of   1 completed.

number           kout          theta            phi      intensity
   800          14.31          30.00         239.50      4.6677318
   33.33% of job   1 of   1 completed.

number           kout          theta            phi      intensity
   801          14.31          30.00         242.50      4.2352624
   33.38% of job   1 of   1 completed.

number           kout          theta            phi      intensity
   802          14.31          30.00         245.50      4.0735602
   33.42% of job   1 of   1 completed.

number           kout          theta            phi      intensity
   803          14.31          30.00         248.50      4.1315351
   33.46% of job   1 of   1 completed.

number           kout          theta            phi      intensity
   804          14.31          30.00         251.50      4.7523518
   33.50% of job   1 of   1 completed.

number           kout          theta            phi      intensity
   805          14.31          30.00         254.50      5.0616956
   33.54% of job   1 of   1 completed.

number           kout          theta            phi      intensity
   806          14.31          30.00         257.50      5.2967744
   33.58% of job   1 of   1 completed.

number           kout          theta            phi      intensity
   807          14.31          30.00         260.50      5.2034941
   33.62% of job   1 of   1 completed.

number           kout          theta            phi      intensity
   808          14.31          30.00         263.50      4.7667608
   33.67% of job   1 of   1 completed.

number           kout          theta            phi      intensity
   809          14.31          30.00         266.50      4.2592845
   33.71% of job   1 of   1 completed.

number           kout          theta            phi      intensity
   810          14.31          30.00         269.50      4.1532421
   33.75% of job   1 of   1 completed.

number           kout          theta            phi      intensity
   811          14.31          30.00         272.50      4.0963664
   33.79% of job   1 of   1 completed.

number           kout          theta            phi      intensity
   812          14.31          30.00         275.50      4.1786613
   33.83% of job   1 of   1 completed.

number           kout          theta            phi      intensity
   813          14.31          30.00         278.50      4.3762074
   33.88% of job   1 of   1 completed.

number           kout          theta            phi      intensity
   814          14.31          30.00         281.50      4.4554605
   33.92% of job   1 of   1 completed.

number           kout          theta            phi      intensity
   815          14.31          30.00         284.50      4.6563034
   33.96% of job   1 of   1 completed.

number           kout          theta            phi      intensity
   816          14.31          30.00         287.50      4.9306307
   34.00% of job   1 of   1 completed.

number           kout          theta            phi      intensity
   817          14.31          30.00         290.50      5.2481604
   34.04% of job   1 of   1 completed.

number           kout          theta            phi      intensity
   818          14.31          30.00         293.50      5.5962043
   34.08% of job   1 of   1 completed.

number           kout          theta            phi      intensity
   819          14.31          30.00         296.50      5.9422345
   34.12% of job   1 of   1 completed.

number           kout          theta            phi      intensity
   820          14.31          30.00         299.50      6.4407196
   34.17% of job   1 of   1 completed.

number           kout          theta            phi      intensity
   821          14.31          30.00         302.50      7.0743985
   34.21% of job   1 of   1 completed.

number           kout          theta            phi      intensity
   822          14.31          30.00         305.50      7.3476253
   34.25% of job   1 of   1 completed.

number           kout          theta            phi      intensity
   823          14.31          30.00         308.50      7.4276633
   34.29% of job   1 of   1 completed.

number           kout          theta            phi      intensity
   824          14.31          30.00         311.50      7.3654418
   34.33% of job   1 of   1 completed.

number           kout          theta            phi      intensity
   825          14.31          30.00         314.50      6.8723798
   34.38% of job   1 of   1 completed.

number           kout          theta            phi      intensity
   826          14.31          30.00         317.50      6.6937041
   34.42% of job   1 of   1 completed.

number           kout          theta            phi      intensity
   827          14.31          30.00         320.50      6.8022251
   34.46% of job   1 of   1 completed.

number           kout          theta            phi      intensity
   828          14.31          30.00         323.50      6.9210682
   34.50% of job   1 of   1 completed.

number           kout          theta            phi      intensity
   829          14.31          30.00         326.50      7.0072041
   34.54% of job   1 of   1 completed.

number           kout          theta            phi      intensity
   830          14.31          30.00         329.50      6.6127791
   34.58% of job   1 of   1 completed.

number           kout          theta            phi      intensity
   831          14.31          30.00         332.50      5.9209576
   34.62% of job   1 of   1 completed.

number           kout          theta            phi      intensity
   832          14.31          30.00         335.50      5.4163203
   34.67% of job   1 of   1 completed.

number           kout          theta            phi      intensity
   833          14.31          30.00         338.50      4.7169142
   34.71% of job   1 of   1 completed.

number           kout          theta            phi      intensity
   834          14.31          30.00         341.50      4.2869878
   34.75% of job   1 of   1 completed.

number           kout          theta            phi      intensity
   835          14.31          30.00         344.50      3.9171135
   34.79% of job   1 of   1 completed.

number           kout          theta            phi      intensity
   836          14.31          30.00         347.50      4.1113410
   34.83% of job   1 of   1 completed.

number           kout          theta            phi      intensity
   837          14.31          30.00         350.50      4.2658458
   34.88% of job   1 of   1 completed.

number           kout          theta            phi      intensity
   838          14.31          30.00         353.50      4.5626912
   34.92% of job   1 of   1 completed.

number           kout          theta            phi      intensity
   839          14.31          30.00         356.50      4.8820844
   34.96% of job   1 of   1 completed.

number           kout          theta            phi      intensity
   840          14.31          30.00         359.50      5.5465894
   35.00% of job   1 of   1 completed.

number           kout          theta            phi      intensity
   841          14.31          33.00           2.50      4.3239288
   35.04% of job   1 of   1 completed.

number           kout          theta            phi      intensity
   842          14.31          33.00           5.50      4.0616384
   35.08% of job   1 of   1 completed.

number           kout          theta            phi      intensity
   843          14.31          33.00           8.50      3.9632130
   35.12% of job   1 of   1 completed.

number           kout          theta            phi      intensity
   844          14.31          33.00          11.50      3.9395268
   35.17% of job   1 of   1 completed.

number           kout          theta            phi      intensity
   845          14.31          33.00          14.50      4.0831885
   35.21% of job   1 of   1 completed.

number           kout          theta            phi      intensity
   846          14.31          33.00          17.50      4.4576516
   35.25% of job   1 of   1 completed.

number           kout          theta            phi      intensity
   847          14.31          33.00          20.50      4.7813773
   35.29% of job   1 of   1 completed.

number           kout          theta            phi      intensity
   848          14.31          33.00          23.50      5.1318870
   35.33% of job   1 of   1 completed.

number           kout          theta            phi      intensity
   849          14.31          33.00          26.50      5.3847408
   35.38% of job   1 of   1 completed.

number           kout          theta            phi      intensity
   850          14.31          33.00          29.50      5.4413986
   35.42% of job   1 of   1 completed.

number           kout          theta            phi      intensity
   851          14.31          33.00          32.50      5.3658319
   35.46% of job   1 of   1 completed.

number           kout          theta            phi      intensity
   852          14.31          33.00          35.50      5.2480474
   35.50% of job   1 of   1 completed.

number           kout          theta            phi      intensity
   853          14.31          33.00          38.50      4.9235058
   35.54% of job   1 of   1 completed.

number           kout          theta            phi      intensity
   854          14.31          33.00          41.50      4.5163321
   35.58% of job   1 of   1 completed.

number           kout          theta            phi      intensity
   855          14.31          33.00          44.50      4.5582767
   35.62% of job   1 of   1 completed.

number           kout          theta            phi      intensity
   856          14.31          33.00          47.50      4.5731740
   35.67% of job   1 of   1 completed.

number           kout          theta            phi      intensity
   857          14.31          33.00          50.50      4.7341762
   35.71% of job   1 of   1 completed.

number           kout          theta            phi      intensity
   858          14.31          33.00          53.50      4.5620399
   35.75% of job   1 of   1 completed.

number           kout          theta            phi      intensity
   859          14.31          33.00          56.50      4.7030993
   35.79% of job   1 of   1 completed.

number           kout          theta            phi      intensity
   860          14.31          33.00          59.50      4.7705350
   35.83% of job   1 of   1 completed.

number           kout          theta            phi      intensity
   861          14.31          33.00          62.50      4.8824286
   35.88% of job   1 of   1 completed.

number           kout          theta            phi      intensity
   862          14.31          33.00          65.50      4.9790945
   35.92% of job   1 of   1 completed.

number           kout          theta            phi      intensity
   863          14.31          33.00          68.50      4.8473959
   35.96% of job   1 of   1 completed.

number           kout          theta            phi      intensity
   864          14.31          33.00          71.50      4.8307757
   36.00% of job   1 of   1 completed.

number           kout          theta            phi      intensity
   865          14.31          33.00          74.50      4.6750231
   36.04% of job   1 of   1 completed.

number           kout          theta            phi      intensity
   866          14.31          33.00          77.50      4.7878284
   36.08% of job   1 of   1 completed.

number           kout          theta            phi      intensity
   867          14.31          33.00          80.50      4.6151772
   36.12% of job   1 of   1 completed.

number           kout          theta            phi      intensity
   868          14.31          33.00          83.50      4.3729472
   36.17% of job   1 of   1 completed.

number           kout          theta            phi      intensity
   869          14.31          33.00          86.50      3.9595172
   36.21% of job   1 of   1 completed.

number           kout          theta            phi      intensity
   870          14.31          33.00          89.50      3.9259579
   36.25% of job   1 of   1 completed.

number           kout          theta            phi      intensity
   871          14.31          33.00          92.50      3.9457464
   36.29% of job   1 of   1 completed.

number           kout          theta            phi      intensity
   872          14.31          33.00          95.50      4.0081925
   36.33% of job   1 of   1 completed.

number           kout          theta            phi      intensity
   873          14.31          33.00          98.50      4.1689553
   36.38% of job   1 of   1 completed.

number           kout          theta            phi      intensity
   874          14.31          33.00         101.50      4.4880481
   36.42% of job   1 of   1 completed.

number           kout          theta            phi      intensity
   875          14.31          33.00         104.50      4.4716229
   36.46% of job   1 of   1 completed.

number           kout          theta            phi      intensity
   876          14.31          33.00         107.50      4.2939191
   36.50% of job   1 of   1 completed.

number           kout          theta            phi      intensity
   877          14.31          33.00         110.50      3.9730155
   36.54% of job   1 of   1 completed.

number           kout          theta            phi      intensity
   878          14.31          33.00         113.50      3.9597499
   36.58% of job   1 of   1 completed.

number           kout          theta            phi      intensity
   879          14.31          33.00         116.50      3.9157073
   36.62% of job   1 of   1 completed.

number           kout          theta            phi      intensity
   880          14.31          33.00         119.50      4.0146351
   36.67% of job   1 of   1 completed.

number           kout          theta            phi      intensity
   881          14.31          33.00         122.50      4.1364236
   36.71% of job   1 of   1 completed.

number           kout          theta            phi      intensity
   882          14.31          33.00         125.50      4.3278480
   36.75% of job   1 of   1 completed.

number           kout          theta            phi      intensity
   883          14.31          33.00         128.50      4.0736217
   36.79% of job   1 of   1 completed.

number           kout          theta            phi      intensity
   884          14.31          33.00         131.50      3.9685583
   36.83% of job   1 of   1 completed.

number           kout          theta            phi      intensity
   885          14.31          33.00         134.50      4.4199758
   36.88% of job   1 of   1 completed.

number           kout          theta            phi      intensity
   886          14.31          33.00         137.50      4.7333655
   36.92% of job   1 of   1 completed.

number           kout          theta            phi      intensity
   887          14.31          33.00         140.50      4.6245232
   36.96% of job   1 of   1 completed.

number           kout          theta            phi      intensity
   888          14.31          33.00         143.50      4.4076443
   37.00% of job   1 of   1 completed.

number           kout          theta            phi      intensity
   889          14.31          33.00         146.50      4.2655644
   37.04% of job   1 of   1 completed.

number           kout          theta            phi      intensity
   890          14.31          33.00         149.50      4.1858168
   37.08% of job   1 of   1 completed.

number           kout          theta            phi      intensity
   891          14.31          33.00         152.50      4.0794206
   37.12% of job   1 of   1 completed.

number           kout          theta            phi      intensity
   892          14.31          33.00         155.50      3.9054606
   37.17% of job   1 of   1 completed.

number           kout          theta            phi      intensity
   893          14.31          33.00         158.50      3.7588155
   37.21% of job   1 of   1 completed.

number           kout          theta            phi      intensity
   894          14.31          33.00         161.50      3.6640804
   37.25% of job   1 of   1 completed.

number           kout          theta            phi      intensity
   895          14.31          33.00         164.50      3.7009029
   37.29% of job   1 of   1 completed.

number           kout          theta            phi      intensity
   896          14.31          33.00         167.50      3.7966280
   37.33% of job   1 of   1 completed.

number           kout          theta            phi      intensity
   897          14.31          33.00         170.50      4.0677285
   37.38% of job   1 of   1 completed.

number           kout          theta            phi      intensity
   898          14.31          33.00         173.50      4.4062743
   37.42% of job   1 of   1 completed.

number           kout          theta            phi      intensity
   899          14.31          33.00         176.50      4.5619969
   37.46% of job   1 of   1 completed.

number           kout          theta            phi      intensity
   900          14.31          33.00         179.50      4.7707753
   37.50% of job   1 of   1 completed.

number           kout          theta            phi      intensity
   901          14.31          33.00         182.50      4.7072539
   37.54% of job   1 of   1 completed.

number           kout          theta            phi      intensity
   902          14.31          33.00         185.50      4.4409142
   37.58% of job   1 of   1 completed.

number           kout          theta            phi      intensity
   903          14.31          33.00         188.50      4.2446322
   37.62% of job   1 of   1 completed.

number           kout          theta            phi      intensity
   904          14.31          33.00         191.50      3.9148309
   37.67% of job   1 of   1 completed.

number           kout          theta            phi      intensity
   905          14.31          33.00         194.50      3.8544371
   37.71% of job   1 of   1 completed.

number           kout          theta            phi      intensity
   906          14.31          33.00         197.50      3.6286747
   37.75% of job   1 of   1 completed.

number           kout          theta            phi      intensity
   907          14.31          33.00         200.50      3.7936471
   37.79% of job   1 of   1 completed.

number           kout          theta            phi      intensity
   908          14.31          33.00         203.50      3.9681270
   37.83% of job   1 of   1 completed.

number           kout          theta            phi      intensity
   909          14.31          33.00         206.50      4.1236162
   37.88% of job   1 of   1 completed.

number           kout          theta            phi      intensity
   910          14.31          33.00         209.50      4.2845025
   37.92% of job   1 of   1 completed.

number           kout          theta            phi      intensity
   911          14.31          33.00         212.50      4.3532410
   37.96% of job   1 of   1 completed.

number           kout          theta            phi      intensity
   912          14.31          33.00         215.50      4.3002105
   38.00% of job   1 of   1 completed.

number           kout          theta            phi      intensity
   913          14.31          33.00         218.50      4.4219599
   38.04% of job   1 of   1 completed.

number           kout          theta            phi      intensity
   914          14.31          33.00         221.50      4.4070067
   38.08% of job   1 of   1 completed.

number           kout          theta            phi      intensity
   915          14.31          33.00         224.50      4.5403967
   38.12% of job   1 of   1 completed.

number           kout          theta            phi      intensity
   916          14.31          33.00         227.50      4.2162995
   38.17% of job   1 of   1 completed.

number           kout          theta            phi      intensity
   917          14.31          33.00         230.50      4.0649714
   38.21% of job   1 of   1 completed.

number           kout          theta            phi      intensity
   918          14.31          33.00         233.50      4.2495556
   38.25% of job   1 of   1 completed.

number           kout          theta            phi      intensity
   919          14.31          33.00         236.50      4.1934848
   38.29% of job   1 of   1 completed.

number           kout          theta            phi      intensity
   920          14.31          33.00         239.50      3.8990281
   38.33% of job   1 of   1 completed.

number           kout          theta            phi      intensity
   921          14.31          33.00         242.50      3.8709180
   38.38% of job   1 of   1 completed.

number           kout          theta            phi      intensity
   922          14.31          33.00         245.50      3.8422642
   38.42% of job   1 of   1 completed.

number           kout          theta            phi      intensity
   923          14.31          33.00         248.50      3.9643509
   38.46% of job   1 of   1 completed.

number           kout          theta            phi      intensity
   924          14.31          33.00         251.50      4.1185374
   38.50% of job   1 of   1 completed.

number           kout          theta            phi      intensity
   925          14.31          33.00         254.50      4.3211832
   38.54% of job   1 of   1 completed.

number           kout          theta            phi      intensity
   926          14.31          33.00         257.50      4.4584837
   38.58% of job   1 of   1 completed.

number           kout          theta            phi      intensity
   927          14.31          33.00         260.50      4.2327886
   38.62% of job   1 of   1 completed.

number           kout          theta            phi      intensity
   928          14.31          33.00         263.50      4.1403537
   38.67% of job   1 of   1 completed.

number           kout          theta            phi      intensity
   929          14.31          33.00         266.50      3.8613555
   38.71% of job   1 of   1 completed.

number           kout          theta            phi      intensity
   930          14.31          33.00         269.50      3.9157627
   38.75% of job   1 of   1 completed.

number           kout          theta            phi      intensity
   931          14.31          33.00         272.50      3.9534597
   38.79% of job   1 of   1 completed.

number           kout          theta            phi      intensity
   932          14.31          33.00         275.50      4.0030389
   38.83% of job   1 of   1 completed.

number           kout          theta            phi      intensity
   933          14.31          33.00         278.50      4.5168982
   38.88% of job   1 of   1 completed.

number           kout          theta            phi      intensity
   934          14.31          33.00         281.50      4.5985255
   38.92% of job   1 of   1 completed.

number           kout          theta            phi      intensity
   935          14.31          33.00         284.50      4.7591405
   38.96% of job   1 of   1 completed.

number           kout          theta            phi      intensity
   936          14.31          33.00         287.50      4.8084350
   39.00% of job   1 of   1 completed.

number           kout          theta            phi      intensity
   937          14.31          33.00         290.50      4.8278294
   39.04% of job   1 of   1 completed.

number           kout          theta            phi      intensity
   938          14.31          33.00         293.50      4.9664044
   39.08% of job   1 of   1 completed.

number           kout          theta            phi      intensity
   939          14.31          33.00         296.50      4.8792796
   39.12% of job   1 of   1 completed.

number           kout          theta            phi      intensity
   940          14.31          33.00         299.50      4.7072091
   39.17% of job   1 of   1 completed.

number           kout          theta            phi      intensity
   941          14.31          33.00         302.50      4.5103197
   39.21% of job   1 of   1 completed.

number           kout          theta            phi      intensity
   942          14.31          33.00         305.50      4.7074828
   39.25% of job   1 of   1 completed.

number           kout          theta            phi      intensity
   943          14.31          33.00         308.50      4.7778296
   39.29% of job   1 of   1 completed.

number           kout          theta            phi      intensity
   944          14.31          33.00         311.50      4.8036895
   39.33% of job   1 of   1 completed.

number           kout          theta            phi      intensity
   945          14.31          33.00         314.50      4.6381202
   39.38% of job   1 of   1 completed.

number           kout          theta            phi      intensity
   946          14.31          33.00         317.50      4.4686646
   39.42% of job   1 of   1 completed.

number           kout          theta            phi      intensity
   947          14.31          33.00         320.50      4.6934538
   39.46% of job   1 of   1 completed.

number           kout          theta            phi      intensity
   948          14.31          33.00         323.50      4.9958134
   39.50% of job   1 of   1 completed.

number           kout          theta            phi      intensity
   949          14.31          33.00         326.50      5.2194018
   39.54% of job   1 of   1 completed.

number           kout          theta            phi      intensity
   950          14.31          33.00         329.50      5.0706844
   39.58% of job   1 of   1 completed.

number           kout          theta            phi      intensity
   951          14.31          33.00         332.50      5.3373489
   39.62% of job   1 of   1 completed.

number           kout          theta            phi      intensity
   952          14.31          33.00         335.50      5.1858020
   39.67% of job   1 of   1 completed.

number           kout          theta            phi      intensity
   953          14.31          33.00         338.50      4.8276811
   39.71% of job   1 of   1 completed.

number           kout          theta            phi      intensity
   954          14.31          33.00         341.50      4.4705405
   39.75% of job   1 of   1 completed.

number           kout          theta            phi      intensity
   955          14.31          33.00         344.50      4.1833634
   39.79% of job   1 of   1 completed.

number           kout          theta            phi      intensity
   956          14.31          33.00         347.50      4.0917268
   39.83% of job   1 of   1 completed.

number           kout          theta            phi      intensity
   957          14.31          33.00         350.50      3.9315207
   39.88% of job   1 of   1 completed.

number           kout          theta            phi      intensity
   958          14.31          33.00         353.50      4.0689087
   39.92% of job   1 of   1 completed.

number           kout          theta            phi      intensity
   959          14.31          33.00         356.50      4.2443833
   39.96% of job   1 of   1 completed.

number           kout          theta            phi      intensity
   960          14.31          33.00         359.50      4.6969094
   40.00% of job   1 of   1 completed.

number           kout          theta            phi      intensity
   961          14.31          36.00           2.50      4.9520774
   40.04% of job   1 of   1 completed.

number           kout          theta            phi      intensity
   962          14.31          36.00           5.50      4.7908239
   40.08% of job   1 of   1 completed.

number           kout          theta            phi      intensity
   963          14.31          36.00           8.50      5.0821142
   40.12% of job   1 of   1 completed.

number           kout          theta            phi      intensity
   964          14.31          36.00          11.50      5.1643233
   40.17% of job   1 of   1 completed.

number           kout          theta            phi      intensity
   965          14.31          36.00          14.50      5.2865014
   40.21% of job   1 of   1 completed.

number           kout          theta            phi      intensity
   966          14.31          36.00          17.50      4.9518819
   40.25% of job   1 of   1 completed.

number           kout          theta            phi      intensity
   967          14.31          36.00          20.50      4.9443092
   40.29% of job   1 of   1 completed.

number           kout          theta            phi      intensity
   968          14.31          36.00          23.50      4.9274654
   40.33% of job   1 of   1 completed.

number           kout          theta            phi      intensity
   969          14.31          36.00          26.50      4.6930637
   40.38% of job   1 of   1 completed.

number           kout          theta            phi      intensity
   970          14.31          36.00          29.50      3.9092188
   40.42% of job   1 of   1 completed.

number           kout          theta            phi      intensity
   971          14.31          36.00          32.50      3.6362865
   40.46% of job   1 of   1 completed.

number           kout          theta            phi      intensity
   972          14.31          36.00          35.50      3.4148457
   40.50% of job   1 of   1 completed.

number           kout          theta            phi      intensity
   973          14.31          36.00          38.50      3.3642428
   40.54% of job   1 of   1 completed.

number           kout          theta            phi      intensity
   974          14.31          36.00          41.50      3.3871222
   40.58% of job   1 of   1 completed.

number           kout          theta            phi      intensity
   975          14.31          36.00          44.50      3.6504757
   40.62% of job   1 of   1 completed.

number           kout          theta            phi      intensity
   976          14.31          36.00          47.50      3.6178639
   40.67% of job   1 of   1 completed.

number           kout          theta            phi      intensity
   977          14.31          36.00          50.50      3.6735709
   40.71% of job   1 of   1 completed.

number           kout          theta            phi      intensity
   978          14.31          36.00          53.50      3.3505824
   40.75% of job   1 of   1 completed.

number           kout          theta            phi      intensity
   979          14.31          36.00          56.50      3.3820655
   40.79% of job   1 of   1 completed.

number           kout          theta            phi      intensity
   980          14.31          36.00          59.50      3.3856916
   40.83% of job   1 of   1 completed.

number           kout          theta            phi      intensity
   981          14.31          36.00          62.50      3.7505820
   40.88% of job   1 of   1 completed.

number           kout          theta            phi      intensity
   982          14.31          36.00          65.50      4.1213937
   40.92% of job   1 of   1 completed.

number           kout          theta            phi      intensity
   983          14.31          36.00          68.50      4.2654972
   40.96% of job   1 of   1 completed.

number           kout          theta            phi      intensity
   984          14.31          36.00          71.50      4.5442014
   41.00% of job   1 of   1 completed.

number           kout          theta            phi      intensity
   985          14.31          36.00          74.50      5.0962586
   41.04% of job   1 of   1 completed.

number           kout          theta            phi      intensity
   986          14.31          36.00          77.50      5.4872432
   41.08% of job   1 of   1 completed.

number           kout          theta            phi      intensity
   987          14.31          36.00          80.50      5.8966441
   41.12% of job   1 of   1 completed.

number           kout          theta            phi      intensity
   988          14.31          36.00          83.50      5.3929591
   41.17% of job   1 of   1 completed.

number           kout          theta            phi      intensity
   989          14.31          36.00          86.50      5.1746535
   41.21% of job   1 of   1 completed.

number           kout          theta            phi      intensity
   990          14.31          36.00          89.50      5.0865865
   41.25% of job   1 of   1 completed.

number           kout          theta            phi      intensity
   991          14.31          36.00          92.50      4.8441825
   41.29% of job   1 of   1 completed.

number           kout          theta            phi      intensity
   992          14.31          36.00          95.50      4.7583909
   41.33% of job   1 of   1 completed.

number           kout          theta            phi      intensity
   993          14.31          36.00          98.50      4.6964793
   41.38% of job   1 of   1 completed.

number           kout          theta            phi      intensity
   994          14.31          36.00         101.50      4.9308658
   41.42% of job   1 of   1 completed.

number           kout          theta            phi      intensity
   995          14.31          36.00         104.50      4.8320036
   41.46% of job   1 of   1 completed.

number           kout          theta            phi      intensity
   996          14.31          36.00         107.50      4.4032021
   41.50% of job   1 of   1 completed.

number           kout          theta            phi      intensity
   997          14.31          36.00         110.50      4.0403295
   41.54% of job   1 of   1 completed.

number           kout          theta            phi      intensity
   998          14.31          36.00         113.50      3.6803205
   41.58% of job   1 of   1 completed.

number           kout          theta            phi      intensity
   999          14.31          36.00         116.50      3.6259298
   41.62% of job   1 of   1 completed.

number           kout          theta            phi      intensity
  1000          14.31          36.00         119.50      3.4818182
   41.67% of job   1 of   1 completed.

number           kout          theta            phi      intensity
  1001          14.31          36.00         122.50      3.5755091
   41.71% of job   1 of   1 completed.

number           kout          theta            phi      intensity
  1002          14.31          36.00         125.50      3.6414087
   41.75% of job   1 of   1 completed.

number           kout          theta            phi      intensity
  1003          14.31          36.00         128.50      3.8203115
   41.79% of job   1 of   1 completed.

number           kout          theta            phi      intensity
  1004          14.31          36.00         131.50      4.1697216
   41.83% of job   1 of   1 completed.

number           kout          theta            phi      intensity
  1005          14.31          36.00         134.50      4.5884023
   41.88% of job   1 of   1 completed.

number           kout          theta            phi      intensity
  1006          14.31          36.00         137.50      4.9458108
   41.92% of job   1 of   1 completed.

number           kout          theta            phi      intensity
  1007          14.31          36.00         140.50      4.7997985
   41.96% of job   1 of   1 completed.

number           kout          theta            phi      intensity
  1008          14.31          36.00         143.50      4.5072412
   42.00% of job   1 of   1 completed.

number           kout          theta            phi      intensity
  1009          14.31          36.00         146.50      4.2565331
   42.04% of job   1 of   1 completed.

number           kout          theta            phi      intensity
  1010          14.31          36.00         149.50      4.0006375
   42.08% of job   1 of   1 completed.

number           kout          theta            phi      intensity
  1011          14.31          36.00         152.50      3.8697321
   42.12% of job   1 of   1 completed.

number           kout          theta            phi      intensity
  1012          14.31          36.00         155.50      3.7215528
   42.17% of job   1 of   1 completed.

number           kout          theta            phi      intensity
  1013          14.31          36.00         158.50      3.4446344
   42.21% of job   1 of   1 completed.

number           kout          theta            phi      intensity
  1014          14.31          36.00         161.50      3.3683443
   42.25% of job   1 of   1 completed.

number           kout          theta            phi      intensity
  1015          14.31          36.00         164.50      3.6160066
   42.29% of job   1 of   1 completed.

number           kout          theta            phi      intensity
  1016          14.31          36.00         167.50      4.1430078
   42.33% of job   1 of   1 completed.

number           kout          theta            phi      intensity
  1017          14.31          36.00         170.50      4.7789235
   42.38% of job   1 of   1 completed.

number           kout          theta            phi      intensity
  1018          14.31          36.00         173.50      4.9743371
   42.42% of job   1 of   1 completed.

number           kout          theta            phi      intensity
  1019          14.31          36.00         176.50      5.2007041
   42.46% of job   1 of   1 completed.

number           kout          theta            phi      intensity
  1020          14.31          36.00         179.50      5.3766484
   42.50% of job   1 of   1 completed.

number           kout          theta            phi      intensity
  1021          14.31          36.00         182.50      5.2674937
   42.54% of job   1 of   1 completed.

number           kout          theta            phi      intensity
  1022          14.31          36.00         185.50      4.9335704
   42.58% of job   1 of   1 completed.

number           kout          theta            phi      intensity
  1023          14.31          36.00         188.50      4.9490390
   42.62% of job   1 of   1 completed.

number           kout          theta            phi      intensity
  1024          14.31          36.00         191.50      4.5356946
   42.67% of job   1 of   1 completed.

number           kout          theta            phi      intensity
  1025          14.31          36.00         194.50      3.9889174
   42.71% of job   1 of   1 completed.

number           kout          theta            phi      intensity
  1026          14.31          36.00         197.50      3.4401910
   42.75% of job   1 of   1 completed.

number           kout          theta            phi      intensity
  1027          14.31          36.00         200.50      3.4003847
   42.79% of job   1 of   1 completed.

number           kout          theta            phi      intensity
  1028          14.31          36.00         203.50      3.5135009
   42.83% of job   1 of   1 completed.

number           kout          theta            phi      intensity
  1029          14.31          36.00         206.50      3.9828625
   42.88% of job   1 of   1 completed.

number           kout          theta            phi      intensity
  1030          14.31          36.00         209.50      4.0432534
   42.92% of job   1 of   1 completed.

number           kout          theta            phi      intensity
  1031          14.31          36.00         212.50      4.1683617
   42.96% of job   1 of   1 completed.

number           kout          theta            phi      intensity
  1032          14.31          36.00         215.50      4.2351804
   43.00% of job   1 of   1 completed.

number           kout          theta            phi      intensity
  1033          14.31          36.00         218.50      4.5161214
   43.04% of job   1 of   1 completed.

number           kout          theta            phi      intensity
  1034          14.31          36.00         221.50      4.6449561
   43.08% of job   1 of   1 completed.

number           kout          theta            phi      intensity
  1035          14.31          36.00         224.50      4.6097274
   43.12% of job   1 of   1 completed.

number           kout          theta            phi      intensity
  1036          14.31          36.00         227.50      4.3033452
   43.17% of job   1 of   1 completed.

number           kout          theta            phi      intensity
  1037          14.31          36.00         230.50      3.9901803
   43.21% of job   1 of   1 completed.

number           kout          theta            phi      intensity
  1038          14.31          36.00         233.50      3.6925848
   43.25% of job   1 of   1 completed.

number           kout          theta            phi      intensity
  1039          14.31          36.00         236.50      3.5234044
   43.29% of job   1 of   1 completed.

number           kout          theta            phi      intensity
  1040          14.31          36.00         239.50      3.4739866
   43.33% of job   1 of   1 completed.

number           kout          theta            phi      intensity
  1041          14.31          36.00         242.50      3.6216955
   43.38% of job   1 of   1 completed.

number           kout          theta            phi      intensity
  1042          14.31          36.00         245.50      3.5974092
   43.42% of job   1 of   1 completed.

number           kout          theta            phi      intensity
  1043          14.31          36.00         248.50      3.7985656
   43.46% of job   1 of   1 completed.

number           kout          theta            phi      intensity
  1044          14.31          36.00         251.50      4.1174307
   43.50% of job   1 of   1 completed.

number           kout          theta            phi      intensity
  1045          14.31          36.00         254.50      4.5624261
   43.54% of job   1 of   1 completed.

number           kout          theta            phi      intensity
  1046          14.31          36.00         257.50      4.7006674
   43.58% of job   1 of   1 completed.

number           kout          theta            phi      intensity
  1047          14.31          36.00         260.50      4.6202235
   43.62% of job   1 of   1 completed.

number           kout          theta            phi      intensity
  1048          14.31          36.00         263.50      4.5944233
   43.67% of job   1 of   1 completed.

number           kout          theta            phi      intensity
  1049          14.31          36.00         266.50      4.7783794
   43.71% of job   1 of   1 completed.

number           kout          theta            phi      intensity
  1050          14.31          36.00         269.50      4.9873872
   43.75% of job   1 of   1 completed.

number           kout          theta            phi      intensity
  1051          14.31          36.00         272.50      5.1055913
   43.79% of job   1 of   1 completed.

number           kout          theta            phi      intensity
  1052          14.31          36.00         275.50      5.1647429
   43.83% of job   1 of   1 completed.

number           kout          theta            phi      intensity
  1053          14.31          36.00         278.50      5.7396579
   43.88% of job   1 of   1 completed.

number           kout          theta            phi      intensity
  1054          14.31          36.00         281.50      5.4179301
   43.92% of job   1 of   1 completed.

number           kout          theta            phi      intensity
  1055          14.31          36.00         284.50      4.8676858
   43.96% of job   1 of   1 completed.

number           kout          theta            phi      intensity
  1056          14.31          36.00         287.50      4.5613108
   44.00% of job   1 of   1 completed.

number           kout          theta            phi      intensity
  1057          14.31          36.00         290.50      4.3499250
   44.04% of job   1 of   1 completed.

number           kout          theta            phi      intensity
  1058          14.31          36.00         293.50      4.0937405
   44.08% of job   1 of   1 completed.

number           kout          theta            phi      intensity
  1059          14.31          36.00         296.50      4.0237570
   44.12% of job   1 of   1 completed.

number           kout          theta            phi      intensity
  1060          14.31          36.00         299.50      3.4793556
   44.17% of job   1 of   1 completed.

number           kout          theta            phi      intensity
  1061          14.31          36.00         302.50      3.3828144
   44.21% of job   1 of   1 completed.

number           kout          theta            phi      intensity
  1062          14.31          36.00         305.50      3.2898750
   44.25% of job   1 of   1 completed.

number           kout          theta            phi      intensity
  1063          14.31          36.00         308.50      3.5119240
   44.29% of job   1 of   1 completed.

number           kout          theta            phi      intensity
  1064          14.31          36.00         311.50      3.4467037
   44.33% of job   1 of   1 completed.

number           kout          theta            phi      intensity
  1065          14.31          36.00         314.50      3.4474792
   44.38% of job   1 of   1 completed.

number           kout          theta            phi      intensity
  1066          14.31          36.00         317.50      3.2230618
   44.42% of job   1 of   1 completed.

number           kout          theta            phi      intensity
  1067          14.31          36.00         320.50      3.1694796
   44.46% of job   1 of   1 completed.

number           kout          theta            phi      intensity
  1068          14.31          36.00         323.50      3.2369573
   44.50% of job   1 of   1 completed.

number           kout          theta            phi      intensity
  1069          14.31          36.00         326.50      3.5198781
   44.54% of job   1 of   1 completed.

number           kout          theta            phi      intensity
  1070          14.31          36.00         329.50      3.7620995
   44.58% of job   1 of   1 completed.

number           kout          theta            phi      intensity
  1071          14.31          36.00         332.50      4.4666657
   44.62% of job   1 of   1 completed.

number           kout          theta            phi      intensity
  1072          14.31          36.00         335.50      4.9029021
   44.67% of job   1 of   1 completed.

number           kout          theta            phi      intensity
  1073          14.31          36.00         338.50      4.9459720
   44.71% of job   1 of   1 completed.

number           kout          theta            phi      intensity
  1074          14.31          36.00         341.50      4.7920189
   44.75% of job   1 of   1 completed.

number           kout          theta            phi      intensity
  1075          14.31          36.00         344.50      5.0630116
   44.79% of job   1 of   1 completed.

number           kout          theta            phi      intensity
  1076          14.31          36.00         347.50      5.3802857
   44.83% of job   1 of   1 completed.

number           kout          theta            phi      intensity
  1077          14.31          36.00         350.50      5.1373763
   44.88% of job   1 of   1 completed.

number           kout          theta            phi      intensity
  1078          14.31          36.00         353.50      4.7840991
   44.92% of job   1 of   1 completed.

number           kout          theta            phi      intensity
  1079          14.31          36.00         356.50      4.7434049
   44.96% of job   1 of   1 completed.

number           kout          theta            phi      intensity
  1080          14.31          36.00         359.50      5.2205377
   45.00% of job   1 of   1 completed.

number           kout          theta            phi      intensity
  1081          14.31          39.00           2.50      5.2776375
   45.04% of job   1 of   1 completed.

number           kout          theta            phi      intensity
  1082          14.31          39.00           5.50      5.4025078
   45.08% of job   1 of   1 completed.

number           kout          theta            phi      intensity
  1083          14.31          39.00           8.50      6.6055794
   45.12% of job   1 of   1 completed.

number           kout          theta            phi      intensity
  1084          14.31          39.00          11.50      6.6694698
   45.17% of job   1 of   1 completed.

number           kout          theta            phi      intensity
  1085          14.31          39.00          14.50      6.1487794
   45.21% of job   1 of   1 completed.

number           kout          theta            phi      intensity
  1086          14.31          39.00          17.50      5.3394017
   45.25% of job   1 of   1 completed.

number           kout          theta            phi      intensity
  1087          14.31          39.00          20.50      5.1151037
   45.29% of job   1 of   1 completed.

number           kout          theta            phi      intensity
  1088          14.31          39.00          23.50      4.8016224
   45.33% of job   1 of   1 completed.

number           kout          theta            phi      intensity
  1089          14.31          39.00          26.50      4.3514447
   45.38% of job   1 of   1 completed.

number           kout          theta            phi      intensity
  1090          14.31          39.00          29.50      3.5824258
   45.42% of job   1 of   1 completed.

number           kout          theta            phi      intensity
  1091          14.31          39.00          32.50      3.0987530
   45.46% of job   1 of   1 completed.

number           kout          theta            phi      intensity
  1092          14.31          39.00          35.50      3.1844327
   45.50% of job   1 of   1 completed.

number           kout          theta            phi      intensity
  1093          14.31          39.00          38.50      3.2989447
   45.54% of job   1 of   1 completed.

number           kout          theta            phi      intensity
  1094          14.31          39.00          41.50      3.8635285
   45.58% of job   1 of   1 completed.

number           kout          theta            phi      intensity
  1095          14.31          39.00          44.50      4.3832011
   45.62% of job   1 of   1 completed.

number           kout          theta            phi      intensity
  1096          14.31          39.00          47.50      4.4524364
   45.67% of job   1 of   1 completed.

number           kout          theta            phi      intensity
  1097          14.31          39.00          50.50      4.4223142
   45.71% of job   1 of   1 completed.

number           kout          theta            phi      intensity
  1098          14.31          39.00          53.50      4.1597724
   45.75% of job   1 of   1 completed.

number           kout          theta            phi      intensity
  1099          14.31          39.00          56.50      3.8143814
   45.79% of job   1 of   1 completed.

number           kout          theta            phi      intensity
  1100          14.31          39.00          59.50      3.4658573
   45.83% of job   1 of   1 completed.

number           kout          theta            phi      intensity
  1101          14.31          39.00          62.50      3.3058596
   45.88% of job   1 of   1 completed.

number           kout          theta            phi      intensity
  1102          14.31          39.00          65.50      3.4260397
   45.92% of job   1 of   1 completed.

number           kout          theta            phi      intensity
  1103          14.31          39.00          68.50      3.5962980
   45.96% of job   1 of   1 completed.

number           kout          theta            phi      intensity
  1104          14.31          39.00          71.50      4.1453152
   46.00% of job   1 of   1 completed.

number           kout          theta            phi      intensity
  1105          14.31          39.00          74.50      5.2978148
   46.04% of job   1 of   1 completed.

number           kout          theta            phi      intensity
  1106          14.31          39.00          77.50      6.8676124
   46.08% of job   1 of   1 completed.

number           kout          theta            phi      intensity
  1107          14.31          39.00          80.50      7.4577599
   46.12% of job   1 of   1 completed.

number           kout          theta            phi      intensity
  1108          14.31          39.00          83.50      6.6680126
   46.17% of job   1 of   1 completed.

number           kout          theta            phi      intensity
  1109          14.31          39.00          86.50      6.1504874
   46.21% of job   1 of   1 completed.

number           kout          theta            phi      intensity
  1110          14.31          39.00          89.50      5.9935393
   46.25% of job   1 of   1 completed.

number           kout          theta            phi      intensity
  1111          14.31          39.00          92.50      5.9657683
   46.29% of job   1 of   1 completed.

number           kout          theta            phi      intensity
  1112          14.31          39.00          95.50      5.9419322
   46.33% of job   1 of   1 completed.

number           kout          theta            phi      intensity
  1113          14.31          39.00          98.50      6.0112519
   46.38% of job   1 of   1 completed.

number           kout          theta            phi      intensity
  1114          14.31          39.00         101.50      6.3662238
   46.42% of job   1 of   1 completed.

number           kout          theta            phi      intensity
  1115          14.31          39.00         104.50      5.8516507
   46.46% of job   1 of   1 completed.

number           kout          theta            phi      intensity
  1116          14.31          39.00         107.50      4.5800242
   46.50% of job   1 of   1 completed.

number           kout          theta            phi      intensity
  1117          14.31          39.00         110.50      3.9832938
   46.54% of job   1 of   1 completed.

number           kout          theta            phi      intensity
  1118          14.31          39.00         113.50      3.4058294
   46.58% of job   1 of   1 completed.

number           kout          theta            phi      intensity
  1119          14.31          39.00         116.50      3.2624788
   46.62% of job   1 of   1 completed.

number           kout          theta            phi      intensity
  1120          14.31          39.00         119.50      3.1345644
   46.67% of job   1 of   1 completed.

number           kout          theta            phi      intensity
  1121          14.31          39.00         122.50      3.2805583
   46.71% of job   1 of   1 completed.

number           kout          theta            phi      intensity
  1122          14.31          39.00         125.50      3.7493734
   46.75% of job   1 of   1 completed.

number           kout          theta            phi      intensity
  1123          14.31          39.00         128.50      4.0447774
   46.79% of job   1 of   1 completed.

number           kout          theta            phi      intensity
  1124          14.31          39.00         131.50      4.5558152
   46.83% of job   1 of   1 completed.

number           kout          theta            phi      intensity
  1125          14.31          39.00         134.50      5.2215676
   46.88% of job   1 of   1 completed.

number           kout          theta            phi      intensity
  1126          14.31          39.00         137.50      5.4150033
   46.92% of job   1 of   1 completed.

number           kout          theta            phi      intensity
  1127          14.31          39.00         140.50      5.2482543
   46.96% of job   1 of   1 completed.

number           kout          theta            phi      intensity
  1128          14.31          39.00         143.50      4.9131360
   47.00% of job   1 of   1 completed.

number           kout          theta            phi      intensity
  1129          14.31          39.00         146.50      4.3676500
   47.04% of job   1 of   1 completed.

number           kout          theta            phi      intensity
  1130          14.31          39.00         149.50      4.0047150
   47.08% of job   1 of   1 completed.

number           kout          theta            phi      intensity
  1131          14.31          39.00         152.50      3.5827188
   47.12% of job   1 of   1 completed.

number           kout          theta            phi      intensity
  1132          14.31          39.00         155.50      3.5276346
   47.17% of job   1 of   1 completed.

number           kout          theta            phi      intensity
  1133          14.31          39.00         158.50      3.4089260
   47.21% of job   1 of   1 completed.

number           kout          theta            phi      intensity
  1134          14.31          39.00         161.50      3.4005594
   47.25% of job   1 of   1 completed.

number           kout          theta            phi      intensity
  1135          14.31          39.00         164.50      4.1135354
   47.29% of job   1 of   1 completed.

number           kout          theta            phi      intensity
  1136          14.31          39.00         167.50      5.3272080
   47.33% of job   1 of   1 completed.

number           kout          theta            phi      intensity
  1137          14.31          39.00         170.50      6.2651353
   47.38% of job   1 of   1 completed.

number           kout          theta            phi      intensity
  1138          14.31          39.00         173.50      6.2093425
   47.42% of job   1 of   1 completed.

number           kout          theta            phi      intensity
  1139          14.31          39.00         176.50      5.7467561
   47.46% of job   1 of   1 completed.

number           kout          theta            phi      intensity
  1140          14.31          39.00         179.50      5.9045730
   47.50% of job   1 of   1 completed.

number           kout          theta            phi      intensity
  1141          14.31          39.00         182.50      5.7348475
   47.54% of job   1 of   1 completed.

number           kout          theta            phi      intensity
  1142          14.31          39.00         185.50      5.7257123
   47.58% of job   1 of   1 completed.

number           kout          theta            phi      intensity
  1143          14.31          39.00         188.50      6.4200864
   47.62% of job   1 of   1 completed.

number           kout          theta            phi      intensity
  1144          14.31          39.00         191.50      5.8251796
   47.67% of job   1 of   1 completed.

number           kout          theta            phi      intensity
  1145          14.31          39.00         194.50      4.7206454
   47.71% of job   1 of   1 completed.

number           kout          theta            phi      intensity
  1146          14.31          39.00         197.50      3.5932484
   47.75% of job   1 of   1 completed.

number           kout          theta            phi      intensity
  1147          14.31          39.00         200.50      3.3096352
   47.79% of job   1 of   1 completed.

number           kout          theta            phi      intensity
  1148          14.31          39.00         203.50      3.3127058
   47.83% of job   1 of   1 completed.

number           kout          theta            phi      intensity
  1149          14.31          39.00         206.50      3.5940018
   47.88% of job   1 of   1 completed.

number           kout          theta            phi      intensity
  1150          14.31          39.00         209.50      3.7442598
   47.92% of job   1 of   1 completed.

number           kout          theta            phi      intensity
  1151          14.31          39.00         212.50      4.2356439
   47.96% of job   1 of   1 completed.

number           kout          theta            phi      intensity
  1152          14.31          39.00         215.50      4.8073287
   48.00% of job   1 of   1 completed.

number           kout          theta            phi      intensity
  1153          14.31          39.00         218.50      5.1226897
   48.04% of job   1 of   1 completed.

number           kout          theta            phi      intensity
  1154          14.31          39.00         221.50      5.3743367
   48.08% of job   1 of   1 completed.

number           kout          theta            phi      intensity
  1155          14.31          39.00         224.50      5.4869304
   48.12% of job   1 of   1 completed.

number           kout          theta            phi      intensity
  1156          14.31          39.00         227.50      5.0851254
   48.17% of job   1 of   1 completed.

number           kout          theta            phi      intensity
  1157          14.31          39.00         230.50      4.4815221
   48.21% of job   1 of   1 completed.

number           kout          theta            phi      intensity
  1158          14.31          39.00         233.50      3.9250281
   48.25% of job   1 of   1 completed.

number           kout          theta            phi      intensity
  1159          14.31          39.00         236.50      3.3525660
   48.29% of job   1 of   1 completed.

number           kout          theta            phi      intensity
  1160          14.31          39.00         239.50      3.0986586
   48.33% of job   1 of   1 completed.

number           kout          theta            phi      intensity
  1161          14.31          39.00         242.50      3.2232740
   48.38% of job   1 of   1 completed.

number           kout          theta            phi      intensity
  1162          14.31          39.00         245.50      3.2725871
   48.42% of job   1 of   1 completed.

number           kout          theta            phi      intensity
  1163          14.31          39.00         248.50      3.6164961
   48.46% of job   1 of   1 completed.

number           kout          theta            phi      intensity
  1164          14.31          39.00         251.50      4.1000218
   48.50% of job   1 of   1 completed.

number           kout          theta            phi      intensity
  1165          14.31          39.00         254.50      5.3371654
   48.54% of job   1 of   1 completed.

number           kout          theta            phi      intensity
  1166          14.31          39.00         257.50      6.0153403
   48.58% of job   1 of   1 completed.

number           kout          theta            phi      intensity
  1167          14.31          39.00         260.50      6.1478615
   48.62% of job   1 of   1 completed.

number           kout          theta            phi      intensity
  1168          14.31          39.00         263.50      5.9703145
   48.67% of job   1 of   1 completed.

number           kout          theta            phi      intensity
  1169          14.31          39.00         266.50      5.8179417
   48.71% of job   1 of   1 completed.

number           kout          theta            phi      intensity
  1170          14.31          39.00         269.50      6.1039600
   48.75% of job   1 of   1 completed.

number           kout          theta            phi      intensity
  1171          14.31          39.00         272.50      5.9764938
   48.79% of job   1 of   1 completed.

number           kout          theta            phi      intensity
  1172          14.31          39.00         275.50      6.4980316
   48.83% of job   1 of   1 completed.

number           kout          theta            phi      intensity
  1173          14.31          39.00         278.50      7.1993451
   48.88% of job   1 of   1 completed.

number           kout          theta            phi      intensity
  1174          14.31          39.00         281.50      6.5922503
   48.92% of job   1 of   1 completed.

number           kout          theta            phi      intensity
  1175          14.31          39.00         284.50      5.3231602
   48.96% of job   1 of   1 completed.

number           kout          theta            phi      intensity
  1176          14.31          39.00         287.50      4.2623515
   49.00% of job   1 of   1 completed.

number           kout          theta            phi      intensity
  1177          14.31          39.00         290.50      3.7767622
   49.04% of job   1 of   1 completed.

number           kout          theta            phi      intensity
  1178          14.31          39.00         293.50      3.4410789
   49.08% of job   1 of   1 completed.

number           kout          theta            phi      intensity
  1179          14.31          39.00         296.50      3.1285410
   49.12% of job   1 of   1 completed.

number           kout          theta            phi      intensity
  1180          14.31          39.00         299.50      3.1499870
   49.17% of job   1 of   1 completed.

number           kout          theta            phi      intensity
  1181          14.31          39.00         302.50      3.5214221
   49.21% of job   1 of   1 completed.

number           kout          theta            phi      intensity
  1182          14.31          39.00         305.50      4.0665622
   49.25% of job   1 of   1 completed.

number           kout          theta            phi      intensity
  1183          14.31          39.00         308.50      4.4702244
   49.29% of job   1 of   1 completed.

number           kout          theta            phi      intensity
  1184          14.31          39.00         311.50      4.6801085
   49.33% of job   1 of   1 completed.

number           kout          theta            phi      intensity
  1185          14.31          39.00         314.50      4.6925073
   49.38% of job   1 of   1 completed.

number           kout          theta            phi      intensity
  1186          14.31          39.00         317.50      4.1235442
   49.42% of job   1 of   1 completed.

number           kout          theta            phi      intensity
  1187          14.31          39.00         320.50      3.7285089
   49.46% of job   1 of   1 completed.

number           kout          theta            phi      intensity
  1188          14.31          39.00         323.50      3.4753265
   49.50% of job   1 of   1 completed.

number           kout          theta            phi      intensity
  1189          14.31          39.00         326.50      3.1063271
   49.54% of job   1 of   1 completed.

number           kout          theta            phi      intensity
  1190          14.31          39.00         329.50      3.2954624
   49.58% of job   1 of   1 completed.

number           kout          theta            phi      intensity
  1191          14.31          39.00         332.50      4.1413627
   49.62% of job   1 of   1 completed.

number           kout          theta            phi      intensity
  1192          14.31          39.00         335.50      4.7284789
   49.67% of job   1 of   1 completed.

number           kout          theta            phi      intensity
  1193          14.31          39.00         338.50      5.1991305
   49.71% of job   1 of   1 completed.

number           kout          theta            phi      intensity
  1194          14.31          39.00         341.50      5.1356492
   49.75% of job   1 of   1 completed.

number           kout          theta            phi      intensity
  1195          14.31          39.00         344.50      5.7349238
   49.79% of job   1 of   1 completed.

number           kout          theta            phi      intensity
  1196          14.31          39.00         347.50      6.8496137
   49.83% of job   1 of   1 completed.

number           kout          theta            phi      intensity
  1197          14.31          39.00         350.50      6.7003455
   49.88% of job   1 of   1 completed.

number           kout          theta            phi      intensity
  1198          14.31          39.00         353.50      5.6352234
   49.92% of job   1 of   1 completed.

number           kout          theta            phi      intensity
  1199          14.31          39.00         356.50      5.1716924
   49.96% of job   1 of   1 completed.

number           kout          theta            phi      intensity
  1200          14.31          39.00         359.50      5.6538181
   50.00% of job   1 of   1 completed.

number           kout          theta            phi      intensity
  1201          14.31          42.00           2.50      5.5479183
   50.04% of job   1 of   1 completed.

number           kout          theta            phi      intensity
  1202          14.31          42.00           5.50      6.1964478
   50.08% of job   1 of   1 completed.

number           kout          theta            phi      intensity
  1203          14.31          42.00           8.50      7.1874776
   50.12% of job   1 of   1 completed.

number           kout          theta            phi      intensity
  1204          14.31          42.00          11.50      7.2222381
   50.17% of job   1 of   1 completed.

number           kout          theta            phi      intensity
  1205          14.31          42.00          14.50      6.0364795
   50.21% of job   1 of   1 completed.

number           kout          theta            phi      intensity
  1206          14.31          42.00          17.50      5.1890583
   50.25% of job   1 of   1 completed.

number           kout          theta            phi      intensity
  1207          14.31          42.00          20.50      5.5196648
   50.29% of job   1 of   1 completed.

number           kout          theta            phi      intensity
  1208          14.31          42.00          23.50      5.1826034
   50.33% of job   1 of   1 completed.

number           kout          theta            phi      intensity
  1209          14.31          42.00          26.50      4.2389588
   50.38% of job   1 of   1 completed.

number           kout          theta            phi      intensity
  1210          14.31          42.00          29.50      3.3427885
   50.42% of job   1 of   1 completed.

number           kout          theta            phi      intensity
  1211          14.31          42.00          32.50      3.0811043
   50.46% of job   1 of   1 completed.

number           kout          theta            phi      intensity
  1212          14.31          42.00          35.50      3.4278061
   50.50% of job   1 of   1 completed.

number           kout          theta            phi      intensity
  1213          14.31          42.00          38.50      4.1575761
   50.54% of job   1 of   1 completed.

number           kout          theta            phi      intensity
  1214          14.31          42.00          41.50      4.6857858
   50.58% of job   1 of   1 completed.

number           kout          theta            phi      intensity
  1215          14.31          42.00          44.50      5.3299336
   50.62% of job   1 of   1 completed.

number           kout          theta            phi      intensity
  1216          14.31          42.00          47.50      5.6144624
   50.67% of job   1 of   1 completed.

number           kout          theta            phi      intensity
  1217          14.31          42.00          50.50      5.3361030
   50.71% of job   1 of   1 completed.

number           kout          theta            phi      intensity
  1218          14.31          42.00          53.50      4.9303012
   50.75% of job   1 of   1 completed.

number           kout          theta            phi      intensity
  1219          14.31          42.00          56.50      4.1023560
   50.79% of job   1 of   1 completed.

number           kout          theta            phi      intensity
  1220          14.31          42.00          59.50      3.4277580
   50.83% of job   1 of   1 completed.

number           kout          theta            phi      intensity
  1221          14.31          42.00          62.50      3.3136132
   50.88% of job   1 of   1 completed.

number           kout          theta            phi      intensity
  1222          14.31          42.00          65.50      3.8580062
   50.92% of job   1 of   1 completed.

number           kout          theta            phi      intensity
  1223          14.31          42.00          68.50      4.0635109
   50.96% of job   1 of   1 completed.

number           kout          theta            phi      intensity
  1224          14.31          42.00          71.50      4.2409854
   51.00% of job   1 of   1 completed.

number           kout          theta            phi      intensity
  1225          14.31          42.00          74.50      5.0064588
   51.04% of job   1 of   1 completed.

number           kout          theta            phi      intensity
  1226          14.31          42.00          77.50      6.8487625
   51.08% of job   1 of   1 completed.

number           kout          theta            phi      intensity
  1227          14.31          42.00          80.50      8.2985258
   51.12% of job   1 of   1 completed.

number           kout          theta            phi      intensity
  1228          14.31          42.00          83.50      7.9304748
   51.17% of job   1 of   1 completed.

number           kout          theta            phi      intensity
  1229          14.31          42.00          86.50      6.6923099
   51.21% of job   1 of   1 completed.

number           kout          theta            phi      intensity
  1230          14.31          42.00          89.50      6.2106152
   51.25% of job   1 of   1 completed.

number           kout          theta            phi      intensity
  1231          14.31          42.00          92.50      5.9852276
   51.29% of job   1 of   1 completed.

number           kout          theta            phi      intensity
  1232          14.31          42.00          95.50      6.2286720
   51.33% of job   1 of   1 completed.

number           kout          theta            phi      intensity
  1233          14.31          42.00          98.50      6.2873607
   51.38% of job   1 of   1 completed.

number           kout          theta            phi      intensity
  1234          14.31          42.00         101.50      6.3899803
   51.42% of job   1 of   1 completed.

number           kout          theta            phi      intensity
  1235          14.31          42.00         104.50      5.4869094
   51.46% of job   1 of   1 completed.

number           kout          theta            phi      intensity
  1236          14.31          42.00         107.50      4.4738436
   51.50% of job   1 of   1 completed.

number           kout          theta            phi      intensity
  1237          14.31          42.00         110.50      3.9905350
   51.54% of job   1 of   1 completed.

number           kout          theta            phi      intensity
  1238          14.31          42.00         113.50      3.6611888
   51.58% of job   1 of   1 completed.

number           kout          theta            phi      intensity
  1239          14.31          42.00         116.50      3.1554754
   51.62% of job   1 of   1 completed.

number           kout          theta            phi      intensity
  1240          14.31          42.00         119.50      2.8547354
   51.67% of job   1 of   1 completed.

number           kout          theta            phi      intensity
  1241          14.31          42.00         122.50      2.9374144
   51.71% of job   1 of   1 completed.

number           kout          theta            phi      intensity
  1242          14.31          42.00         125.50      3.4938891
   51.75% of job   1 of   1 completed.

number           kout          theta            phi      intensity
  1243          14.31          42.00         128.50      4.3139138
   51.79% of job   1 of   1 completed.

number           kout          theta            phi      intensity
  1244          14.31          42.00         131.50      4.8158875
   51.83% of job   1 of   1 completed.

number           kout          theta            phi      intensity
  1245          14.31          42.00         134.50      5.2498140
   51.88% of job   1 of   1 completed.

number           kout          theta            phi      intensity
  1246          14.31          42.00         137.50      5.3659053
   51.92% of job   1 of   1 completed.

number           kout          theta            phi      intensity
  1247          14.31          42.00         140.50      5.2062817
   51.96% of job   1 of   1 completed.

number           kout          theta            phi      intensity
  1248          14.31          42.00         143.50      4.7440324
   52.00% of job   1 of   1 completed.

number           kout          theta            phi      intensity
  1249          14.31          42.00         146.50      4.0346684
   52.04% of job   1 of   1 completed.

number           kout          theta            phi      intensity
  1250          14.31          42.00         149.50      3.3756170
   52.08% of job   1 of   1 completed.

number           kout          theta            phi      intensity
  1251          14.31          42.00         152.50      3.2554781
   52.12% of job   1 of   1 completed.

number           kout          theta            phi      intensity
  1252          14.31          42.00         155.50      3.3690789
   52.17% of job   1 of   1 completed.

number           kout          theta            phi      intensity
  1253          14.31          42.00         158.50      3.5555909
   52.21% of job   1 of   1 completed.

number           kout          theta            phi      intensity
  1254          14.31          42.00         161.50      3.4591076
   52.25% of job   1 of   1 completed.

number           kout          theta            phi      intensity
  1255          14.31          42.00         164.50      3.9033480
   52.29% of job   1 of   1 completed.

number           kout          theta            phi      intensity
  1256          14.31          42.00         167.50      5.4312682
   52.33% of job   1 of   1 completed.

number           kout          theta            phi      intensity
  1257          14.31          42.00         170.50      6.7832265
   52.38% of job   1 of   1 completed.

number           kout          theta            phi      intensity
  1258          14.31          42.00         173.50      7.0083489
   52.42% of job   1 of   1 completed.

number           kout          theta            phi      intensity
  1259          14.31          42.00         176.50      6.4075222
   52.46% of job   1 of   1 completed.

number           kout          theta            phi      intensity
  1260          14.31          42.00         179.50      6.3896899
   52.50% of job   1 of   1 completed.

number           kout          theta            phi      intensity
  1261          14.31          42.00         182.50      6.1755643
   52.54% of job   1 of   1 completed.

number           kout          theta            phi      intensity
  1262          14.31          42.00         185.50      6.4299922
   52.58% of job   1 of   1 completed.

number           kout          theta            phi      intensity
  1263          14.31          42.00         188.50      7.2627120
   52.62% of job   1 of   1 completed.

number           kout          theta            phi      intensity
  1264          14.31          42.00         191.50      6.4534841
   52.67% of job   1 of   1 completed.

number           kout          theta            phi      intensity
  1265          14.31          42.00         194.50      4.5794024
   52.71% of job   1 of   1 completed.

number           kout          theta            phi      intensity
  1266          14.31          42.00         197.50      3.5436382
   52.75% of job   1 of   1 completed.

number           kout          theta            phi      intensity
  1267          14.31          42.00         200.50      3.5154932
   52.79% of job   1 of   1 completed.

number           kout          theta            phi      intensity
  1268          14.31          42.00         203.50      3.5422914
   52.83% of job   1 of   1 completed.

number           kout          theta            phi      intensity
  1269          14.31          42.00         206.50      3.3517997
   52.88% of job   1 of   1 completed.

number           kout          theta            phi      intensity
  1270          14.31          42.00         209.50      3.3594735
   52.92% of job   1 of   1 completed.

number           kout          theta            phi      intensity
  1271          14.31          42.00         212.50      3.7665396
   52.96% of job   1 of   1 completed.

number           kout          theta            phi      intensity
  1272          14.31          42.00         215.50      4.5595274
   53.00% of job   1 of   1 completed.

number           kout          theta            phi      intensity
  1273          14.31          42.00         218.50      5.1384759
   53.04% of job   1 of   1 completed.

number           kout          theta            phi      intensity
  1274          14.31          42.00         221.50      5.1587820
   53.08% of job   1 of   1 completed.

number           kout          theta            phi      intensity
  1275          14.31          42.00         224.50      5.2075601
   53.12% of job   1 of   1 completed.

number           kout          theta            phi      intensity
  1276          14.31          42.00         227.50      4.9766927
   53.17% of job   1 of   1 completed.

number           kout          theta            phi      intensity
  1277          14.31          42.00         230.50      4.4482074
   53.21% of job   1 of   1 completed.

number           kout          theta            phi      intensity
  1278          14.31          42.00         233.50      3.7717102
   53.25% of job   1 of   1 completed.

number           kout          theta            phi      intensity
  1279          14.31          42.00         236.50      3.0232773
   53.29% of job   1 of   1 completed.

number           kout          theta            phi      intensity
  1280          14.31          42.00         239.50      2.6443040
   53.33% of job   1 of   1 completed.

number           kout          theta            phi      intensity
  1281          14.31          42.00         242.50      2.8523266
   53.38% of job   1 of   1 completed.

number           kout          theta            phi      intensity
  1282          14.31          42.00         245.50      3.3267145
   53.42% of job   1 of   1 completed.

number           kout          theta            phi      intensity
  1283          14.31          42.00         248.50      3.8389747
   53.46% of job   1 of   1 completed.

number           kout          theta            phi      intensity
  1284          14.31          42.00         251.50      4.0472670
   53.50% of job   1 of   1 completed.

number           kout          theta            phi      intensity
  1285          14.31          42.00         254.50      4.8998170
   53.54% of job   1 of   1 completed.

number           kout          theta            phi      intensity
  1286          14.31          42.00         257.50      6.0326576
   53.58% of job   1 of   1 completed.

number           kout          theta            phi      intensity
  1287          14.31          42.00         260.50      6.3343396
   53.62% of job   1 of   1 completed.

number           kout          theta            phi      intensity
  1288          14.31          42.00         263.50      5.9798436
   53.67% of job   1 of   1 completed.

number           kout          theta            phi      intensity
  1289          14.31          42.00         266.50      5.9527855
   53.71% of job   1 of   1 completed.

number           kout          theta            phi      intensity
  1290          14.31          42.00         269.50      6.4205441
   53.75% of job   1 of   1 completed.

number           kout          theta            phi      intensity
  1291          14.31          42.00         272.50      6.5438981
   53.79% of job   1 of   1 completed.

number           kout          theta            phi      intensity
  1292          14.31          42.00         275.50      7.5574741
   53.83% of job   1 of   1 completed.

number           kout          theta            phi      intensity
  1293          14.31          42.00         278.50      7.9484448
   53.88% of job   1 of   1 completed.

number           kout          theta            phi      intensity
  1294          14.31          42.00         281.50      7.0892272
   53.92% of job   1 of   1 completed.

number           kout          theta            phi      intensity
  1295          14.31          42.00         284.50      5.3400292
   53.96% of job   1 of   1 completed.

number           kout          theta            phi      intensity
  1296          14.31          42.00         287.50      4.6470170
   54.00% of job   1 of   1 completed.

number           kout          theta            phi      intensity
  1297          14.31          42.00         290.50      4.3311534
   54.04% of job   1 of   1 completed.

number           kout          theta            phi      intensity
  1298          14.31          42.00         293.50      4.1938567
   54.08% of job   1 of   1 completed.

number           kout          theta            phi      intensity
  1299          14.31          42.00         296.50      3.2961814
   54.12% of job   1 of   1 completed.

number           kout          theta            phi      intensity
  1300          14.31          42.00         299.50      3.4105012
   54.17% of job   1 of   1 completed.

number           kout          theta            phi      intensity
  1301          14.31          42.00         302.50      4.2828078
   54.21% of job   1 of   1 completed.

number           kout          theta            phi      intensity
  1302          14.31          42.00         305.50      5.5136647
   54.25% of job   1 of   1 completed.

number           kout          theta            phi      intensity
  1303          14.31          42.00         308.50      6.2087903
   54.29% of job   1 of   1 completed.

number           kout          theta            phi      intensity
  1304          14.31          42.00         311.50      7.0086021
   54.33% of job   1 of   1 completed.

number           kout          theta            phi      intensity
  1305          14.31          42.00         314.50      6.6593208
   54.38% of job   1 of   1 completed.

number           kout          theta            phi      intensity
  1306          14.31          42.00         317.50      5.6799636
   54.42% of job   1 of   1 completed.

number           kout          theta            phi      intensity
  1307          14.31          42.00         320.50      5.0884442
   54.46% of job   1 of   1 completed.

number           kout          theta            phi      intensity
  1308          14.31          42.00         323.50      4.2925396
   54.50% of job   1 of   1 completed.

number           kout          theta            phi      intensity
  1309          14.31          42.00         326.50      3.6933355
   54.54% of job   1 of   1 completed.

number           kout          theta            phi      intensity
  1310          14.31          42.00         329.50      3.1982377
   54.58% of job   1 of   1 completed.

number           kout          theta            phi      intensity
  1311          14.31          42.00         332.50      3.6777694
   54.62% of job   1 of   1 completed.

number           kout          theta            phi      intensity
  1312          14.31          42.00         335.50      4.8991265
   54.67% of job   1 of   1 completed.

number           kout          theta            phi      intensity
  1313          14.31          42.00         338.50      5.7628231
   54.71% of job   1 of   1 completed.

number           kout          theta            phi      intensity
  1314          14.31          42.00         341.50      5.4315257
   54.75% of job   1 of   1 completed.

number           kout          theta            phi      intensity
  1315          14.31          42.00         344.50      5.7041192
   54.79% of job   1 of   1 completed.

number           kout          theta            phi      intensity
  1316          14.31          42.00         347.50      6.9886813
   54.83% of job   1 of   1 completed.

number           kout          theta            phi      intensity
  1317          14.31          42.00         350.50      7.3327808
   54.88% of job   1 of   1 completed.

number           kout          theta            phi      intensity
  1318          14.31          42.00         353.50      6.3759346
   54.92% of job   1 of   1 completed.

number           kout          theta            phi      intensity
  1319          14.31          42.00         356.50      5.3324218
   54.96% of job   1 of   1 completed.

number           kout          theta            phi      intensity
  1320          14.31          42.00         359.50      5.3392100
   55.00% of job   1 of   1 completed.

number           kout          theta            phi      intensity
  1321          14.31          45.00           2.50      5.5187449
   55.04% of job   1 of   1 completed.

number           kout          theta            phi      intensity
  1322          14.31          45.00           5.50      6.0794272
   55.08% of job   1 of   1 completed.

number           kout          theta            phi      intensity
  1323          14.31          45.00           8.50      6.0249591
   55.12% of job   1 of   1 completed.

number           kout          theta            phi      intensity
  1324          14.31          45.00          11.50      5.4707055
   55.17% of job   1 of   1 completed.

number           kout          theta            phi      intensity
  1325          14.31          45.00          14.50      4.7381682
   55.21% of job   1 of   1 completed.

number           kout          theta            phi      intensity
  1326          14.31          45.00          17.50      4.8764114
   55.25% of job   1 of   1 completed.

number           kout          theta            phi      intensity
  1327          14.31          45.00          20.50      5.6336117
   55.29% of job   1 of   1 completed.

number           kout          theta            phi      intensity
  1328          14.31          45.00          23.50      5.2588048
   55.33% of job   1 of   1 completed.

number           kout          theta            phi      intensity
  1329          14.31          45.00          26.50      4.3463058
   55.38% of job   1 of   1 completed.

number           kout          theta            phi      intensity
  1330          14.31          45.00          29.50      3.5603111
   55.42% of job   1 of   1 completed.

number           kout          theta            phi      intensity
  1331          14.31          45.00          32.50      3.5007079
   55.46% of job   1 of   1 completed.

number           kout          theta            phi      intensity
  1332          14.31          45.00          35.50      3.5460112
   55.50% of job   1 of   1 completed.

number           kout          theta            phi      intensity
  1333          14.31          45.00          38.50      3.9844434
   55.54% of job   1 of   1 completed.

number           kout          theta            phi      intensity
  1334          14.31          45.00          41.50      5.0838151
   55.58% of job   1 of   1 completed.

number           kout          theta            phi      intensity
  1335          14.31          45.00          44.50      6.1044941
   55.62% of job   1 of   1 completed.

number           kout          theta            phi      intensity
  1336          14.31          45.00          47.50      6.4882741
   55.67% of job   1 of   1 completed.

number           kout          theta            phi      intensity
  1337          14.31          45.00          50.50      5.8440990
   55.71% of job   1 of   1 completed.

number           kout          theta            phi      intensity
  1338          14.31          45.00          53.50      4.9839787
   55.75% of job   1 of   1 completed.

number           kout          theta            phi      intensity
  1339          14.31          45.00          56.50      4.5255866
   55.79% of job   1 of   1 completed.

number           kout          theta            phi      intensity
  1340          14.31          45.00          59.50      3.9979804
   55.83% of job   1 of   1 completed.

number           kout          theta            phi      intensity
  1341          14.31          45.00          62.50      4.2329831
   55.88% of job   1 of   1 completed.

number           kout          theta            phi      intensity
  1342          14.31          45.00          65.50      4.5744462
   55.92% of job   1 of   1 completed.

number           kout          theta            phi      intensity
  1343          14.31          45.00          68.50      4.8858190
   55.96% of job   1 of   1 completed.

number           kout          theta            phi      intensity
  1344          14.31          45.00          71.50      4.3853240
   56.00% of job   1 of   1 completed.

number           kout          theta            phi      intensity
  1345          14.31          45.00          74.50      4.3642325
   56.04% of job   1 of   1 completed.

number           kout          theta            phi      intensity
  1346          14.31          45.00          77.50      5.6180387
   56.08% of job   1 of   1 completed.

number           kout          theta            phi      intensity
  1347          14.31          45.00          80.50      6.8792477
   56.12% of job   1 of   1 completed.

number           kout          theta            phi      intensity
  1348          14.31          45.00          83.50      7.4003091
   56.17% of job   1 of   1 completed.

number           kout          theta            phi      intensity
  1349          14.31          45.00          86.50      6.6858268
   56.21% of job   1 of   1 completed.

number           kout          theta            phi      intensity
  1350          14.31          45.00          89.50      5.9426422
   56.25% of job   1 of   1 completed.

number           kout          theta            phi      intensity
  1351          14.31          45.00          92.50      5.7696896
   56.29% of job   1 of   1 completed.

number           kout          theta            phi      intensity
  1352          14.31          45.00          95.50      5.8005414
   56.33% of job   1 of   1 completed.

number           kout          theta            phi      intensity
  1353          14.31          45.00          98.50      5.6368699
   56.38% of job   1 of   1 completed.

number           kout          theta            phi      intensity
  1354          14.31          45.00         101.50      5.0931411
   56.42% of job   1 of   1 completed.

number           kout          theta            phi      intensity
  1355          14.31          45.00         104.50      4.5547099
   56.46% of job   1 of   1 completed.

number           kout          theta            phi      intensity
  1356          14.31          45.00         107.50      4.3605514
   56.50% of job   1 of   1 completed.

number           kout          theta            phi      intensity
  1357          14.31          45.00         110.50      4.5374689
   56.54% of job   1 of   1 completed.

number           kout          theta            phi      intensity
  1358          14.31          45.00         113.50      4.4036903
   56.58% of job   1 of   1 completed.

number           kout          theta            phi      intensity
  1359          14.31          45.00         116.50      3.7650852
   56.62% of job   1 of   1 completed.

number           kout          theta            phi      intensity
  1360          14.31          45.00         119.50      3.0529997
   56.67% of job   1 of   1 completed.

number           kout          theta            phi      intensity
  1361          14.31          45.00         122.50      2.9782493
   56.71% of job   1 of   1 completed.

number           kout          theta            phi      intensity
  1362          14.31          45.00         125.50      3.3604176
   56.75% of job   1 of   1 completed.

number           kout          theta            phi      intensity
  1363          14.31          45.00         128.50      4.0344820
   56.79% of job   1 of   1 completed.

number           kout          theta            phi      intensity
  1364          14.31          45.00         131.50      4.9111390
   56.83% of job   1 of   1 completed.

number           kout          theta            phi      intensity
  1365          14.31          45.00         134.50      5.7224174
   56.88% of job   1 of   1 completed.

number           kout          theta            phi      intensity
  1366          14.31          45.00         137.50      5.6275234
   56.92% of job   1 of   1 completed.

number           kout          theta            phi      intensity
  1367          14.31          45.00         140.50      4.9865575
   56.96% of job   1 of   1 completed.

number           kout          theta            phi      intensity
  1368          14.31          45.00         143.50      4.3492875
   57.00% of job   1 of   1 completed.

number           kout          theta            phi      intensity
  1369          14.31          45.00         146.50      3.7076776
   57.04% of job   1 of   1 completed.

number           kout          theta            phi      intensity
  1370          14.31          45.00         149.50      3.1981661
   57.08% of job   1 of   1 completed.

number           kout          theta            phi      intensity
  1371          14.31          45.00         152.50      3.5578525
   57.12% of job   1 of   1 completed.

number           kout          theta            phi      intensity
  1372          14.31          45.00         155.50      4.0701318
   57.17% of job   1 of   1 completed.

number           kout          theta            phi      intensity
  1373          14.31          45.00         158.50      4.2663031
   57.21% of job   1 of   1 completed.

number           kout          theta            phi      intensity
  1374          14.31          45.00         161.50      3.8937683
   57.25% of job   1 of   1 completed.

number           kout          theta            phi      intensity
  1375          14.31          45.00         164.50      3.7281492
   57.29% of job   1 of   1 completed.

number           kout          theta            phi      intensity
  1376          14.31          45.00         167.50      4.6563077
   57.33% of job   1 of   1 completed.

number           kout          theta            phi      intensity
  1377          14.31          45.00         170.50      6.0395265
   57.38% of job   1 of   1 completed.

number           kout          theta            phi      intensity
  1378          14.31          45.00         173.50      6.6471806
   57.42% of job   1 of   1 completed.

number           kout          theta            phi      intensity
  1379          14.31          45.00         176.50      5.9822736
   57.46% of job   1 of   1 completed.

number           kout          theta            phi      intensity
  1380          14.31          45.00         179.50      5.7594662
   57.50% of job   1 of   1 completed.

number           kout          theta            phi      intensity
  1381          14.31          45.00         182.50      5.5552468
   57.54% of job   1 of   1 completed.

number           kout          theta            phi      intensity
  1382          14.31          45.00         185.50      6.0618610
   57.58% of job   1 of   1 completed.

number           kout          theta            phi      intensity
  1383          14.31          45.00         188.50      6.3979716
   57.62% of job   1 of   1 completed.

number           kout          theta            phi      intensity
  1384          14.31          45.00         191.50      5.5116887
   57.67% of job   1 of   1 completed.

number           kout          theta            phi      intensity
  1385          14.31          45.00         194.50      4.1117063
   57.71% of job   1 of   1 completed.

number           kout          theta            phi      intensity
  1386          14.31          45.00         197.50      3.6877282
   57.75% of job   1 of   1 completed.

number           kout          theta            phi      intensity
  1387          14.31          45.00         200.50      4.2205553
   57.79% of job   1 of   1 completed.

number           kout          theta            phi      intensity
  1388          14.31          45.00         203.50      4.1873732
   57.83% of job   1 of   1 completed.

number           kout          theta            phi      intensity
  1389          14.31          45.00         206.50      3.7290404
   57.88% of job   1 of   1 completed.

number           kout          theta            phi      intensity
  1390          14.31          45.00         209.50      3.2470119
   57.92% of job   1 of   1 completed.

number           kout          theta            phi      intensity
  1391          14.31          45.00         212.50      3.4806573
   57.96% of job   1 of   1 completed.

number           kout          theta            phi      intensity
  1392          14.31          45.00         215.50      4.2104378
   58.00% of job   1 of   1 completed.

number           kout          theta            phi      intensity
  1393          14.31          45.00         218.50      4.9965835
   58.04% of job   1 of   1 completed.

number           kout          theta            phi      intensity
  1394          14.31          45.00         221.50      5.5418167
   58.08% of job   1 of   1 completed.

number           kout          theta            phi      intensity
  1395          14.31          45.00         224.50      5.8661289
   58.12% of job   1 of   1 completed.

number           kout          theta            phi      intensity
  1396          14.31          45.00         227.50      5.3959846
   58.17% of job   1 of   1 completed.

number           kout          theta            phi      intensity
  1397          14.31          45.00         230.50      4.6356010
   58.21% of job   1 of   1 completed.

number           kout          theta            phi      intensity
  1398          14.31          45.00         233.50      3.6367786
   58.25% of job   1 of   1 completed.

number           kout          theta            phi      intensity
  1399          14.31          45.00         236.50      3.0347490
   58.29% of job   1 of   1 completed.

number           kout          theta            phi      intensity
  1400          14.31          45.00         239.50      2.7800236
   58.33% of job   1 of   1 completed.

number           kout          theta            phi      intensity
  1401          14.31          45.00         242.50      3.3426304
   58.38% of job   1 of   1 completed.

number           kout          theta            phi      intensity
  1402          14.31          45.00         245.50      4.1120782
   58.42% of job   1 of   1 completed.

number           kout          theta            phi      intensity
  1403          14.31          45.00         248.50      4.5289798
   58.46% of job   1 of   1 completed.

number           kout          theta            phi      intensity
  1404          14.31          45.00         251.50      4.1926827
   58.50% of job   1 of   1 completed.

number           kout          theta            phi      intensity
  1405          14.31          45.00         254.50      4.4213490
   58.54% of job   1 of   1 completed.

number           kout          theta            phi      intensity
  1406          14.31          45.00         257.50      5.0131345
   58.58% of job   1 of   1 completed.

number           kout          theta            phi      intensity
  1407          14.31          45.00         260.50      5.6587214
   58.62% of job   1 of   1 completed.

number           kout          theta            phi      intensity
  1408          14.31          45.00         263.50      5.5885024
   58.67% of job   1 of   1 completed.

number           kout          theta            phi      intensity
  1409          14.31          45.00         266.50      5.4982362
   58.71% of job   1 of   1 completed.

number           kout          theta            phi      intensity
  1410          14.31          45.00         269.50      6.0281811
   58.75% of job   1 of   1 completed.

number           kout          theta            phi      intensity
  1411          14.31          45.00         272.50      6.4145923
   58.79% of job   1 of   1 completed.

number           kout          theta            phi      intensity
  1412          14.31          45.00         275.50      7.6768146
   58.83% of job   1 of   1 completed.

number           kout          theta            phi      intensity
  1413          14.31          45.00         278.50      7.1465454
   58.88% of job   1 of   1 completed.

number           kout          theta            phi      intensity
  1414          14.31          45.00         281.50      6.1339011
   58.92% of job   1 of   1 completed.

number           kout          theta            phi      intensity
  1415          14.31          45.00         284.50      4.8794022
   58.96% of job   1 of   1 completed.

number           kout          theta            phi      intensity
  1416          14.31          45.00         287.50      4.6799550
   59.00% of job   1 of   1 completed.

number           kout          theta            phi      intensity
  1417          14.31          45.00         290.50      5.1089754
   59.04% of job   1 of   1 completed.

number           kout          theta            phi      intensity
  1418          14.31          45.00         293.50      4.8335843
   59.08% of job   1 of   1 completed.

number           kout          theta            phi      intensity
  1419          14.31          45.00         296.50      3.8913975
   59.12% of job   1 of   1 completed.

number           kout          theta            phi      intensity
  1420          14.31          45.00         299.50      4.2488518
   59.17% of job   1 of   1 completed.

number           kout          theta            phi      intensity
  1421          14.31          45.00         302.50      4.8901920
   59.21% of job   1 of   1 completed.

number           kout          theta            phi      intensity
  1422          14.31          45.00         305.50      6.1374531
   59.25% of job   1 of   1 completed.

number           kout          theta            phi      intensity
  1423          14.31          45.00         308.50      6.5494766
   59.29% of job   1 of   1 completed.

number           kout          theta            phi      intensity
  1424          14.31          45.00         311.50      7.8526955
   59.33% of job   1 of   1 completed.

number           kout          theta            phi      intensity
  1425          14.31          45.00         314.50      8.4927044
   59.38% of job   1 of   1 completed.

number           kout          theta            phi      intensity
  1426          14.31          45.00         317.50      6.9526730
   59.42% of job   1 of   1 completed.

number           kout          theta            phi      intensity
  1427          14.31          45.00         320.50      5.7841735
   59.46% of job   1 of   1 completed.

number           kout          theta            phi      intensity
  1428          14.31          45.00         323.50      4.8025746
   59.50% of job   1 of   1 completed.

number           kout          theta            phi      intensity
  1429          14.31          45.00         326.50      4.4142485
   59.54% of job   1 of   1 completed.

number           kout          theta            phi      intensity
  1430          14.31          45.00         329.50      3.6892869
   59.58% of job   1 of   1 completed.

number           kout          theta            phi      intensity
  1431          14.31          45.00         332.50      3.5430591
   59.62% of job   1 of   1 completed.

number           kout          theta            phi      intensity
  1432          14.31          45.00         335.50      4.5637474
   59.67% of job   1 of   1 completed.

number           kout          theta            phi      intensity
  1433          14.31          45.00         338.50      5.5095773
   59.71% of job   1 of   1 completed.

number           kout          theta            phi      intensity
  1434          14.31          45.00         341.50      5.2738976
   59.75% of job   1 of   1 completed.

number           kout          theta            phi      intensity
  1435          14.31          45.00         344.50      4.8041658
   59.79% of job   1 of   1 completed.

number           kout          theta            phi      intensity
  1436          14.31          45.00         347.50      5.4629865
   59.83% of job   1 of   1 completed.

number           kout          theta            phi      intensity
  1437          14.31          45.00         350.50      6.1626229
   59.88% of job   1 of   1 completed.

number           kout          theta            phi      intensity
  1438          14.31          45.00         353.50      6.1872387
   59.92% of job   1 of   1 completed.

number           kout          theta            phi      intensity
  1439          14.31          45.00         356.50      5.3462577
   59.96% of job   1 of   1 completed.

number           kout          theta            phi      intensity
  1440          14.31          45.00         359.50      5.4043045
   60.00% of job   1 of   1 completed.

number           kout          theta            phi      intensity
  1441          14.31          48.00           2.50      4.9524436
   60.04% of job   1 of   1 completed.

number           kout          theta            phi      intensity
  1442          14.31          48.00           5.50      5.0968099
   60.08% of job   1 of   1 completed.

number           kout          theta            phi      intensity
  1443          14.31          48.00           8.50      4.8422909
   60.12% of job   1 of   1 completed.

number           kout          theta            phi      intensity
  1444          14.31          48.00          11.50      3.8553307
   60.17% of job   1 of   1 completed.

number           kout          theta            phi      intensity
  1445          14.31          48.00          14.50      4.0432191
   60.21% of job   1 of   1 completed.

number           kout          theta            phi      intensity
  1446          14.31          48.00          17.50      4.6329370
   60.25% of job   1 of   1 completed.

number           kout          theta            phi      intensity
  1447          14.31          48.00          20.50      4.5782037
   60.29% of job   1 of   1 completed.

number           kout          theta            phi      intensity
  1448          14.31          48.00          23.50      4.2773342
   60.33% of job   1 of   1 completed.

number           kout          theta            phi      intensity
  1449          14.31          48.00          26.50      3.6239803
   60.38% of job   1 of   1 completed.

number           kout          theta            phi      intensity
  1450          14.31          48.00          29.50      3.0884876
   60.42% of job   1 of   1 completed.

number           kout          theta            phi      intensity
  1451          14.31          48.00          32.50      2.9616082
   60.46% of job   1 of   1 completed.

number           kout          theta            phi      intensity
  1452          14.31          48.00          35.50      3.3885820
   60.50% of job   1 of   1 completed.

number           kout          theta            phi      intensity
  1453          14.31          48.00          38.50      4.6131253
   60.54% of job   1 of   1 completed.

number           kout          theta            phi      intensity
  1454          14.31          48.00          41.50      6.2384586
   60.58% of job   1 of   1 completed.

number           kout          theta            phi      intensity
  1455          14.31          48.00          44.50      7.4548335
   60.62% of job   1 of   1 completed.

number           kout          theta            phi      intensity
  1456          14.31          48.00          47.50      7.2859731
   60.67% of job   1 of   1 completed.

number           kout          theta            phi      intensity
  1457          14.31          48.00          50.50      5.6770444
   60.71% of job   1 of   1 completed.

number           kout          theta            phi      intensity
  1458          14.31          48.00          53.50      4.3773670
   60.75% of job   1 of   1 completed.

number           kout          theta            phi      intensity
  1459          14.31          48.00          56.50      3.7135012
   60.79% of job   1 of   1 completed.

number           kout          theta            phi      intensity
  1460          14.31          48.00          59.50      3.4891491
   60.83% of job   1 of   1 completed.

number           kout          theta            phi      intensity
  1461          14.31          48.00          62.50      3.7826748
   60.88% of job   1 of   1 completed.

number           kout          theta            phi      intensity
  1462          14.31          48.00          65.50      4.2329931
   60.92% of job   1 of   1 completed.

number           kout          theta            phi      intensity
  1463          14.31          48.00          68.50      4.2396498
   60.96% of job   1 of   1 completed.

number           kout          theta            phi      intensity
  1464          14.31          48.00          71.50      3.6992702
   61.00% of job   1 of   1 completed.

number           kout          theta            phi      intensity
  1465          14.31          48.00          74.50      3.7797642
   61.04% of job   1 of   1 completed.

number           kout          theta            phi      intensity
  1466          14.31          48.00          77.50      4.1185355
   61.08% of job   1 of   1 completed.

number           kout          theta            phi      intensity
  1467          14.31          48.00          80.50      4.7948489
   61.12% of job   1 of   1 completed.

number           kout          theta            phi      intensity
  1468          14.31          48.00          83.50      5.1817837
   61.17% of job   1 of   1 completed.

number           kout          theta            phi      intensity
  1469          14.31          48.00          86.50      5.0682654
   61.21% of job   1 of   1 completed.

number           kout          theta            phi      intensity
  1470          14.31          48.00          89.50      4.9076056
   61.25% of job   1 of   1 completed.

number           kout          theta            phi      intensity
  1471          14.31          48.00          92.50      4.9343562
   61.29% of job   1 of   1 completed.

number           kout          theta            phi      intensity
  1472          14.31          48.00          95.50      4.7830539
   61.33% of job   1 of   1 completed.

number           kout          theta            phi      intensity
  1473          14.31          48.00          98.50      4.1919341
   61.38% of job   1 of   1 completed.

number           kout          theta            phi      intensity
  1474          14.31          48.00         101.50      3.4775813
   61.42% of job   1 of   1 completed.

number           kout          theta            phi      intensity
  1475          14.31          48.00         104.50      3.5528011
   61.46% of job   1 of   1 completed.

number           kout          theta            phi      intensity
  1476          14.31          48.00         107.50      3.9261367
   61.50% of job   1 of   1 completed.

number           kout          theta            phi      intensity
  1477          14.31          48.00         110.50      3.9424906
   61.54% of job   1 of   1 completed.

number           kout          theta            phi      intensity
  1478          14.31          48.00         113.50      3.8762829
   61.58% of job   1 of   1 completed.

number           kout          theta            phi      intensity
  1479          14.31          48.00         116.50      3.5616500
   61.62% of job   1 of   1 completed.

number           kout          theta            phi      intensity
  1480          14.31          48.00         119.50      3.0853021
   61.67% of job   1 of   1 completed.

number           kout          theta            phi      intensity
  1481          14.31          48.00         122.50      3.1921206
   61.71% of job   1 of   1 completed.

number           kout          theta            phi      intensity
  1482          14.31          48.00         125.50      3.7287319
   61.75% of job   1 of   1 completed.

number           kout          theta            phi      intensity
  1483          14.31          48.00         128.50      4.6635671
   61.79% of job   1 of   1 completed.

number           kout          theta            phi      intensity
  1484          14.31          48.00         131.50      6.0021057
   61.83% of job   1 of   1 completed.

number           kout          theta            phi      intensity
  1485          14.31          48.00         134.50      7.1852112
   61.88% of job   1 of   1 completed.

number           kout          theta            phi      intensity
  1486          14.31          48.00         137.50      6.9437213
   61.92% of job   1 of   1 completed.

number           kout          theta            phi      intensity
  1487          14.31          48.00         140.50      5.6707816
   61.96% of job   1 of   1 completed.

number           kout          theta            phi      intensity
  1488          14.31          48.00         143.50      4.5333877
   62.00% of job   1 of   1 completed.

number           kout          theta            phi      intensity
  1489          14.31          48.00         146.50      3.5380447
   62.04% of job   1 of   1 completed.

number           kout          theta            phi      intensity
  1490          14.31          48.00         149.50      3.1418116
   62.08% of job   1 of   1 completed.

number           kout          theta            phi      intensity
  1491          14.31          48.00         152.50      3.3303063
   62.12% of job   1 of   1 completed.

number           kout          theta            phi      intensity
  1492          14.31          48.00         155.50      3.6539171
   62.17% of job   1 of   1 completed.

number           kout          theta            phi      intensity
  1493          14.31          48.00         158.50      3.8008239
   62.21% of job   1 of   1 completed.

number           kout          theta            phi      intensity
  1494          14.31          48.00         161.50      3.5526798
   62.25% of job   1 of   1 completed.

number           kout          theta            phi      intensity
  1495          14.31          48.00         164.50      3.1913614
   62.29% of job   1 of   1 completed.

number           kout          theta            phi      intensity
  1496          14.31          48.00         167.50      3.2630825
   62.33% of job   1 of   1 completed.

number           kout          theta            phi      intensity
  1497          14.31          48.00         170.50      4.2071795
   62.38% of job   1 of   1 completed.

number           kout          theta            phi      intensity
  1498          14.31          48.00         173.50      4.9973073
   62.42% of job   1 of   1 completed.

number           kout          theta            phi      intensity
  1499          14.31          48.00         176.50      4.5645151
   62.46% of job   1 of   1 completed.

number           kout          theta            phi      intensity
  1500          14.31          48.00         179.50      4.5428863
   62.50% of job   1 of   1 completed.

number           kout          theta            phi      intensity
  1501          14.31          48.00         182.50      4.4879203
   62.54% of job   1 of   1 completed.

number           kout          theta            phi      intensity
  1502          14.31          48.00         185.50      4.8911271
   62.58% of job   1 of   1 completed.

number           kout          theta            phi      intensity
  1503          14.31          48.00         188.50      4.7486386
   62.62% of job   1 of   1 completed.

number           kout          theta            phi      intensity
  1504          14.31          48.00         191.50      3.7056425
   62.67% of job   1 of   1 completed.

number           kout          theta            phi      intensity
  1505          14.31          48.00         194.50      3.1949995
   62.71% of job   1 of   1 completed.

number           kout          theta            phi      intensity
  1506          14.31          48.00         197.50      3.4494827
   62.75% of job   1 of   1 completed.

number           kout          theta            phi      intensity
  1507          14.31          48.00         200.50      3.7108948
   62.79% of job   1 of   1 completed.

number           kout          theta            phi      intensity
  1508          14.31          48.00         203.50      3.6798508
   62.83% of job   1 of   1 completed.

number           kout          theta            phi      intensity
  1509          14.31          48.00         206.50      3.4410932
   62.88% of job   1 of   1 completed.

number           kout          theta            phi      intensity
  1510          14.31          48.00         209.50      3.0877192
   62.92% of job   1 of   1 completed.

number           kout          theta            phi      intensity
  1511          14.31          48.00         212.50      3.2535610
   62.96% of job   1 of   1 completed.

number           kout          theta            phi      intensity
  1512          14.31          48.00         215.50      3.9759884
   63.00% of job   1 of   1 completed.

number           kout          theta            phi      intensity
  1513          14.31          48.00         218.50      5.2707629
   63.04% of job   1 of   1 completed.

number           kout          theta            phi      intensity
  1514          14.31          48.00         221.50      6.5025291
   63.08% of job   1 of   1 completed.

number           kout          theta            phi      intensity
  1515          14.31          48.00         224.50      7.1993618
   63.12% of job   1 of   1 completed.

number           kout          theta            phi      intensity
  1516          14.31          48.00         227.50      6.6952519
   63.17% of job   1 of   1 completed.

number           kout          theta            phi      intensity
  1517          14.31          48.00         230.50      5.2102122
   63.21% of job   1 of   1 completed.

number           kout          theta            phi      intensity
  1518          14.31          48.00         233.50      3.9583399
   63.25% of job   1 of   1 completed.

number           kout          theta            phi      intensity
  1519          14.31          48.00         236.50      3.2834578
   63.29% of job   1 of   1 completed.

number           kout          theta            phi      intensity
  1520          14.31          48.00         239.50      3.0402393
   63.33% of job   1 of   1 completed.

number           kout          theta            phi      intensity
  1521          14.31          48.00         242.50      3.1004543
   63.38% of job   1 of   1 completed.

number           kout          theta            phi      intensity
  1522          14.31          48.00         245.50      3.6061385
   63.42% of job   1 of   1 completed.

number           kout          theta            phi      intensity
  1523          14.31          48.00         248.50      3.7587368
   63.46% of job   1 of   1 completed.

number           kout          theta            phi      intensity
  1524          14.31          48.00         251.50      3.8223135
   63.50% of job   1 of   1 completed.

number           kout          theta            phi      intensity
  1525          14.31          48.00         254.50      3.6013508
   63.54% of job   1 of   1 completed.

number           kout          theta            phi      intensity
  1526          14.31          48.00         257.50      3.4210632
   63.58% of job   1 of   1 completed.

number           kout          theta            phi      intensity
  1527          14.31          48.00         260.50      4.2516885
   63.62% of job   1 of   1 completed.

number           kout          theta            phi      intensity
  1528          14.31          48.00         263.50      4.5676761
   63.67% of job   1 of   1 completed.

number           kout          theta            phi      intensity
  1529          14.31          48.00         266.50      4.8500142
   63.71% of job   1 of   1 completed.

number           kout          theta            phi      intensity
  1530          14.31          48.00         269.50      5.0316844
   63.75% of job   1 of   1 completed.

number           kout          theta            phi      intensity
  1531          14.31          48.00         272.50      5.0651889
   63.79% of job   1 of   1 completed.

number           kout          theta            phi      intensity
  1532          14.31          48.00         275.50      5.6258502
   63.83% of job   1 of   1 completed.

number           kout          theta            phi      intensity
  1533          14.31          48.00         278.50      5.1621623
   63.88% of job   1 of   1 completed.

number           kout          theta            phi      intensity
  1534          14.31          48.00         281.50      4.0938044
   63.92% of job   1 of   1 completed.

number           kout          theta            phi      intensity
  1535          14.31          48.00         284.50      3.6352749
   63.96% of job   1 of   1 completed.

number           kout          theta            phi      intensity
  1536          14.31          48.00         287.50      3.8253012
   64.00% of job   1 of   1 completed.

number           kout          theta            phi      intensity
  1537          14.31          48.00         290.50      4.2339611
   64.04% of job   1 of   1 completed.

number           kout          theta            phi      intensity
  1538          14.31          48.00         293.50      4.0713840
   64.08% of job   1 of   1 completed.

number           kout          theta            phi      intensity
  1539          14.31          48.00         296.50      4.0821257
   64.12% of job   1 of   1 completed.

number           kout          theta            phi      intensity
  1540          14.31          48.00         299.50      4.3720021
   64.17% of job   1 of   1 completed.

number           kout          theta            phi      intensity
  1541          14.31          48.00         302.50      4.7628598
   64.21% of job   1 of   1 completed.

number           kout          theta            phi      intensity
  1542          14.31          48.00         305.50      5.0069499
   64.25% of job   1 of   1 completed.

number           kout          theta            phi      intensity
  1543          14.31          48.00         308.50      5.5698895
   64.29% of job   1 of   1 completed.

number           kout          theta            phi      intensity
  1544          14.31          48.00         311.50      6.7983174
   64.33% of job   1 of   1 completed.

number           kout          theta            phi      intensity
  1545          14.31          48.00         314.50      7.5555177
   64.38% of job   1 of   1 completed.

number           kout          theta            phi      intensity
  1546          14.31          48.00         317.50      6.5512958
   64.42% of job   1 of   1 completed.

number           kout          theta            phi      intensity
  1547          14.31          48.00         320.50      4.8714705
   64.46% of job   1 of   1 completed.

number           kout          theta            phi      intensity
  1548          14.31          48.00         323.50      4.1138239
   64.50% of job   1 of   1 completed.

number           kout          theta            phi      intensity
  1549          14.31          48.00         326.50      4.2545018
   64.54% of job   1 of   1 completed.

number           kout          theta            phi      intensity
  1550          14.31          48.00         329.50      4.1692152
   64.58% of job   1 of   1 completed.

number           kout          theta            phi      intensity
  1551          14.31          48.00         332.50      3.3793323
   64.62% of job   1 of   1 completed.

number           kout          theta            phi      intensity
  1552          14.31          48.00         335.50      3.8917618
   64.67% of job   1 of   1 completed.

number           kout          theta            phi      intensity
  1553          14.31          48.00         338.50      4.3993440
   64.71% of job   1 of   1 completed.

number           kout          theta            phi      intensity
  1554          14.31          48.00         341.50      4.7902851
   64.75% of job   1 of   1 completed.

number           kout          theta            phi      intensity
  1555          14.31          48.00         344.50      4.2285290
   64.79% of job   1 of   1 completed.

number           kout          theta            phi      intensity
  1556          14.31          48.00         347.50      3.8949223
   64.83% of job   1 of   1 completed.

number           kout          theta            phi      intensity
  1557          14.31          48.00         350.50      4.6988597
   64.88% of job   1 of   1 completed.

number           kout          theta            phi      intensity
  1558          14.31          48.00         353.50      4.9736819
   64.92% of job   1 of   1 completed.

number           kout          theta            phi      intensity
  1559          14.31          48.00         356.50      4.7647233
   64.96% of job   1 of   1 completed.

number           kout          theta            phi      intensity
  1560          14.31          48.00         359.50      5.1285386
   65.00% of job   1 of   1 completed.

number           kout          theta            phi      intensity
  1561          14.31          51.00           2.50      3.8512809
   65.04% of job   1 of   1 completed.

number           kout          theta            phi      intensity
  1562          14.31          51.00           5.50      3.9979289
   65.08% of job   1 of   1 completed.

number           kout          theta            phi      intensity
  1563          14.31          51.00           8.50      3.8553565
   65.12% of job   1 of   1 completed.

number           kout          theta            phi      intensity
  1564          14.31          51.00          11.50      3.7887108
   65.17% of job   1 of   1 completed.

number           kout          theta            phi      intensity
  1565          14.31          51.00          14.50      4.3796272
   65.21% of job   1 of   1 completed.

number           kout          theta            phi      intensity
  1566          14.31          51.00          17.50      4.9185357
   65.25% of job   1 of   1 completed.

number           kout          theta            phi      intensity
  1567          14.31          51.00          20.50      4.2719340
   65.29% of job   1 of   1 completed.

number           kout          theta            phi      intensity
  1568          14.31          51.00          23.50      3.8777599
   65.33% of job   1 of   1 completed.

number           kout          theta            phi      intensity
  1569          14.31          51.00          26.50      3.3692572
   65.38% of job   1 of   1 completed.

number           kout          theta            phi      intensity
  1570          14.31          51.00          29.50      3.2055912
   65.42% of job   1 of   1 completed.

number           kout          theta            phi      intensity
  1571          14.31          51.00          32.50      3.4228728
   65.46% of job   1 of   1 completed.

number           kout          theta            phi      intensity
  1572          14.31          51.00          35.50      4.4377456
   65.50% of job   1 of   1 completed.

number           kout          theta            phi      intensity
  1573          14.31          51.00          38.50      5.4964714
   65.54% of job   1 of   1 completed.

number           kout          theta            phi      intensity
  1574          14.31          51.00          41.50      7.8863072
   65.58% of job   1 of   1 completed.

number           kout          theta            phi      intensity
  1575          14.31          51.00          44.50      8.9371557
   65.62% of job   1 of   1 completed.

number           kout          theta            phi      intensity
  1576          14.31          51.00          47.50      8.2369223
   65.67% of job   1 of   1 completed.

number           kout          theta            phi      intensity
  1577          14.31          51.00          50.50      6.4065623
   65.71% of job   1 of   1 completed.

number           kout          theta            phi      intensity
  1578          14.31          51.00          53.50      4.9419489
   65.75% of job   1 of   1 completed.

number           kout          theta            phi      intensity
  1579          14.31          51.00          56.50      3.5506518
   65.79% of job   1 of   1 completed.

number           kout          theta            phi      intensity
  1580          14.31          51.00          59.50      3.4110568
   65.83% of job   1 of   1 completed.

number           kout          theta            phi      intensity
  1581          14.31          51.00          62.50      3.6383426
   65.88% of job   1 of   1 completed.

number           kout          theta            phi      intensity
  1582          14.31          51.00          65.50      3.7006989
   65.92% of job   1 of   1 completed.

number           kout          theta            phi      intensity
  1583          14.31          51.00          68.50      3.8129284
   65.96% of job   1 of   1 completed.

number           kout          theta            phi      intensity
  1584          14.31          51.00          71.50      3.4552155
   66.00% of job   1 of   1 completed.

number           kout          theta            phi      intensity
  1585          14.31          51.00          74.50      3.7085803
   66.04% of job   1 of   1 completed.

number           kout          theta            phi      intensity
  1586          14.31          51.00          77.50      3.7017536
   66.08% of job   1 of   1 completed.

number           kout          theta            phi      intensity
  1587          14.31          51.00          80.50      3.9266014
   66.12% of job   1 of   1 completed.

number           kout          theta            phi      intensity
  1588          14.31          51.00          83.50      3.9355567
   66.17% of job   1 of   1 completed.

number           kout          theta            phi      intensity
  1589          14.31          51.00          86.50      3.8357127
   66.21% of job   1 of   1 completed.

number           kout          theta            phi      intensity
  1590          14.31          51.00          89.50      4.0903711
   66.25% of job   1 of   1 completed.

number           kout          theta            phi      intensity
  1591          14.31          51.00          92.50      4.0990887
   66.29% of job   1 of   1 completed.

number           kout          theta            phi      intensity
  1592          14.31          51.00          95.50      4.1137114
   66.33% of job   1 of   1 completed.

number           kout          theta            phi      intensity
  1593          14.31          51.00          98.50      3.7242250
   66.38% of job   1 of   1 completed.

number           kout          theta            phi      intensity
  1594          14.31          51.00         101.50      3.6522760
   66.42% of job   1 of   1 completed.

number           kout          theta            phi      intensity
  1595          14.31          51.00         104.50      3.9122479
   66.46% of job   1 of   1 completed.

number           kout          theta            phi      intensity
  1596          14.31          51.00         107.50      4.1264672
   66.50% of job   1 of   1 completed.

number           kout          theta            phi      intensity
  1597          14.31          51.00         110.50      4.0380673
   66.54% of job   1 of   1 completed.

number           kout          theta            phi      intensity
  1598          14.31          51.00         113.50      3.5647984
   66.58% of job   1 of   1 completed.

number           kout          theta            phi      intensity
  1599          14.31          51.00         116.50      3.5339460
   66.62% of job   1 of   1 completed.

number           kout          theta            phi      intensity
  1600          14.31          51.00         119.50      3.5637958
   66.67% of job   1 of   1 completed.

number           kout          theta            phi      intensity
  1601          14.31          51.00         122.50      3.7527196
   66.71% of job   1 of   1 completed.

number           kout          theta            phi      intensity
  1602          14.31          51.00         125.50      4.0458226
   66.75% of job   1 of   1 completed.

number           kout          theta            phi      intensity
  1603          14.31          51.00         128.50      4.8049245
   66.79% of job   1 of   1 completed.

number           kout          theta            phi      intensity
  1604          14.31          51.00         131.50      6.3204474
   66.83% of job   1 of   1 completed.

number           kout          theta            phi      intensity
  1605          14.31          51.00         134.50      7.4271526
   66.88% of job   1 of   1 completed.

number           kout          theta            phi      intensity
  1606          14.31          51.00         137.50      7.1000519
   66.92% of job   1 of   1 completed.

number           kout          theta            phi      intensity
  1607          14.31          51.00         140.50      5.5943179
   66.96% of job   1 of   1 completed.

number           kout          theta            phi      intensity
  1608          14.31          51.00         143.50      4.4598975
   67.00% of job   1 of   1 completed.

number           kout          theta            phi      intensity
  1609          14.31          51.00         146.50      3.4534895
   67.04% of job   1 of   1 completed.

number           kout          theta            phi      intensity
  1610          14.31          51.00         149.50      3.3691123
   67.08% of job   1 of   1 completed.

number           kout          theta            phi      intensity
  1611          14.31          51.00         152.50      3.4812725
   67.12% of job   1 of   1 completed.

number           kout          theta            phi      intensity
  1612          14.31          51.00         155.50      3.5078890
   67.17% of job   1 of   1 completed.

number           kout          theta            phi      intensity
  1613          14.31          51.00         158.50      3.7552445
   67.21% of job   1 of   1 completed.

number           kout          theta            phi      intensity
  1614          14.31          51.00         161.50      3.8411980
   67.25% of job   1 of   1 completed.

number           kout          theta            phi      intensity
  1615          14.31          51.00         164.50      3.6669528
   67.29% of job   1 of   1 completed.

number           kout          theta            phi      intensity
  1616          14.31          51.00         167.50      3.2101555
   67.33% of job   1 of   1 completed.

number           kout          theta            phi      intensity
  1617          14.31          51.00         170.50      3.6971309
   67.38% of job   1 of   1 completed.

number           kout          theta            phi      intensity
  1618          14.31          51.00         173.50      4.0392394
   67.42% of job   1 of   1 completed.

number           kout          theta            phi      intensity
  1619          14.31          51.00         176.50      3.7873695
   67.46% of job   1 of   1 completed.

number           kout          theta            phi      intensity
  1620          14.31          51.00         179.50      3.8959339
   67.50% of job   1 of   1 completed.

number           kout          theta            phi      intensity
  1621          14.31          51.00         182.50      3.6677096
   67.54% of job   1 of   1 completed.

number           kout          theta            phi      intensity
  1622          14.31          51.00         185.50      3.8228862
   67.58% of job   1 of   1 completed.

number           kout          theta            phi      intensity
  1623          14.31          51.00         188.50      3.8282547
   67.62% of job   1 of   1 completed.

number           kout          theta            phi      intensity
  1624          14.31          51.00         191.50      3.4539375
   67.67% of job   1 of   1 completed.

number           kout          theta            phi      intensity
  1625          14.31          51.00         194.50      3.4607153
   67.71% of job   1 of   1 completed.

number           kout          theta            phi      intensity
  1626          14.31          51.00         197.50      3.8537519
   67.75% of job   1 of   1 completed.

number           kout          theta            phi      intensity
  1627          14.31          51.00         200.50      3.8374662
   67.79% of job   1 of   1 completed.

number           kout          theta            phi      intensity
  1628          14.31          51.00         203.50      3.4119740
   67.83% of job   1 of   1 completed.

number           kout          theta            phi      intensity
  1629          14.31          51.00         206.50      3.5148075
   67.88% of job   1 of   1 completed.

number           kout          theta            phi      intensity
  1630          14.31          51.00         209.50      3.3855517
   67.92% of job   1 of   1 completed.

number           kout          theta            phi      intensity
  1631          14.31          51.00         212.50      3.3018579
   67.96% of job   1 of   1 completed.

number           kout          theta            phi      intensity
  1632          14.31          51.00         215.50      3.9526989
   68.00% of job   1 of   1 completed.

number           kout          theta            phi      intensity
  1633          14.31          51.00         218.50      4.9088616
   68.04% of job   1 of   1 completed.

number           kout          theta            phi      intensity
  1634          14.31          51.00         221.50      6.3735032
   68.08% of job   1 of   1 completed.

number           kout          theta            phi      intensity
  1635          14.31          51.00         224.50      7.1112232
   68.12% of job   1 of   1 completed.

number           kout          theta            phi      intensity
  1636          14.31          51.00         227.50      6.7686143
   68.17% of job   1 of   1 completed.

number           kout          theta            phi      intensity
  1637          14.31          51.00         230.50      5.2723031
   68.21% of job   1 of   1 completed.

number           kout          theta            phi      intensity
  1638          14.31          51.00         233.50      4.3279357
   68.25% of job   1 of   1 completed.

number           kout          theta            phi      intensity
  1639          14.31          51.00         236.50      3.6828175
   68.29% of job   1 of   1 completed.

number           kout          theta            phi      intensity
  1640          14.31          51.00         239.50      3.5672224
   68.33% of job   1 of   1 completed.

number           kout          theta            phi      intensity
  1641          14.31          51.00         242.50      3.6130068
   68.38% of job   1 of   1 completed.

number           kout          theta            phi      intensity
  1642          14.31          51.00         245.50      3.4101574
   68.42% of job   1 of   1 completed.

number           kout          theta            phi      intensity
  1643          14.31          51.00         248.50      3.7193489
   68.46% of job   1 of   1 completed.

number           kout          theta            phi      intensity
  1644          14.31          51.00         251.50      4.1286936
   68.50% of job   1 of   1 completed.

number           kout          theta            phi      intensity
  1645          14.31          51.00         254.50      4.2063365
   68.54% of job   1 of   1 completed.

number           kout          theta            phi      intensity
  1646          14.31          51.00         257.50      3.6762307
   68.58% of job   1 of   1 completed.

number           kout          theta            phi      intensity
  1647          14.31          51.00         260.50      4.0163412
   68.62% of job   1 of   1 completed.

number           kout          theta            phi      intensity
  1648          14.31          51.00         263.50      3.9472082
   68.67% of job   1 of   1 completed.

number           kout          theta            phi      intensity
  1649          14.31          51.00         266.50      4.3661370
   68.71% of job   1 of   1 completed.

number           kout          theta            phi      intensity
  1650          14.31          51.00         269.50      4.3936353
   68.75% of job   1 of   1 completed.

number           kout          theta            phi      intensity
  1651          14.31          51.00         272.50      4.0618143
   68.79% of job   1 of   1 completed.

number           kout          theta            phi      intensity
  1652          14.31          51.00         275.50      4.2826920
   68.83% of job   1 of   1 completed.

number           kout          theta            phi      intensity
  1653          14.31          51.00         278.50      3.9898643
   68.88% of job   1 of   1 completed.

number           kout          theta            phi      intensity
  1654          14.31          51.00         281.50      3.7626550
   68.92% of job   1 of   1 completed.

number           kout          theta            phi      intensity
  1655          14.31          51.00         284.50      3.8095942
   68.96% of job   1 of   1 completed.

number           kout          theta            phi      intensity
  1656          14.31          51.00         287.50      3.6103928
   69.00% of job   1 of   1 completed.

number           kout          theta            phi      intensity
  1657          14.31          51.00         290.50      3.9783003
   69.04% of job   1 of   1 completed.

number           kout          theta            phi      intensity
  1658          14.31          51.00         293.50      3.8167961
   69.08% of job   1 of   1 completed.

number           kout          theta            phi      intensity
  1659          14.31          51.00         296.50      4.2008190
   69.12% of job   1 of   1 completed.

number           kout          theta            phi      intensity
  1660          14.31          51.00         299.50      4.5668817
   69.17% of job   1 of   1 completed.

number           kout          theta            phi      intensity
  1661          14.31          51.00         302.50      5.0310502
   69.21% of job   1 of   1 completed.

number           kout          theta            phi      intensity
  1662          14.31          51.00         305.50      5.3822961
   69.25% of job   1 of   1 completed.

number           kout          theta            phi      intensity
  1663          14.31          51.00         308.50      6.0210729
   69.29% of job   1 of   1 completed.

number           kout          theta            phi      intensity
  1664          14.31          51.00         311.50      7.5418439
   69.33% of job   1 of   1 completed.

number           kout          theta            phi      intensity
  1665          14.31          51.00         314.50      7.5458679
   69.38% of job   1 of   1 completed.

number           kout          theta            phi      intensity
  1666          14.31          51.00         317.50      7.1641231
   69.42% of job   1 of   1 completed.

number           kout          theta            phi      intensity
  1667          14.31          51.00         320.50      5.6245713
   69.46% of job   1 of   1 completed.

number           kout          theta            phi      intensity
  1668          14.31          51.00         323.50      4.8184257
   69.50% of job   1 of   1 completed.

number           kout          theta            phi      intensity
  1669          14.31          51.00         326.50      4.4442081
   69.54% of job   1 of   1 completed.

number           kout          theta            phi      intensity
  1670          14.31          51.00         329.50      4.3465929
   69.58% of job   1 of   1 completed.

number           kout          theta            phi      intensity
  1671          14.31          51.00         332.50      3.9932175
   69.62% of job   1 of   1 completed.

number           kout          theta            phi      intensity
  1672          14.31          51.00         335.50      3.8068049
   69.67% of job   1 of   1 completed.

number           kout          theta            phi      intensity
  1673          14.31          51.00         338.50      3.9819679
   69.71% of job   1 of   1 completed.

number           kout          theta            phi      intensity
  1674          14.31          51.00         341.50      4.9104366
   69.75% of job   1 of   1 completed.

number           kout          theta            phi      intensity
  1675          14.31          51.00         344.50      4.5107598
   69.79% of job   1 of   1 completed.

number           kout          theta            phi      intensity
  1676          14.31          51.00         347.50      3.7943389
   69.83% of job   1 of   1 completed.

number           kout          theta            phi      intensity
  1677          14.31          51.00         350.50      4.2365685
   69.88% of job   1 of   1 completed.

number           kout          theta            phi      intensity
  1678          14.31          51.00         353.50      3.7889318
   69.92% of job   1 of   1 completed.

number           kout          theta            phi      intensity
  1679          14.31          51.00         356.50      3.9312725
   69.96% of job   1 of   1 completed.

number           kout          theta            phi      intensity
  1680          14.31          51.00         359.50      4.4597325
   70.00% of job   1 of   1 completed.

number           kout          theta            phi      intensity
  1681          14.31          54.00           2.50      3.5320435
   70.04% of job   1 of   1 completed.

number           kout          theta            phi      intensity
  1682          14.31          54.00           5.50      3.3359280
   70.08% of job   1 of   1 completed.

number           kout          theta            phi      intensity
  1683          14.31          54.00           8.50      3.6022041
   70.12% of job   1 of   1 completed.

number           kout          theta            phi      intensity
  1684          14.31          54.00          11.50      3.6041880
   70.17% of job   1 of   1 completed.

number           kout          theta            phi      intensity
  1685          14.31          54.00          14.50      4.5011916
   70.21% of job   1 of   1 completed.

number           kout          theta            phi      intensity
  1686          14.31          54.00          17.50      5.1078138
   70.25% of job   1 of   1 completed.

number           kout          theta            phi      intensity
  1687          14.31          54.00          20.50      4.2375908
   70.29% of job   1 of   1 completed.

number           kout          theta            phi      intensity
  1688          14.31          54.00          23.50      3.3656797
   70.33% of job   1 of   1 completed.

number           kout          theta            phi      intensity
  1689          14.31          54.00          26.50      3.1211033
   70.38% of job   1 of   1 completed.

number           kout          theta            phi      intensity
  1690          14.31          54.00          29.50      3.2064664
   70.42% of job   1 of   1 completed.

number           kout          theta            phi      intensity
  1691          14.31          54.00          32.50      3.1346867
   70.46% of job   1 of   1 completed.

number           kout          theta            phi      intensity
  1692          14.31          54.00          35.50      4.0559359
   70.50% of job   1 of   1 completed.

number           kout          theta            phi      intensity
  1693          14.31          54.00          38.50      6.0476646
   70.54% of job   1 of   1 completed.

number           kout          theta            phi      intensity
  1694          14.31          54.00          41.50      7.5650239
   70.58% of job   1 of   1 completed.

number           kout          theta            phi      intensity
  1695          14.31          54.00          44.50      8.2970781
   70.62% of job   1 of   1 completed.

number           kout          theta            phi      intensity
  1696          14.31          54.00          47.50      8.1214457
   70.67% of job   1 of   1 completed.

number           kout          theta            phi      intensity
  1697          14.31          54.00          50.50      6.7877350
   70.71% of job   1 of   1 completed.

number           kout          theta            phi      intensity
  1698          14.31          54.00          53.50      4.4886727
   70.75% of job   1 of   1 completed.

number           kout          theta            phi      intensity
  1699          14.31          54.00          56.50      3.3876922
   70.79% of job   1 of   1 completed.

number           kout          theta            phi      intensity
  1700          14.31          54.00          59.50      3.2838726
   70.83% of job   1 of   1 completed.

number           kout          theta            phi      intensity
  1701          14.31          54.00          62.50      3.6688347
   70.88% of job   1 of   1 completed.

number           kout          theta            phi      intensity
  1702          14.31          54.00          65.50      3.6104252
   70.92% of job   1 of   1 completed.

number           kout          theta            phi      intensity
  1703          14.31          54.00          68.50      3.2957571
   70.96% of job   1 of   1 completed.

number           kout          theta            phi      intensity
  1704          14.31          54.00          71.50      3.3869641
   71.00% of job   1 of   1 completed.

number           kout          theta            phi      intensity
  1705          14.31          54.00          74.50      3.6664789
   71.04% of job   1 of   1 completed.

number           kout          theta            phi      intensity
  1706          14.31          54.00          77.50      3.3416984
   71.08% of job   1 of   1 completed.

number           kout          theta            phi      intensity
  1707          14.31          54.00          80.50      3.7059336
   71.12% of job   1 of   1 completed.

number           kout          theta            phi      intensity
  1708          14.31          54.00          83.50      3.6052485
   71.17% of job   1 of   1 completed.

number           kout          theta            phi      intensity
  1709          14.31          54.00          86.50      3.4200799
   71.21% of job   1 of   1 completed.

number           kout          theta            phi      intensity
  1710          14.31          54.00          89.50      4.0472212
   71.25% of job   1 of   1 completed.

number           kout          theta            phi      intensity
  1711          14.31          54.00          92.50      3.7045133
   71.29% of job   1 of   1 completed.

number           kout          theta            phi      intensity
  1712          14.31          54.00          95.50      3.4300680
   71.33% of job   1 of   1 completed.

number           kout          theta            phi      intensity
  1713          14.31          54.00          98.50      3.6308587
   71.38% of job   1 of   1 completed.

number           kout          theta            phi      intensity
  1714          14.31          54.00         101.50      3.5253372
   71.42% of job   1 of   1 completed.

number           kout          theta            phi      intensity
  1715          14.31          54.00         104.50      3.8363545
   71.46% of job   1 of   1 completed.

number           kout          theta            phi      intensity
  1716          14.31          54.00         107.50      3.8299148
   71.50% of job   1 of   1 completed.

number           kout          theta            phi      intensity
  1717          14.31          54.00         110.50      3.5608597
   71.54% of job   1 of   1 completed.

number           kout          theta            phi      intensity
  1718          14.31          54.00         113.50      3.0363166
   71.58% of job   1 of   1 completed.

number           kout          theta            phi      intensity
  1719          14.31          54.00         116.50      3.2989357
   71.62% of job   1 of   1 completed.

number           kout          theta            phi      intensity
  1720          14.31          54.00         119.50      3.3894036
   71.67% of job   1 of   1 completed.

number           kout          theta            phi      intensity
  1721          14.31          54.00         122.50      3.3152807
   71.71% of job   1 of   1 completed.

number           kout          theta            phi      intensity
  1722          14.31          54.00         125.50      3.5686772
   71.75% of job   1 of   1 completed.

number           kout          theta            phi      intensity
  1723          14.31          54.00         128.50      4.5544386
   71.79% of job   1 of   1 completed.

number           kout          theta            phi      intensity
  1724          14.31          54.00         131.50      5.9066815
   71.83% of job   1 of   1 completed.

number           kout          theta            phi      intensity
  1725          14.31          54.00         134.50      6.6766052
   71.88% of job   1 of   1 completed.

number           kout          theta            phi      intensity
  1726          14.31          54.00         137.50      6.5049171
   71.92% of job   1 of   1 completed.

number           kout          theta            phi      intensity
  1727          14.31          54.00         140.50      5.2959995
   71.96% of job   1 of   1 completed.

number           kout          theta            phi      intensity
  1728          14.31          54.00         143.50      3.8846519
   72.00% of job   1 of   1 completed.

number           kout          theta            phi      intensity
  1729          14.31          54.00         146.50      3.1503894
   72.04% of job   1 of   1 completed.

number           kout          theta            phi      intensity
  1730          14.31          54.00         149.50      3.3446000
   72.08% of job   1 of   1 completed.

number           kout          theta            phi      intensity
  1731          14.31          54.00         152.50      3.6804008
   72.12% of job   1 of   1 completed.

number           kout          theta            phi      intensity
  1732          14.31          54.00         155.50      3.5386131
   72.17% of job   1 of   1 completed.

number           kout          theta            phi      intensity
  1733          14.31          54.00         158.50      3.3280170
   72.21% of job   1 of   1 completed.

number           kout          theta            phi      intensity
  1734          14.31          54.00         161.50      3.4798586
   72.25% of job   1 of   1 completed.

number           kout          theta            phi      intensity
  1735          14.31          54.00         164.50      3.6336699
   72.29% of job   1 of   1 completed.

number           kout          theta            phi      intensity
  1736          14.31          54.00         167.50      3.0295632
   72.33% of job   1 of   1 completed.

number           kout          theta            phi      intensity
  1737          14.31          54.00         170.50      3.3286145
   72.38% of job   1 of   1 completed.

number           kout          theta            phi      intensity
  1738          14.31          54.00         173.50      3.5643432
   72.42% of job   1 of   1 completed.

number           kout          theta            phi      intensity
  1739          14.31          54.00         176.50      3.4678850
   72.46% of job   1 of   1 completed.

number           kout          theta            phi      intensity
  1740          14.31          54.00         179.50      3.9754422
   72.50% of job   1 of   1 completed.

number           kout          theta            phi      intensity
  1741          14.31          54.00         182.50      3.5884190
   72.54% of job   1 of   1 completed.

number           kout          theta            phi      intensity
  1742          14.31          54.00         185.50      3.4351568
   72.58% of job   1 of   1 completed.

number           kout          theta            phi      intensity
  1743          14.31          54.00         188.50      3.6007850
   72.62% of job   1 of   1 completed.

number           kout          theta            phi      intensity
  1744          14.31          54.00         191.50      3.2045240
   72.67% of job   1 of   1 completed.

number           kout          theta            phi      intensity
  1745          14.31          54.00         194.50      3.5315945
   72.71% of job   1 of   1 completed.

number           kout          theta            phi      intensity
  1746          14.31          54.00         197.50      3.6311872
   72.75% of job   1 of   1 completed.

number           kout          theta            phi      intensity
  1747          14.31          54.00         200.50      3.4915810
   72.79% of job   1 of   1 completed.

number           kout          theta            phi      intensity
  1748          14.31          54.00         203.50      3.3694036
   72.83% of job   1 of   1 completed.

number           kout          theta            phi      intensity
  1749          14.31          54.00         206.50      3.7363002
   72.88% of job   1 of   1 completed.

number           kout          theta            phi      intensity
  1750          14.31          54.00         209.50      3.4750128
   72.92% of job   1 of   1 completed.

number           kout          theta            phi      intensity
  1751          14.31          54.00         212.50      3.1173985
   72.96% of job   1 of   1 completed.

number           kout          theta            phi      intensity
  1752          14.31          54.00         215.50      3.6382353
   73.00% of job   1 of   1 completed.

number           kout          theta            phi      intensity
  1753          14.31          54.00         218.50      4.8149152
   73.04% of job   1 of   1 completed.

number           kout          theta            phi      intensity
  1754          14.31          54.00         221.50      6.0977244
   73.08% of job   1 of   1 completed.

number           kout          theta            phi      intensity
  1755          14.31          54.00         224.50      6.5745106
   73.12% of job   1 of   1 completed.

number           kout          theta            phi      intensity
  1756          14.31          54.00         227.50      6.2251706
   73.17% of job   1 of   1 completed.

number           kout          theta            phi      intensity
  1757          14.31          54.00         230.50      4.9951620
   73.21% of job   1 of   1 completed.

number           kout          theta            phi      intensity
  1758          14.31          54.00         233.50      3.6438558
   73.25% of job   1 of   1 completed.

number           kout          theta            phi      intensity
  1759          14.31          54.00         236.50      3.1535294
   73.29% of job   1 of   1 completed.

number           kout          theta            phi      intensity
  1760          14.31          54.00         239.50      3.3285923
   73.33% of job   1 of   1 completed.

number           kout          theta            phi      intensity
  1761          14.31          54.00         242.50      3.4842999
   73.38% of job   1 of   1 completed.

number           kout          theta            phi      intensity
  1762          14.31          54.00         245.50      3.1109855
   73.42% of job   1 of   1 completed.

number           kout          theta            phi      intensity
  1763          14.31          54.00         248.50      3.1336737
   73.46% of job   1 of   1 completed.

number           kout          theta            phi      intensity
  1764          14.31          54.00         251.50      3.7600222
   73.50% of job   1 of   1 completed.

number           kout          theta            phi      intensity
  1765          14.31          54.00         254.50      3.9800293
   73.54% of job   1 of   1 completed.

number           kout          theta            phi      intensity
  1766          14.31          54.00         257.50      3.4427626
   73.58% of job   1 of   1 completed.

number           kout          theta            phi      intensity
  1767          14.31          54.00         260.50      3.5685022
   73.62% of job   1 of   1 completed.

number           kout          theta            phi      intensity
  1768          14.31          54.00         263.50      3.4176273
   73.67% of job   1 of   1 completed.

number           kout          theta            phi      intensity
  1769          14.31          54.00         266.50      3.4907372
   73.71% of job   1 of   1 completed.

number           kout          theta            phi      intensity
  1770          14.31          54.00         269.50      4.0627389
   73.75% of job   1 of   1 completed.

number           kout          theta            phi      intensity
  1771          14.31          54.00         272.50      3.8100893
   73.79% of job   1 of   1 completed.

number           kout          theta            phi      intensity
  1772          14.31          54.00         275.50      3.8005164
   73.83% of job   1 of   1 completed.

number           kout          theta            phi      intensity
  1773          14.31          54.00         278.50      3.7174823
   73.88% of job   1 of   1 completed.

number           kout          theta            phi      intensity
  1774          14.31          54.00         281.50      3.3349950
   73.92% of job   1 of   1 completed.

number           kout          theta            phi      intensity
  1775          14.31          54.00         284.50      3.6783543
   73.96% of job   1 of   1 completed.

number           kout          theta            phi      intensity
  1776          14.31          54.00         287.50      3.5195849
   74.00% of job   1 of   1 completed.

number           kout          theta            phi      intensity
  1777          14.31          54.00         290.50      3.6133406
   74.04% of job   1 of   1 completed.

number           kout          theta            phi      intensity
  1778          14.31          54.00         293.50      3.6998529
   74.08% of job   1 of   1 completed.

number           kout          theta            phi      intensity
  1779          14.31          54.00         296.50      4.2246795
   74.12% of job   1 of   1 completed.

number           kout          theta            phi      intensity
  1780          14.31          54.00         299.50      4.5995631
   74.17% of job   1 of   1 completed.

number           kout          theta            phi      intensity
  1781          14.31          54.00         302.50      4.5300331
   74.21% of job   1 of   1 completed.

number           kout          theta            phi      intensity
  1782          14.31          54.00         305.50      5.2151198
   74.25% of job   1 of   1 completed.

number           kout          theta            phi      intensity
  1783          14.31          54.00         308.50      6.1034694
   74.29% of job   1 of   1 completed.

number           kout          theta            phi      intensity
  1784          14.31          54.00         311.50      7.2659931
   74.33% of job   1 of   1 completed.

number           kout          theta            phi      intensity
  1785          14.31          54.00         314.50      7.4209008
   74.38% of job   1 of   1 completed.

number           kout          theta            phi      intensity
  1786          14.31          54.00         317.50      7.3540654
   74.42% of job   1 of   1 completed.

number           kout          theta            phi      intensity
  1787          14.31          54.00         320.50      5.9276977
   74.46% of job   1 of   1 completed.

number           kout          theta            phi      intensity
  1788          14.31          54.00         323.50      4.3504086
   74.50% of job   1 of   1 completed.

number           kout          theta            phi      intensity
  1789          14.31          54.00         326.50      3.8545027
   74.54% of job   1 of   1 completed.

number           kout          theta            phi      intensity
  1790          14.31          54.00         329.50      3.6208489
   74.58% of job   1 of   1 completed.

number           kout          theta            phi      intensity
  1791          14.31          54.00         332.50      3.6534081
   74.62% of job   1 of   1 completed.

number           kout          theta            phi      intensity
  1792          14.31          54.00         335.50      3.3152044
   74.67% of job   1 of   1 completed.

number           kout          theta            phi      intensity
  1793          14.31          54.00         338.50      3.7340715
   74.71% of job   1 of   1 completed.

number           kout          theta            phi      intensity
  1794          14.31          54.00         341.50      4.7004585
   74.75% of job   1 of   1 completed.

number           kout          theta            phi      intensity
  1795          14.31          54.00         344.50      4.8481131
   74.79% of job   1 of   1 completed.

number           kout          theta            phi      intensity
  1796          14.31          54.00         347.50      3.8460581
   74.83% of job   1 of   1 completed.

number           kout          theta            phi      intensity
  1797          14.31          54.00         350.50      3.6872396
   74.88% of job   1 of   1 completed.

number           kout          theta            phi      intensity
  1798          14.31          54.00         353.50      3.4285910
   74.92% of job   1 of   1 completed.

number           kout          theta            phi      intensity
  1799          14.31          54.00         356.50      3.4977436
   74.96% of job   1 of   1 completed.

number           kout          theta            phi      intensity
  1800          14.31          54.00         359.50      4.3912520
   75.00% of job   1 of   1 completed.

number           kout          theta            phi      intensity
  1801          14.31          57.00           2.50      3.7105615
   75.04% of job   1 of   1 completed.

number           kout          theta            phi      intensity
  1802          14.31          57.00           5.50      2.9525325
   75.08% of job   1 of   1 completed.

number           kout          theta            phi      intensity
  1803          14.31          57.00           8.50      2.8488436
   75.12% of job   1 of   1 completed.

number           kout          theta            phi      intensity
  1804          14.31          57.00          11.50      2.9369857
   75.17% of job   1 of   1 completed.

number           kout          theta            phi      intensity
  1805          14.31          57.00          14.50      3.3952100
   75.21% of job   1 of   1 completed.

number           kout          theta            phi      intensity
  1806          14.31          57.00          17.50      4.0010419
   75.25% of job   1 of   1 completed.

number           kout          theta            phi      intensity
  1807          14.31          57.00          20.50      3.6799634
   75.29% of job   1 of   1 completed.

number           kout          theta            phi      intensity
  1808          14.31          57.00          23.50      3.4607217
   75.33% of job   1 of   1 completed.

number           kout          theta            phi      intensity
  1809          14.31          57.00          26.50      3.2379344
   75.38% of job   1 of   1 completed.

number           kout          theta            phi      intensity
  1810          14.31          57.00          29.50      3.2929332
   75.42% of job   1 of   1 completed.

number           kout          theta            phi      intensity
  1811          14.31          57.00          32.50      2.8465893
   75.46% of job   1 of   1 completed.

number           kout          theta            phi      intensity
  1812          14.31          57.00          35.50      3.4894249
   75.50% of job   1 of   1 completed.

number           kout          theta            phi      intensity
  1813          14.31          57.00          38.50      5.4631248
   75.54% of job   1 of   1 completed.

number           kout          theta            phi      intensity
  1814          14.31          57.00          41.50      6.5275283
   75.58% of job   1 of   1 completed.

number           kout          theta            phi      intensity
  1815          14.31          57.00          44.50      6.6550140
   75.62% of job   1 of   1 completed.

number           kout          theta            phi      intensity
  1816          14.31          57.00          47.50      7.1991673
   75.67% of job   1 of   1 completed.

number           kout          theta            phi      intensity
  1817          14.31          57.00          50.50      6.1987224
   75.71% of job   1 of   1 completed.

number           kout          theta            phi      intensity
  1818          14.31          57.00          53.50      3.8618383
   75.75% of job   1 of   1 completed.

number           kout          theta            phi      intensity
  1819          14.31          57.00          56.50      2.8877428
   75.79% of job   1 of   1 completed.

number           kout          theta            phi      intensity
  1820          14.31          57.00          59.50      2.8909495
   75.83% of job   1 of   1 completed.

number           kout          theta            phi      intensity
  1821          14.31          57.00          62.50      3.1922207
   75.88% of job   1 of   1 completed.

number           kout          theta            phi      intensity
  1822          14.31          57.00          65.50      3.4871228
   75.92% of job   1 of   1 completed.

number           kout          theta            phi      intensity
  1823          14.31          57.00          68.50      3.1227214
   75.96% of job   1 of   1 completed.

number           kout          theta            phi      intensity
  1824          14.31          57.00          71.50      3.0025747
   76.00% of job   1 of   1 completed.

number           kout          theta            phi      intensity
  1825          14.31          57.00          74.50      2.9907620
   76.04% of job   1 of   1 completed.

number           kout          theta            phi      intensity
  1826          14.31          57.00          77.50      3.1908443
   76.08% of job   1 of   1 completed.

number           kout          theta            phi      intensity
  1827          14.31          57.00          80.50      3.3304965
   76.12% of job   1 of   1 completed.

number           kout          theta            phi      intensity
  1828          14.31          57.00          83.50      3.3061390
   76.17% of job   1 of   1 completed.

number           kout          theta            phi      intensity
  1829          14.31          57.00          86.50      3.4146020
   76.21% of job   1 of   1 completed.

number           kout          theta            phi      intensity
  1830          14.31          57.00          89.50      3.9819019
   76.25% of job   1 of   1 completed.

number           kout          theta            phi      intensity
  1831          14.31          57.00          92.50      3.4296491
   76.29% of job   1 of   1 completed.

number           kout          theta            phi      intensity
  1832          14.31          57.00          95.50      3.1236465
   76.33% of job   1 of   1 completed.

number           kout          theta            phi      intensity
  1833          14.31          57.00          98.50      2.9133613
   76.38% of job   1 of   1 completed.

number           kout          theta            phi      intensity
  1834          14.31          57.00         101.50      2.8887622
   76.42% of job   1 of   1 completed.

number           kout          theta            phi      intensity
  1835          14.31          57.00         104.50      3.0237505
   76.46% of job   1 of   1 completed.

number           kout          theta            phi      intensity
  1836          14.31          57.00         107.50      2.9713027
   76.50% of job   1 of   1 completed.

number           kout          theta            phi      intensity
  1837          14.31          57.00         110.50      3.0362475
   76.54% of job   1 of   1 completed.

number           kout          theta            phi      intensity
  1838          14.31          57.00         113.50      3.1840792
   76.58% of job   1 of   1 completed.

number           kout          theta            phi      intensity
  1839          14.31          57.00         116.50      3.1481640
   76.62% of job   1 of   1 completed.

number           kout          theta            phi      intensity
  1840          14.31          57.00         119.50      3.3625231
   76.67% of job   1 of   1 completed.

number           kout          theta            phi      intensity
  1841          14.31          57.00         122.50      3.1923058
   76.71% of job   1 of   1 completed.

number           kout          theta            phi      intensity
  1842          14.31          57.00         125.50      3.3001680
   76.75% of job   1 of   1 completed.

number           kout          theta            phi      intensity
  1843          14.31          57.00         128.50      4.1263242
   76.79% of job   1 of   1 completed.

number           kout          theta            phi      intensity
  1844          14.31          57.00         131.50      5.1010742
   76.83% of job   1 of   1 completed.

number           kout          theta            phi      intensity
  1845          14.31          57.00         134.50      5.6610355
   76.88% of job   1 of   1 completed.

number           kout          theta            phi      intensity
  1846          14.31          57.00         137.50      5.9860616
   76.92% of job   1 of   1 completed.

number           kout          theta            phi      intensity
  1847          14.31          57.00         140.50      4.9682136
   76.96% of job   1 of   1 completed.

number           kout          theta            phi      intensity
  1848          14.31          57.00         143.50      3.7275364
   77.00% of job   1 of   1 completed.

number           kout          theta            phi      intensity
  1849          14.31          57.00         146.50      3.0180752
   77.04% of job   1 of   1 completed.

number           kout          theta            phi      intensity
  1850          14.31          57.00         149.50      3.2543786
   77.08% of job   1 of   1 completed.

number           kout          theta            phi      intensity
  1851          14.31          57.00         152.50      3.7245824
   77.12% of job   1 of   1 completed.

number           kout          theta            phi      intensity
  1852          14.31          57.00         155.50      3.6411741
   77.17% of job   1 of   1 completed.

number           kout          theta            phi      intensity
  1853          14.31          57.00         158.50      2.9807062
   77.21% of job   1 of   1 completed.

number           kout          theta            phi      intensity
  1854          14.31          57.00         161.50      2.7063427
   77.25% of job   1 of   1 completed.

number           kout          theta            phi      intensity
  1855          14.31          57.00         164.50      2.7594111
   77.29% of job   1 of   1 completed.

number           kout          theta            phi      intensity
  1856          14.31          57.00         167.50      2.6359792
   77.33% of job   1 of   1 completed.

number           kout          theta            phi      intensity
  1857          14.31          57.00         170.50      2.8285263
   77.38% of job   1 of   1 completed.

number           kout          theta            phi      intensity
  1858          14.31          57.00         173.50      3.1313992
   77.42% of job   1 of   1 completed.

number           kout          theta            phi      intensity
  1859          14.31          57.00         176.50      3.5255976
   77.46% of job   1 of   1 completed.

number           kout          theta            phi      intensity
  1860          14.31          57.00         179.50      4.0092859
   77.50% of job   1 of   1 completed.

number           kout          theta            phi      intensity
  1861          14.31          57.00         182.50      3.6597557
   77.54% of job   1 of   1 completed.

number           kout          theta            phi      intensity
  1862          14.31          57.00         185.50      3.2749536
   77.58% of job   1 of   1 completed.

number           kout          theta            phi      intensity
  1863          14.31          57.00         188.50      3.0609341
   77.62% of job   1 of   1 completed.

number           kout          theta            phi      intensity
  1864          14.31          57.00         191.50      2.7924459
   77.67% of job   1 of   1 completed.

number           kout          theta            phi      intensity
  1865          14.31          57.00         194.50      2.7587278
   77.71% of job   1 of   1 completed.

number           kout          theta            phi      intensity
  1866          14.31          57.00         197.50      2.7601604
   77.75% of job   1 of   1 completed.

number           kout          theta            phi      intensity
  1867          14.31          57.00         200.50      2.9511271
   77.79% of job   1 of   1 completed.

number           kout          theta            phi      intensity
  1868          14.31          57.00         203.50      3.5441124
   77.83% of job   1 of   1 completed.

number           kout          theta            phi      intensity
  1869          14.31          57.00         206.50      3.6707087
   77.88% of job   1 of   1 completed.

number           kout          theta            phi      intensity
  1870          14.31          57.00         209.50      3.4855473
   77.92% of job   1 of   1 completed.

number           kout          theta            phi      intensity
  1871          14.31          57.00         212.50      3.0742614
   77.96% of job   1 of   1 completed.

number           kout          theta            phi      intensity
  1872          14.31          57.00         215.50      3.6632910
   78.00% of job   1 of   1 completed.

number           kout          theta            phi      intensity
  1873          14.31          57.00         218.50      4.8415370
   78.04% of job   1 of   1 completed.

number           kout          theta            phi      intensity
  1874          14.31          57.00         221.50      5.8817391
   78.08% of job   1 of   1 completed.

number           kout          theta            phi      intensity
  1875          14.31          57.00         224.50      5.6128349
   78.12% of job   1 of   1 completed.

number           kout          theta            phi      intensity
  1876          14.31          57.00         227.50      5.4578171
   78.17% of job   1 of   1 completed.

number           kout          theta            phi      intensity
  1877          14.31          57.00         230.50      4.1933675
   78.21% of job   1 of   1 completed.

number           kout          theta            phi      intensity
  1878          14.31          57.00         233.50      3.1336279
   78.25% of job   1 of   1 completed.

number           kout          theta            phi      intensity
  1879          14.31          57.00         236.50      2.9115257
   78.29% of job   1 of   1 completed.

number           kout          theta            phi      intensity
  1880          14.31          57.00         239.50      3.1609399
   78.33% of job   1 of   1 completed.

number           kout          theta            phi      intensity
  1881          14.31          57.00         242.50      3.3935525
   78.38% of job   1 of   1 completed.

number           kout          theta            phi      intensity
  1882          14.31          57.00         245.50      3.4741678
   78.42% of job   1 of   1 completed.

number           kout          theta            phi      intensity
  1883          14.31          57.00         248.50      3.0359032
   78.46% of job   1 of   1 completed.

number           kout          theta            phi      intensity
  1884          14.31          57.00         251.50      3.0508900
   78.50% of job   1 of   1 completed.

number           kout          theta            phi      intensity
  1885          14.31          57.00         254.50      3.0422299
   78.54% of job   1 of   1 completed.

number           kout          theta            phi      intensity
  1886          14.31          57.00         257.50      2.9862831
   78.58% of job   1 of   1 completed.

number           kout          theta            phi      intensity
  1887          14.31          57.00         260.50      2.9096005
   78.62% of job   1 of   1 completed.

number           kout          theta            phi      intensity
  1888          14.31          57.00         263.50      2.9833660
   78.67% of job   1 of   1 completed.

number           kout          theta            phi      intensity
  1889          14.31          57.00         266.50      3.0842359
   78.71% of job   1 of   1 completed.

number           kout          theta            phi      intensity
  1890          14.31          57.00         269.50      3.7519445
   78.75% of job   1 of   1 completed.

number           kout          theta            phi      intensity
  1891          14.31          57.00         272.50      3.6292140
   78.79% of job   1 of   1 completed.

number           kout          theta            phi      intensity
  1892          14.31          57.00         275.50      3.3120689
   78.83% of job   1 of   1 completed.

number           kout          theta            phi      intensity
  1893          14.31          57.00         278.50      3.3108752
   78.88% of job   1 of   1 completed.

number           kout          theta            phi      intensity
  1894          14.31          57.00         281.50      3.1092908
   78.92% of job   1 of   1 completed.

number           kout          theta            phi      intensity
  1895          14.31          57.00         284.50      3.1112661
   78.96% of job   1 of   1 completed.

number           kout          theta            phi      intensity
  1896          14.31          57.00         287.50      2.9881747
   79.00% of job   1 of   1 completed.

number           kout          theta            phi      intensity
  1897          14.31          57.00         290.50      3.0649040
   79.04% of job   1 of   1 completed.

number           kout          theta            phi      intensity
  1898          14.31          57.00         293.50      3.6067526
   79.08% of job   1 of   1 completed.

number           kout          theta            phi      intensity
  1899          14.31          57.00         296.50      3.8654232
   79.12% of job   1 of   1 completed.

number           kout          theta            phi      intensity
  1900          14.31          57.00         299.50      4.5259986
   79.17% of job   1 of   1 completed.

number           kout          theta            phi      intensity
  1901          14.31          57.00         302.50      4.3248086
   79.21% of job   1 of   1 completed.

number           kout          theta            phi      intensity
  1902          14.31          57.00         305.50      4.6642938
   79.25% of job   1 of   1 completed.

number           kout          theta            phi      intensity
  1903          14.31          57.00         308.50      5.4787631
   79.29% of job   1 of   1 completed.

number           kout          theta            phi      intensity
  1904          14.31          57.00         311.50      6.2964005
   79.33% of job   1 of   1 completed.

number           kout          theta            phi      intensity
  1905          14.31          57.00         314.50      6.4761124
   79.38% of job   1 of   1 completed.

number           kout          theta            phi      intensity
  1906          14.31          57.00         317.50      6.5619569
   79.42% of job   1 of   1 completed.

number           kout          theta            phi      intensity
  1907          14.31          57.00         320.50      4.7872214
   79.46% of job   1 of   1 completed.

number           kout          theta            phi      intensity
  1908          14.31          57.00         323.50      3.5347626
   79.50% of job   1 of   1 completed.

number           kout          theta            phi      intensity
  1909          14.31          57.00         326.50      3.4401457
   79.54% of job   1 of   1 completed.

number           kout          theta            phi      intensity
  1910          14.31          57.00         329.50      3.5473049
   79.58% of job   1 of   1 completed.

number           kout          theta            phi      intensity
  1911          14.31          57.00         332.50      3.6177447
   79.62% of job   1 of   1 completed.

number           kout          theta            phi      intensity
  1912          14.31          57.00         335.50      3.7568204
   79.67% of job   1 of   1 completed.

number           kout          theta            phi      intensity
  1913          14.31          57.00         338.50      3.3764675
   79.71% of job   1 of   1 completed.

number           kout          theta            phi      intensity
  1914          14.31          57.00         341.50      3.6375315
   79.75% of job   1 of   1 completed.

number           kout          theta            phi      intensity
  1915          14.31          57.00         344.50      3.5897229
   79.79% of job   1 of   1 completed.

number           kout          theta            phi      intensity
  1916          14.31          57.00         347.50      3.0557289
   79.83% of job   1 of   1 completed.

number           kout          theta            phi      intensity
  1917          14.31          57.00         350.50      2.8489435
   79.88% of job   1 of   1 completed.

number           kout          theta            phi      intensity
  1918          14.31          57.00         353.50      2.7712953
   79.92% of job   1 of   1 completed.

number           kout          theta            phi      intensity
  1919          14.31          57.00         356.50      3.4927909
   79.96% of job   1 of   1 completed.

number           kout          theta            phi      intensity
  1920          14.31          57.00         359.50      4.5834918
   80.00% of job   1 of   1 completed.

number           kout          theta            phi      intensity
  1921          14.31          60.00           2.50      3.2184212
   80.04% of job   1 of   1 completed.

number           kout          theta            phi      intensity
  1922          14.31          60.00           5.50      2.7350702
   80.08% of job   1 of   1 completed.

number           kout          theta            phi      intensity
  1923          14.31          60.00           8.50      2.8798170
   80.12% of job   1 of   1 completed.

number           kout          theta            phi      intensity
  1924          14.31          60.00          11.50      2.7611647
   80.17% of job   1 of   1 completed.

number           kout          theta            phi      intensity
  1925          14.31          60.00          14.50      3.3670752
   80.21% of job   1 of   1 completed.

number           kout          theta            phi      intensity
  1926          14.31          60.00          17.50      3.4033327
   80.25% of job   1 of   1 completed.

number           kout          theta            phi      intensity
  1927          14.31          60.00          20.50      3.3414762
   80.29% of job   1 of   1 completed.

number           kout          theta            phi      intensity
  1928          14.31          60.00          23.50      3.6355352
   80.33% of job   1 of   1 completed.

number           kout          theta            phi      intensity
  1929          14.31          60.00          26.50      3.6138723
   80.38% of job   1 of   1 completed.

number           kout          theta            phi      intensity
  1930          14.31          60.00          29.50      3.5613365
   80.42% of job   1 of   1 completed.

number           kout          theta            phi      intensity
  1931          14.31          60.00          32.50      2.8943431
   80.46% of job   1 of   1 completed.

number           kout          theta            phi      intensity
  1932          14.31          60.00          35.50      2.8353064
   80.50% of job   1 of   1 completed.

number           kout          theta            phi      intensity
  1933          14.31          60.00          38.50      3.9094779
   80.54% of job   1 of   1 completed.

number           kout          theta            phi      intensity
  1934          14.31          60.00          41.50      4.8237605
   80.58% of job   1 of   1 completed.

number           kout          theta            phi      intensity
  1935          14.31          60.00          44.50      5.0842681
   80.62% of job   1 of   1 completed.

number           kout          theta            phi      intensity
  1936          14.31          60.00          47.50      5.4293227
   80.67% of job   1 of   1 completed.

number           kout          theta            phi      intensity
  1937          14.31          60.00          50.50      4.4559169
   80.71% of job   1 of   1 completed.

number           kout          theta            phi      intensity
  1938          14.31          60.00          53.50      2.9943485
   80.75% of job   1 of   1 completed.

number           kout          theta            phi      intensity
  1939          14.31          60.00          56.50      2.7022312
   80.79% of job   1 of   1 completed.

number           kout          theta            phi      intensity
  1940          14.31          60.00          59.50      3.1319659
   80.83% of job   1 of   1 completed.

number           kout          theta            phi      intensity
  1941          14.31          60.00          62.50      3.3710353
   80.88% of job   1 of   1 completed.

number           kout          theta            phi      intensity
  1942          14.31          60.00          65.50      3.3080161
   80.92% of job   1 of   1 completed.

number           kout          theta            phi      intensity
  1943          14.31          60.00          68.50      2.9884357
   80.96% of job   1 of   1 completed.

number           kout          theta            phi      intensity
  1944          14.31          60.00          71.50      2.4876630
   81.00% of job   1 of   1 completed.

number           kout          theta            phi      intensity
  1945          14.31          60.00          74.50      2.7984412
   81.04% of job   1 of   1 completed.

number           kout          theta            phi      intensity
  1946          14.31          60.00          77.50      3.1133804
   81.08% of job   1 of   1 completed.

number           kout          theta            phi      intensity
  1947          14.31          60.00          80.50      3.2252693
   81.12% of job   1 of   1 completed.

number           kout          theta            phi      intensity
  1948          14.31          60.00          83.50      2.8833134
   81.17% of job   1 of   1 completed.

number           kout          theta            phi      intensity
  1949          14.31          60.00          86.50      2.9267333
   81.21% of job   1 of   1 completed.

number           kout          theta            phi      intensity
  1950          14.31          60.00          89.50      3.3488762
   81.25% of job   1 of   1 completed.

number           kout          theta            phi      intensity
  1951          14.31          60.00          92.50      3.2087986
   81.29% of job   1 of   1 completed.

number           kout          theta            phi      intensity
  1952          14.31          60.00          95.50      2.7779295
   81.33% of job   1 of   1 completed.

number           kout          theta            phi      intensity
  1953          14.31          60.00          98.50      2.5095704
   81.38% of job   1 of   1 completed.

number           kout          theta            phi      intensity
  1954          14.31          60.00         101.50      2.3973036
   81.42% of job   1 of   1 completed.

number           kout          theta            phi      intensity
  1955          14.31          60.00         104.50      2.5003920
   81.46% of job   1 of   1 completed.

number           kout          theta            phi      intensity
  1956          14.31          60.00         107.50      2.4703128
   81.50% of job   1 of   1 completed.

number           kout          theta            phi      intensity
  1957          14.31          60.00         110.50      2.7505169
   81.54% of job   1 of   1 completed.

number           kout          theta            phi      intensity
  1958          14.31          60.00         113.50      3.1067743
   81.58% of job   1 of   1 completed.

number           kout          theta            phi      intensity
  1959          14.31          60.00         116.50      3.4548452
   81.62% of job   1 of   1 completed.

number           kout          theta            phi      intensity
  1960          14.31          60.00         119.50      3.1846533
   81.67% of job   1 of   1 completed.

number           kout          theta            phi      intensity
  1961          14.31          60.00         122.50      2.9371119
   81.71% of job   1 of   1 completed.

number           kout          theta            phi      intensity
  1962          14.31          60.00         125.50      2.6864750
   81.75% of job   1 of   1 completed.

number           kout          theta            phi      intensity
  1963          14.31          60.00         128.50      3.3982210
   81.79% of job   1 of   1 completed.

number           kout          theta            phi      intensity
  1964          14.31          60.00         131.50      3.9771061
   81.83% of job   1 of   1 completed.

number           kout          theta            phi      intensity
  1965          14.31          60.00         134.50      4.6459894
   81.88% of job   1 of   1 completed.

number           kout          theta            phi      intensity
  1966          14.31          60.00         137.50      4.8396382
   81.92% of job   1 of   1 completed.

number           kout          theta            phi      intensity
  1967          14.31          60.00         140.50      4.2655430
   81.96% of job   1 of   1 completed.

number           kout          theta            phi      intensity
  1968          14.31          60.00         143.50      3.5019019
   82.00% of job   1 of   1 completed.

number           kout          theta            phi      intensity
  1969          14.31          60.00         146.50      2.9227927
   82.04% of job   1 of   1 completed.

number           kout          theta            phi      intensity
  1970          14.31          60.00         149.50      3.2318285
   82.08% of job   1 of   1 completed.

number           kout          theta            phi      intensity
  1971          14.31          60.00         152.50      3.7003086
   82.12% of job   1 of   1 completed.

number           kout          theta            phi      intensity
  1972          14.31          60.00         155.50      3.7595196
   82.17% of job   1 of   1 completed.

number           kout          theta            phi      intensity
  1973          14.31          60.00         158.50      2.9689920
   82.21% of job   1 of   1 completed.

number           kout          theta            phi      intensity
  1974          14.31          60.00         161.50      2.1085687
   82.25% of job   1 of   1 completed.

number           kout          theta            phi      intensity
  1975          14.31          60.00         164.50      2.1694546
   82.29% of job   1 of   1 completed.

number           kout          theta            phi      intensity
  1976          14.31          60.00         167.50      2.4080708
   82.33% of job   1 of   1 completed.

number           kout          theta            phi      intensity
  1977          14.31          60.00         170.50      2.5226083
   82.38% of job   1 of   1 completed.

number           kout          theta            phi      intensity
  1978          14.31          60.00         173.50      2.7292993
   82.42% of job   1 of   1 completed.

number           kout          theta            phi      intensity
  1979          14.31          60.00         176.50      3.3297539
   82.46% of job   1 of   1 completed.

number           kout          theta            phi      intensity
  1980          14.31          60.00         179.50      3.6349866
   82.50% of job   1 of   1 completed.

number           kout          theta            phi      intensity
  1981          14.31          60.00         182.50      3.4460857
   82.54% of job   1 of   1 completed.

number           kout          theta            phi      intensity
  1982          14.31          60.00         185.50      2.9497168
   82.58% of job   1 of   1 completed.

number           kout          theta            phi      intensity
  1983          14.31          60.00         188.50      2.6627984
   82.62% of job   1 of   1 completed.

number           kout          theta            phi      intensity
  1984          14.31          60.00         191.50      2.4384062
   82.67% of job   1 of   1 completed.

number           kout          theta            phi      intensity
  1985          14.31          60.00         194.50      2.3282025
   82.71% of job   1 of   1 completed.

number           kout          theta            phi      intensity
  1986          14.31          60.00         197.50      2.1379004
   82.75% of job   1 of   1 completed.

number           kout          theta            phi      intensity
  1987          14.31          60.00         200.50      2.6433856
   82.79% of job   1 of   1 completed.

number           kout          theta            phi      intensity
  1988          14.31          60.00         203.50      3.4914544
   82.83% of job   1 of   1 completed.

number           kout          theta            phi      intensity
  1989          14.31          60.00         206.50      3.6829824
   82.88% of job   1 of   1 completed.

number           kout          theta            phi      intensity
  1990          14.31          60.00         209.50      3.2211430
   82.92% of job   1 of   1 completed.

number           kout          theta            phi      intensity
  1991          14.31          60.00         212.50      2.9030285
   82.96% of job   1 of   1 completed.

number           kout          theta            phi      intensity
  1992          14.31          60.00         215.50      3.1149368
   83.00% of job   1 of   1 completed.

number           kout          theta            phi      intensity
  1993          14.31          60.00         218.50      4.1686797
   83.04% of job   1 of   1 completed.

number           kout          theta            phi      intensity
  1994          14.31          60.00         221.50      4.9387469
   83.08% of job   1 of   1 completed.

number           kout          theta            phi      intensity
  1995          14.31          60.00         224.50      5.0486360
   83.12% of job   1 of   1 completed.

number           kout          theta            phi      intensity
  1996          14.31          60.00         227.50      4.3776860
   83.17% of job   1 of   1 completed.

number           kout          theta            phi      intensity
  1997          14.31          60.00         230.50      3.4907215
   83.21% of job   1 of   1 completed.

number           kout          theta            phi      intensity
  1998          14.31          60.00         233.50      2.7047033
   83.25% of job   1 of   1 completed.

number           kout          theta            phi      intensity
  1999          14.31          60.00         236.50      2.6563652
   83.29% of job   1 of   1 completed.

number           kout          theta            phi      intensity
  2000          14.31          60.00         239.50      3.0741923
   83.33% of job   1 of   1 completed.

number           kout          theta            phi      intensity
  2001          14.31          60.00         242.50      3.3944447
   83.38% of job   1 of   1 completed.

number           kout          theta            phi      intensity
  2002          14.31          60.00         245.50      3.2017839
   83.42% of job   1 of   1 completed.

number           kout          theta            phi      intensity
  2003          14.31          60.00         248.50      2.7717092
   83.46% of job   1 of   1 completed.

number           kout          theta            phi      intensity
  2004          14.31          60.00         251.50      2.4240596
   83.50% of job   1 of   1 completed.

number           kout          theta            phi      intensity
  2005          14.31          60.00         254.50      2.5209358
   83.54% of job   1 of   1 completed.

number           kout          theta            phi      intensity
  2006          14.31          60.00         257.50      2.5393028
   83.58% of job   1 of   1 completed.

number           kout          theta            phi      intensity
  2007          14.31          60.00         260.50      2.5333264
   83.62% of job   1 of   1 completed.

number           kout          theta            phi      intensity
  2008          14.31          60.00         263.50      2.8704529
   83.67% of job   1 of   1 completed.

number           kout          theta            phi      intensity
  2009          14.31          60.00         266.50      3.1306932
   83.71% of job   1 of   1 completed.

number           kout          theta            phi      intensity
  2010          14.31          60.00         269.50      3.4285810
   83.75% of job   1 of   1 completed.

number           kout          theta            phi      intensity
  2011          14.31          60.00         272.50      3.0834696
   83.79% of job   1 of   1 completed.

number           kout          theta            phi      intensity
  2012          14.31          60.00         275.50      2.9128616
   83.83% of job   1 of   1 completed.

number           kout          theta            phi      intensity
  2013          14.31          60.00         278.50      3.2571678
   83.88% of job   1 of   1 completed.

number           kout          theta            phi      intensity
  2014          14.31          60.00         281.50      3.0915530
   83.92% of job   1 of   1 completed.

number           kout          theta            phi      intensity
  2015          14.31          60.00         284.50      3.0736992
   83.96% of job   1 of   1 completed.

number           kout          theta            phi      intensity
  2016          14.31          60.00         287.50      2.6658580
   84.00% of job   1 of   1 completed.

number           kout          theta            phi      intensity
  2017          14.31          60.00         290.50      2.6727121
   84.04% of job   1 of   1 completed.

number           kout          theta            phi      intensity
  2018          14.31          60.00         293.50      3.3748064
   84.08% of job   1 of   1 completed.

number           kout          theta            phi      intensity
  2019          14.31          60.00         296.50      3.6526377
   84.12% of job   1 of   1 completed.

number           kout          theta            phi      intensity
  2020          14.31          60.00         299.50      4.2454333
   84.17% of job   1 of   1 completed.

number           kout          theta            phi      intensity
  2021          14.31          60.00         302.50      4.1214910
   84.21% of job   1 of   1 completed.

number           kout          theta            phi      intensity
  2022          14.31          60.00         305.50      3.8623734
   84.25% of job   1 of   1 completed.

number           kout          theta            phi      intensity
  2023          14.31          60.00         308.50      4.0908904
   84.29% of job   1 of   1 completed.

number           kout          theta            phi      intensity
  2024          14.31          60.00         311.50      4.6279469
   84.33% of job   1 of   1 completed.

number           kout          theta            phi      intensity
  2025          14.31          60.00         314.50      5.0467954
   84.38% of job   1 of   1 completed.

number           kout          theta            phi      intensity
  2026          14.31          60.00         317.50      4.6940546
   84.42% of job   1 of   1 completed.

number           kout          theta            phi      intensity
  2027          14.31          60.00         320.50      3.6954429
   84.46% of job   1 of   1 completed.

number           kout          theta            phi      intensity
  2028          14.31          60.00         323.50      3.3145907
   84.50% of job   1 of   1 completed.

number           kout          theta            phi      intensity
  2029          14.31          60.00         326.50      3.7344391
   84.54% of job   1 of   1 completed.

number           kout          theta            phi      intensity
  2030          14.31          60.00         329.50      3.9634998
   84.58% of job   1 of   1 completed.

number           kout          theta            phi      intensity
  2031          14.31          60.00         332.50      3.7138870
   84.62% of job   1 of   1 completed.

number           kout          theta            phi      intensity
  2032          14.31          60.00         335.50      3.5402124
   84.67% of job   1 of   1 completed.

number           kout          theta            phi      intensity
  2033          14.31          60.00         338.50      3.1882274
   84.71% of job   1 of   1 completed.

number           kout          theta            phi      intensity
  2034          14.31          60.00         341.50      3.2591171
   84.75% of job   1 of   1 completed.

number           kout          theta            phi      intensity
  2035          14.31          60.00         344.50      3.4163215
   84.79% of job   1 of   1 completed.

number           kout          theta            phi      intensity
  2036          14.31          60.00         347.50      2.8997777
   84.83% of job   1 of   1 completed.

number           kout          theta            phi      intensity
  2037          14.31          60.00         350.50      2.7340496
   84.88% of job   1 of   1 completed.

number           kout          theta            phi      intensity
  2038          14.31          60.00         353.50      2.6485918
   84.92% of job   1 of   1 completed.

number           kout          theta            phi      intensity
  2039          14.31          60.00         356.50      2.8789003
   84.96% of job   1 of   1 completed.

number           kout          theta            phi      intensity
  2040          14.31          60.00         359.50      3.9721553
   85.00% of job   1 of   1 completed.

number           kout          theta            phi      intensity
  2041          14.31          63.00           2.50      4.4619155
   85.04% of job   1 of   1 completed.

number           kout          theta            phi      intensity
  2042          14.31          63.00           5.50      3.8738129
   85.08% of job   1 of   1 completed.

number           kout          theta            phi      intensity
  2043          14.31          63.00           8.50      3.2294371
   85.12% of job   1 of   1 completed.

number           kout          theta            phi      intensity
  2044          14.31          63.00          11.50      2.7572553
   85.17% of job   1 of   1 completed.

number           kout          theta            phi      intensity
  2045          14.31          63.00          14.50      3.0880697
   85.21% of job   1 of   1 completed.

number           kout          theta            phi      intensity
  2046          14.31          63.00          17.50      3.4836104
   85.25% of job   1 of   1 completed.

number           kout          theta            phi      intensity
  2047          14.31          63.00          20.50      3.6163769
   85.29% of job   1 of   1 completed.

number           kout          theta            phi      intensity
  2048          14.31          63.00          23.50      3.5087035
   85.33% of job   1 of   1 completed.

number           kout          theta            phi      intensity
  2049          14.31          63.00          26.50      3.2131460
   85.38% of job   1 of   1 completed.

number           kout          theta            phi      intensity
  2050          14.31          63.00          29.50      3.3082447
   85.42% of job   1 of   1 completed.

number           kout          theta            phi      intensity
  2051          14.31          63.00          32.50      2.4380567
   85.46% of job   1 of   1 completed.

number           kout          theta            phi      intensity
  2052          14.31          63.00          35.50      2.0307806
   85.50% of job   1 of   1 completed.

number           kout          theta            phi      intensity
  2053          14.31          63.00          38.50      2.4433069
   85.54% of job   1 of   1 completed.

number           kout          theta            phi      intensity
  2054          14.31          63.00          41.50      2.9937923
   85.58% of job   1 of   1 completed.

number           kout          theta            phi      intensity
  2055          14.31          63.00          44.50      3.1717460
   85.62% of job   1 of   1 completed.

number           kout          theta            phi      intensity
  2056          14.31          63.00          47.50      3.1145566
   85.67% of job   1 of   1 completed.

number           kout          theta            phi      intensity
  2057          14.31          63.00          50.50      2.6506603
   85.71% of job   1 of   1 completed.

number           kout          theta            phi      intensity
  2058          14.31          63.00          53.50      2.0627422
   85.75% of job   1 of   1 completed.

number           kout          theta            phi      intensity
  2059          14.31          63.00          56.50      2.2861440
   85.79% of job   1 of   1 completed.

number           kout          theta            phi      intensity
  2060          14.31          63.00          59.50      2.9258111
   85.83% of job   1 of   1 completed.

number           kout          theta            phi      intensity
  2061          14.31          63.00          62.50      3.2497799
   85.88% of job   1 of   1 completed.

number           kout          theta            phi      intensity
  2062          14.31          63.00          65.50      3.3735507
   85.92% of job   1 of   1 completed.

number           kout          theta            phi      intensity
  2063          14.31          63.00          68.50      3.1716568
   85.96% of job   1 of   1 completed.

number           kout          theta            phi      intensity
  2064          14.31          63.00          71.50      2.6157982
   86.00% of job   1 of   1 completed.

number           kout          theta            phi      intensity
  2065          14.31          63.00          74.50      2.4994349
   86.04% of job   1 of   1 completed.

number           kout          theta            phi      intensity
  2066          14.31          63.00          77.50      3.3321974
   86.08% of job   1 of   1 completed.

number           kout          theta            phi      intensity
  2067          14.31          63.00          80.50      3.4647248
   86.12% of job   1 of   1 completed.

number           kout          theta            phi      intensity
  2068          14.31          63.00          83.50      3.8388479
   86.17% of job   1 of   1 completed.

number           kout          theta            phi      intensity
  2069          14.31          63.00          86.50      4.1928964
   86.21% of job   1 of   1 completed.

number           kout          theta            phi      intensity
  2070          14.31          63.00          89.50      4.6679559
   86.25% of job   1 of   1 completed.

number           kout          theta            phi      intensity
  2071          14.31          63.00          92.50      4.8046594
   86.29% of job   1 of   1 completed.

number           kout          theta            phi      intensity
  2072          14.31          63.00          95.50      3.9491348
   86.33% of job   1 of   1 completed.

number           kout          theta            phi      intensity
  2073          14.31          63.00          98.50      2.6844203
   86.38% of job   1 of   1 completed.

number           kout          theta            phi      intensity
  2074          14.31          63.00         101.50      2.2503386
   86.42% of job   1 of   1 completed.

number           kout          theta            phi      intensity
  2075          14.31          63.00         104.50      2.3280981
   86.46% of job   1 of   1 completed.

number           kout          theta            phi      intensity
  2076          14.31          63.00         107.50      2.6740501
   86.50% of job   1 of   1 completed.

number           kout          theta            phi      intensity
  2077          14.31          63.00         110.50      3.3666229
   86.54% of job   1 of   1 completed.

number           kout          theta            phi      intensity
  2078          14.31          63.00         113.50      3.5316517
   86.58% of job   1 of   1 completed.

number           kout          theta            phi      intensity
  2079          14.31          63.00         116.50      3.5273530
   86.62% of job   1 of   1 completed.

number           kout          theta            phi      intensity
  2080          14.31          63.00         119.50      3.2464783
   86.67% of job   1 of   1 completed.

number           kout          theta            phi      intensity
  2081          14.31          63.00         122.50      2.3917696
   86.71% of job   1 of   1 completed.

number           kout          theta            phi      intensity
  2082          14.31          63.00         125.50      2.1532547
   86.75% of job   1 of   1 completed.

number           kout          theta            phi      intensity
  2083          14.31          63.00         128.50      2.5612710
   86.79% of job   1 of   1 completed.

number           kout          theta            phi      intensity
  2084          14.31          63.00         131.50      3.2764616
   86.83% of job   1 of   1 completed.

number           kout          theta            phi      intensity
  2085          14.31          63.00         134.50      3.7857268
   86.88% of job   1 of   1 completed.

number           kout          theta            phi      intensity
  2086          14.31          63.00         137.50      3.8668120
   86.92% of job   1 of   1 completed.

number           kout          theta            phi      intensity
  2087          14.31          63.00         140.50      3.3224380
   86.96% of job   1 of   1 completed.

number           kout          theta            phi      intensity
  2088          14.31          63.00         143.50      2.7101173
   87.00% of job   1 of   1 completed.

number           kout          theta            phi      intensity
  2089          14.31          63.00         146.50      2.4303124
   87.04% of job   1 of   1 completed.

number           kout          theta            phi      intensity
  2090          14.31          63.00         149.50      3.1269407
   87.08% of job   1 of   1 completed.

number           kout          theta            phi      intensity
  2091          14.31          63.00         152.50      3.6686354
   87.12% of job   1 of   1 completed.

number           kout          theta            phi      intensity
  2092          14.31          63.00         155.50      4.0045543
   87.17% of job   1 of   1 completed.

number           kout          theta            phi      intensity
  2093          14.31          63.00         158.50      3.5947084
   87.21% of job   1 of   1 completed.

number           kout          theta            phi      intensity
  2094          14.31          63.00         161.50      2.6265383
   87.25% of job   1 of   1 completed.

number           kout          theta            phi      intensity
  2095          14.31          63.00         164.50      2.2295673
   87.29% of job   1 of   1 completed.

number           kout          theta            phi      intensity
  2096          14.31          63.00         167.50      2.5340800
   87.33% of job   1 of   1 completed.

number           kout          theta            phi      intensity
  2097          14.31          63.00         170.50      2.6349990
   87.38% of job   1 of   1 completed.

number           kout          theta            phi      intensity
  2098          14.31          63.00         173.50      3.4095869
   87.42% of job   1 of   1 completed.

number           kout          theta            phi      intensity
  2099          14.31          63.00         176.50      4.4290233
   87.46% of job   1 of   1 completed.

number           kout          theta            phi      intensity
  2100          14.31          63.00         179.50      5.2384243
   87.50% of job   1 of   1 completed.

number           kout          theta            phi      intensity
  2101          14.31          63.00         182.50      4.8439574
   87.54% of job   1 of   1 completed.

number           kout          theta            phi      intensity
  2102          14.31          63.00         185.50      3.7775948
   87.58% of job   1 of   1 completed.

number           kout          theta            phi      intensity
  2103          14.31          63.00         188.50      2.8520753
   87.62% of job   1 of   1 completed.

number           kout          theta            phi      intensity
  2104          14.31          63.00         191.50      2.6531312
   87.67% of job   1 of   1 completed.

number           kout          theta            phi      intensity
  2105          14.31          63.00         194.50      2.4024265
   87.71% of job   1 of   1 completed.

number           kout          theta            phi      intensity
  2106          14.31          63.00         197.50      2.5121593
   87.75% of job   1 of   1 completed.

number           kout          theta            phi      intensity
  2107          14.31          63.00         200.50      3.1455791
   87.79% of job   1 of   1 completed.

number           kout          theta            phi      intensity
  2108          14.31          63.00         203.50      3.7264974
   87.83% of job   1 of   1 completed.

number           kout          theta            phi      intensity
  2109          14.31          63.00         206.50      3.8183067
   87.88% of job   1 of   1 completed.

number           kout          theta            phi      intensity
  2110          14.31          63.00         209.50      3.6398830
   87.92% of job   1 of   1 completed.

number           kout          theta            phi      intensity
  2111          14.31          63.00         212.50      2.6673574
   87.96% of job   1 of   1 completed.

number           kout          theta            phi      intensity
  2112          14.31          63.00         215.50      2.4582012
   88.00% of job   1 of   1 completed.

number           kout          theta            phi      intensity
  2113          14.31          63.00         218.50      2.9823282
   88.04% of job   1 of   1 completed.

number           kout          theta            phi      intensity
  2114          14.31          63.00         221.50      3.7332637
   88.08% of job   1 of   1 completed.

number           kout          theta            phi      intensity
  2115          14.31          63.00         224.50      3.9780300
   88.12% of job   1 of   1 completed.

number           kout          theta            phi      intensity
  2116          14.31          63.00         227.50      3.3659277
   88.17% of job   1 of   1 completed.

number           kout          theta            phi      intensity
  2117          14.31          63.00         230.50      2.5051444
   88.21% of job   1 of   1 completed.

number           kout          theta            phi      intensity
  2118          14.31          63.00         233.50      2.0264316
   88.25% of job   1 of   1 completed.

number           kout          theta            phi      intensity
  2119          14.31          63.00         236.50      2.3817434
   88.29% of job   1 of   1 completed.

number           kout          theta            phi      intensity
  2120          14.31          63.00         239.50      3.3546638
   88.33% of job   1 of   1 completed.

number           kout          theta            phi      intensity
  2121          14.31          63.00         242.50      3.5792758
   88.38% of job   1 of   1 completed.

number           kout          theta            phi      intensity
  2122          14.31          63.00         245.50      3.3870375
   88.42% of job   1 of   1 completed.

number           kout          theta            phi      intensity
  2123          14.31          63.00         248.50      3.0231209
   88.46% of job   1 of   1 completed.

number           kout          theta            phi      intensity
  2124          14.31          63.00         251.50      2.5985894
   88.50% of job   1 of   1 completed.

number           kout          theta            phi      intensity
  2125          14.31          63.00         254.50      2.4298103
   88.54% of job   1 of   1 completed.

number           kout          theta            phi      intensity
  2126          14.31          63.00         257.50      2.2585557
   88.58% of job   1 of   1 completed.

number           kout          theta            phi      intensity
  2127          14.31          63.00         260.50      2.6523535
   88.62% of job   1 of   1 completed.

number           kout          theta            phi      intensity
  2128          14.31          63.00         263.50      3.9016821
   88.67% of job   1 of   1 completed.

number           kout          theta            phi      intensity
  2129          14.31          63.00         266.50      4.7210612
   88.71% of job   1 of   1 completed.

number           kout          theta            phi      intensity
  2130          14.31          63.00         269.50      4.6637483
   88.75% of job   1 of   1 completed.

number           kout          theta            phi      intensity
  2131          14.31          63.00         272.50      4.2344422
   88.79% of job   1 of   1 completed.

number           kout          theta            phi      intensity
  2132          14.31          63.00         275.50      4.1748166
   88.83% of job   1 of   1 completed.

number           kout          theta            phi      intensity
  2133          14.31          63.00         278.50      3.7012177
   88.88% of job   1 of   1 completed.

number           kout          theta            phi      intensity
  2134          14.31          63.00         281.50      3.3825014
   88.92% of job   1 of   1 completed.

number           kout          theta            phi      intensity
  2135          14.31          63.00         284.50      2.8895981
   88.96% of job   1 of   1 completed.

number           kout          theta            phi      intensity
  2136          14.31          63.00         287.50      2.2991560
   89.00% of job   1 of   1 completed.

number           kout          theta            phi      intensity
  2137          14.31          63.00         290.50      2.9210532
   89.04% of job   1 of   1 completed.

number           kout          theta            phi      intensity
  2138          14.31          63.00         293.50      3.2994344
   89.08% of job   1 of   1 completed.

number           kout          theta            phi      intensity
  2139          14.31          63.00         296.50      3.5371721
   89.12% of job   1 of   1 completed.

number           kout          theta            phi      intensity
  2140          14.31          63.00         299.50      3.5749643
   89.17% of job   1 of   1 completed.

number           kout          theta            phi      intensity
  2141          14.31          63.00         302.50      3.3386068
   89.21% of job   1 of   1 completed.

number           kout          theta            phi      intensity
  2142          14.31          63.00         305.50      3.0644007
   89.25% of job   1 of   1 completed.

number           kout          theta            phi      intensity
  2143          14.31          63.00         308.50      2.9394121
   89.29% of job   1 of   1 completed.

number           kout          theta            phi      intensity
  2144          14.31          63.00         311.50      3.2767134
   89.33% of job   1 of   1 completed.

number           kout          theta            phi      intensity
  2145          14.31          63.00         314.50      3.5452440
   89.38% of job   1 of   1 completed.

number           kout          theta            phi      intensity
  2146          14.31          63.00         317.50      3.1733544
   89.42% of job   1 of   1 completed.

number           kout          theta            phi      intensity
  2147          14.31          63.00         320.50      2.5813322
   89.46% of job   1 of   1 completed.

number           kout          theta            phi      intensity
  2148          14.31          63.00         323.50      2.7178304
   89.50% of job   1 of   1 completed.

number           kout          theta            phi      intensity
  2149          14.31          63.00         326.50      3.0944579
   89.54% of job   1 of   1 completed.

number           kout          theta            phi      intensity
  2150          14.31          63.00         329.50      3.5901158
   89.58% of job   1 of   1 completed.

number           kout          theta            phi      intensity
  2151          14.31          63.00         332.50      3.2377522
   89.62% of job   1 of   1 completed.

number           kout          theta            phi      intensity
  2152          14.31          63.00         335.50      3.5242584
   89.67% of job   1 of   1 completed.

number           kout          theta            phi      intensity
  2153          14.31          63.00         338.50      3.4626825
   89.71% of job   1 of   1 completed.

number           kout          theta            phi      intensity
  2154          14.31          63.00         341.50      3.2951491
   89.75% of job   1 of   1 completed.

number           kout          theta            phi      intensity
  2155          14.31          63.00         344.50      3.1739485
   89.79% of job   1 of   1 completed.

number           kout          theta            phi      intensity
  2156          14.31          63.00         347.50      2.7874663
   89.83% of job   1 of   1 completed.

number           kout          theta            phi      intensity
  2157          14.31          63.00         350.50      3.0172789
   89.88% of job   1 of   1 completed.

number           kout          theta            phi      intensity
  2158          14.31          63.00         353.50      3.6946366
   89.92% of job   1 of   1 completed.

number           kout          theta            phi      intensity
  2159          14.31          63.00         356.50      4.1550832
   89.96% of job   1 of   1 completed.

number           kout          theta            phi      intensity
  2160          14.31          63.00         359.50      5.1262650
   90.00% of job   1 of   1 completed.

number           kout          theta            phi      intensity
  2161          14.31          66.00           2.50      4.5050645
   90.04% of job   1 of   1 completed.

number           kout          theta            phi      intensity
  2162          14.31          66.00           5.50      3.6626728
   90.08% of job   1 of   1 completed.

number           kout          theta            phi      intensity
  2163          14.31          66.00           8.50      3.0310943
   90.12% of job   1 of   1 completed.

number           kout          theta            phi      intensity
  2164          14.31          66.00          11.50      2.8560505
   90.17% of job   1 of   1 completed.

number           kout          theta            phi      intensity
  2165          14.31          66.00          14.50      3.9971344
   90.21% of job   1 of   1 completed.

number           kout          theta            phi      intensity
  2166          14.31          66.00          17.50      4.1579919
   90.25% of job   1 of   1 completed.

number           kout          theta            phi      intensity
  2167          14.31          66.00          20.50      4.1339226
   90.29% of job   1 of   1 completed.

number           kout          theta            phi      intensity
  2168          14.31          66.00          23.50      3.4191430
   90.33% of job   1 of   1 completed.

number           kout          theta            phi      intensity
  2169          14.31          66.00          26.50      2.7392120
   90.38% of job   1 of   1 completed.

number           kout          theta            phi      intensity
  2170          14.31          66.00          29.50      2.2588527
   90.42% of job   1 of   1 completed.

number           kout          theta            phi      intensity
  2171          14.31          66.00          32.50      1.7766293
   90.46% of job   1 of   1 completed.

number           kout          theta            phi      intensity
  2172          14.31          66.00          35.50      1.5494710
   90.50% of job   1 of   1 completed.

number           kout          theta            phi      intensity
  2173          14.31          66.00          38.50      2.0419033
   90.54% of job   1 of   1 completed.

number           kout          theta            phi      intensity
  2174          14.31          66.00          41.50      2.6102002
   90.58% of job   1 of   1 completed.

number           kout          theta            phi      intensity
  2175          14.31          66.00          44.50      3.0254962
   90.62% of job   1 of   1 completed.

number           kout          theta            phi      intensity
  2176          14.31          66.00          47.50      2.7571859
   90.67% of job   1 of   1 completed.

number           kout          theta            phi      intensity
  2177          14.31          66.00          50.50      2.3897343
   90.71% of job   1 of   1 completed.

number           kout          theta            phi      intensity
  2178          14.31          66.00          53.50      1.8039488
   90.75% of job   1 of   1 completed.

number           kout          theta            phi      intensity
  2179          14.31          66.00          56.50      1.6214644
   90.79% of job   1 of   1 completed.

number           kout          theta            phi      intensity
  2180          14.31          66.00          59.50      2.1143405
   90.83% of job   1 of   1 completed.

number           kout          theta            phi      intensity
  2181          14.31          66.00          62.50      2.6005387
   90.88% of job   1 of   1 completed.

number           kout          theta            phi      intensity
  2182          14.31          66.00          65.50      3.0911448
   90.92% of job   1 of   1 completed.

number           kout          theta            phi      intensity
  2183          14.31          66.00          68.50      3.3167918
   90.96% of job   1 of   1 completed.

number           kout          theta            phi      intensity
  2184          14.31          66.00          71.50      3.2759523
   91.00% of job   1 of   1 completed.

number           kout          theta            phi      intensity
  2185          14.31          66.00          74.50      3.2170217
   91.04% of job   1 of   1 completed.

number           kout          theta            phi      intensity
  2186          14.31          66.00          77.50      3.5478895
   91.08% of job   1 of   1 completed.

number           kout          theta            phi      intensity
  2187          14.31          66.00          80.50      3.4525540
   91.12% of job   1 of   1 completed.

number           kout          theta            phi      intensity
  2188          14.31          66.00          83.50      3.6696281
   91.17% of job   1 of   1 completed.

number           kout          theta            phi      intensity
  2189          14.31          66.00          86.50      4.3161216
   91.21% of job   1 of   1 completed.

number           kout          theta            phi      intensity
  2190          14.31          66.00          89.50      5.2458601
   91.25% of job   1 of   1 completed.

number           kout          theta            phi      intensity
  2191          14.31          66.00          92.50      5.3411274
   91.29% of job   1 of   1 completed.

number           kout          theta            phi      intensity
  2192          14.31          66.00          95.50      3.8016672
   91.33% of job   1 of   1 completed.

number           kout          theta            phi      intensity
  2193          14.31          66.00          98.50      2.5127747
   91.38% of job   1 of   1 completed.

number           kout          theta            phi      intensity
  2194          14.31          66.00         101.50      2.5102923
   91.42% of job   1 of   1 completed.

number           kout          theta            phi      intensity
  2195          14.31          66.00         104.50      3.2088377
   91.46% of job   1 of   1 completed.

number           kout          theta            phi      intensity
  2196          14.31          66.00         107.50      3.6372964
   91.50% of job   1 of   1 completed.

number           kout          theta            phi      intensity
  2197          14.31          66.00         110.50      3.5583956
   91.54% of job   1 of   1 completed.

number           kout          theta            phi      intensity
  2198          14.31          66.00         113.50      3.3060753
   91.58% of job   1 of   1 completed.

number           kout          theta            phi      intensity
  2199          14.31          66.00         116.50      2.9620428
   91.62% of job   1 of   1 completed.

number           kout          theta            phi      intensity
  2200          14.31          66.00         119.50      2.3655908
   91.67% of job   1 of   1 completed.

number           kout          theta            phi      intensity
  2201          14.31          66.00         122.50      1.7612472
   91.71% of job   1 of   1 completed.

number           kout          theta            phi      intensity
  2202          14.31          66.00         125.50      1.4325800
   91.75% of job   1 of   1 completed.

number           kout          theta            phi      intensity
  2203          14.31          66.00         128.50      2.1074998
   91.79% of job   1 of   1 completed.

number           kout          theta            phi      intensity
  2204          14.31          66.00         131.50      3.1535337
   91.83% of job   1 of   1 completed.

number           kout          theta            phi      intensity
  2205          14.31          66.00         134.50      3.8612654
   91.88% of job   1 of   1 completed.

number           kout          theta            phi      intensity
  2206          14.31          66.00         137.50      3.5407934
   91.92% of job   1 of   1 completed.

number           kout          theta            phi      intensity
  2207          14.31          66.00         140.50      2.9974215
   91.96% of job   1 of   1 completed.

number           kout          theta            phi      intensity
  2208          14.31          66.00         143.50      2.1833227
   92.00% of job   1 of   1 completed.

number           kout          theta            phi      intensity
  2209          14.31          66.00         146.50      1.6856068
   92.04% of job   1 of   1 completed.

number           kout          theta            phi      intensity
  2210          14.31          66.00         149.50      2.3439920
   92.08% of job   1 of   1 completed.

number           kout          theta            phi      intensity
  2211          14.31          66.00         152.50      2.9399424
   92.12% of job   1 of   1 completed.

number           kout          theta            phi      intensity
  2212          14.31          66.00         155.50      3.3942573
   92.17% of job   1 of   1 completed.

number           kout          theta            phi      intensity
  2213          14.31          66.00         158.50      3.2781687
   92.21% of job   1 of   1 completed.

number           kout          theta            phi      intensity
  2214          14.31          66.00         161.50      3.2494957
   92.25% of job   1 of   1 completed.

number           kout          theta            phi      intensity
  2215          14.31          66.00         164.50      3.5728204
   92.29% of job   1 of   1 completed.

number           kout          theta            phi      intensity
  2216          14.31          66.00         167.50      3.1307728
   92.33% of job   1 of   1 completed.

number           kout          theta            phi      intensity
  2217          14.31          66.00         170.50      2.7294159
   92.38% of job   1 of   1 completed.

number           kout          theta            phi      intensity
  2218          14.31          66.00         173.50      3.1561480
   92.42% of job   1 of   1 completed.

number           kout          theta            phi      intensity
  2219          14.31          66.00         176.50      4.6194983
   92.46% of job   1 of   1 completed.

number           kout          theta            phi      intensity
  2220          14.31          66.00         179.50      6.2191277
   92.50% of job   1 of   1 completed.

number           kout          theta            phi      intensity
  2221          14.31          66.00         182.50      5.3526254
   92.54% of job   1 of   1 completed.

number           kout          theta            phi      intensity
  2222          14.31          66.00         185.50      3.4966297
   92.58% of job   1 of   1 completed.

number           kout          theta            phi      intensity
  2223          14.31          66.00         188.50      2.6788540
   92.62% of job   1 of   1 completed.

number           kout          theta            phi      intensity
  2224          14.31          66.00         191.50      2.8926439
   92.67% of job   1 of   1 completed.

number           kout          theta            phi      intensity
  2225          14.31          66.00         194.50      3.3410766
   92.71% of job   1 of   1 completed.

number           kout          theta            phi      intensity
  2226          14.31          66.00         197.50      3.1377766
   92.75% of job   1 of   1 completed.

number           kout          theta            phi      intensity
  2227          14.31          66.00         200.50      3.0716465
   92.79% of job   1 of   1 completed.

number           kout          theta            phi      intensity
  2228          14.31          66.00         203.50      3.4260323
   92.83% of job   1 of   1 completed.

number           kout          theta            phi      intensity
  2229          14.31          66.00         206.50      3.3529589
   92.88% of job   1 of   1 completed.

number           kout          theta            phi      intensity
  2230          14.31          66.00         209.50      2.6552608
   92.92% of job   1 of   1 completed.

number           kout          theta            phi      intensity
  2231          14.31          66.00         212.50      1.8893156
   92.96% of job   1 of   1 completed.

number           kout          theta            phi      intensity
  2232          14.31          66.00         215.50      1.8644732
   93.00% of job   1 of   1 completed.

number           kout          theta            phi      intensity
  2233          14.31          66.00         218.50      2.6901712
   93.04% of job   1 of   1 completed.

number           kout          theta            phi      intensity
  2234          14.31          66.00         221.50      3.4304485
   93.08% of job   1 of   1 completed.

number           kout          theta            phi      intensity
  2235          14.31          66.00         224.50      3.8618143
   93.12% of job   1 of   1 completed.

number           kout          theta            phi      intensity
  2236          14.31          66.00         227.50      3.3401690
   93.17% of job   1 of   1 completed.

number           kout          theta            phi      intensity
  2237          14.31          66.00         230.50      2.4970238
   93.21% of job   1 of   1 completed.

number           kout          theta            phi      intensity
  2238          14.31          66.00         233.50      1.6355680
   93.25% of job   1 of   1 completed.

number           kout          theta            phi      intensity
  2239          14.31          66.00         236.50      1.6368108
   93.29% of job   1 of   1 completed.

number           kout          theta            phi      intensity
  2240          14.31          66.00         239.50      2.3927195
   93.33% of job   1 of   1 completed.

number           kout          theta            phi      intensity
  2241          14.31          66.00         242.50      2.6636136
   93.38% of job   1 of   1 completed.

number           kout          theta            phi      intensity
  2242          14.31          66.00         245.50      3.0072505
   93.42% of job   1 of   1 completed.

number           kout          theta            phi      intensity
  2243          14.31          66.00         248.50      2.9298508
   93.46% of job   1 of   1 completed.

number           kout          theta            phi      intensity
  2244          14.31          66.00         251.50      3.2594821
   93.50% of job   1 of   1 completed.

number           kout          theta            phi      intensity
  2245          14.31          66.00         254.50      3.5382254
   93.54% of job   1 of   1 completed.

number           kout          theta            phi      intensity
  2246          14.31          66.00         257.50      2.6783285
   93.58% of job   1 of   1 completed.

number           kout          theta            phi      intensity
  2247          14.31          66.00         260.50      2.4583809
   93.62% of job   1 of   1 completed.

number           kout          theta            phi      intensity
  2248          14.31          66.00         263.50      3.6858256
   93.67% of job   1 of   1 completed.

number           kout          theta            phi      intensity
  2249          14.31          66.00         266.50      4.8445373
   93.71% of job   1 of   1 completed.

number           kout          theta            phi      intensity
  2250          14.31          66.00         269.50      5.0411315
   93.75% of job   1 of   1 completed.

number           kout          theta            phi      intensity
  2251          14.31          66.00         272.50      4.5292954
   93.79% of job   1 of   1 completed.

number           kout          theta            phi      intensity
  2252          14.31          66.00         275.50      4.1552711
   93.83% of job   1 of   1 completed.

number           kout          theta            phi      intensity
  2253          14.31          66.00         278.50      3.6835253
   93.88% of job   1 of   1 completed.

number           kout          theta            phi      intensity
  2254          14.31          66.00         281.50      3.5632956
   93.92% of job   1 of   1 completed.

number           kout          theta            phi      intensity
  2255          14.31          66.00         284.50      3.3318884
   93.96% of job   1 of   1 completed.

number           kout          theta            phi      intensity
  2256          14.31          66.00         287.50      3.1072581
   94.00% of job   1 of   1 completed.

number           kout          theta            phi      intensity
  2257          14.31          66.00         290.50      3.1850283
   94.04% of job   1 of   1 completed.

number           kout          theta            phi      intensity
  2258          14.31          66.00         293.50      3.2372267
   94.08% of job   1 of   1 completed.

number           kout          theta            phi      intensity
  2259          14.31          66.00         296.50      2.7037945
   94.12% of job   1 of   1 completed.

number           kout          theta            phi      intensity
  2260          14.31          66.00         299.50      2.3070042
   94.17% of job   1 of   1 completed.

number           kout          theta            phi      intensity
  2261          14.31          66.00         302.50      2.0923831
   94.21% of job   1 of   1 completed.

number           kout          theta            phi      intensity
  2262          14.31          66.00         305.50      2.0360639
   94.25% of job   1 of   1 completed.

number           kout          theta            phi      intensity
  2263          14.31          66.00         308.50      2.5690172
   94.29% of job   1 of   1 completed.

number           kout          theta            phi      intensity
  2264          14.31          66.00         311.50      2.9658625
   94.33% of job   1 of   1 completed.

number           kout          theta            phi      intensity
  2265          14.31          66.00         314.50      3.4065533
   94.38% of job   1 of   1 completed.

number           kout          theta            phi      intensity
  2266          14.31          66.00         317.50      2.8467472
   94.42% of job   1 of   1 completed.

number           kout          theta            phi      intensity
  2267          14.31          66.00         320.50      2.5203192
   94.46% of job   1 of   1 completed.

number           kout          theta            phi      intensity
  2268          14.31          66.00         323.50      2.2969105
   94.50% of job   1 of   1 completed.

number           kout          theta            phi      intensity
  2269          14.31          66.00         326.50      2.1974537
   94.54% of job   1 of   1 completed.

number           kout          theta            phi      intensity
  2270          14.31          66.00         329.50      2.1949751
   94.58% of job   1 of   1 completed.

number           kout          theta            phi      intensity
  2271          14.31          66.00         332.50      2.6475282
   94.62% of job   1 of   1 completed.

number           kout          theta            phi      intensity
  2272          14.31          66.00         335.50      3.1694043
   94.67% of job   1 of   1 completed.

number           kout          theta            phi      intensity
  2273          14.31          66.00         338.50      3.3410959
   94.71% of job   1 of   1 completed.

number           kout          theta            phi      intensity
  2274          14.31          66.00         341.50      3.8507311
   94.75% of job   1 of   1 completed.

number           kout          theta            phi      intensity
  2275          14.31          66.00         344.50      4.0373049
   94.79% of job   1 of   1 completed.

number           kout          theta            phi      intensity
  2276          14.31          66.00         347.50      3.2417042
   94.83% of job   1 of   1 completed.

number           kout          theta            phi      intensity
  2277          14.31          66.00         350.50      2.9252446
   94.88% of job   1 of   1 completed.

number           kout          theta            phi      intensity
  2278          14.31          66.00         353.50      3.6746578
   94.92% of job   1 of   1 completed.

number           kout          theta            phi      intensity
  2279          14.31          66.00         356.50      4.2523570
   94.96% of job   1 of   1 completed.

number           kout          theta            phi      intensity
  2280          14.31          66.00         359.50      5.1444592
   95.00% of job   1 of   1 completed.

number           kout          theta            phi      intensity
  2281          14.31          69.00           2.50      3.4691906
   95.04% of job   1 of   1 completed.

number           kout          theta            phi      intensity
  2282          14.31          69.00           5.50      2.9242208
   95.08% of job   1 of   1 completed.

number           kout          theta            phi      intensity
  2283          14.31          69.00           8.50      2.7639859
   95.12% of job   1 of   1 completed.

number           kout          theta            phi      intensity
  2284          14.31          69.00          11.50      3.0877454
   95.17% of job   1 of   1 completed.

number           kout          theta            phi      intensity
  2285          14.31          69.00          14.50      4.3254623
   95.21% of job   1 of   1 completed.

number           kout          theta            phi      intensity
  2286          14.31          69.00          17.50      4.4354544
   95.25% of job   1 of   1 completed.

number           kout          theta            phi      intensity
  2287          14.31          69.00          20.50      3.5785294
   95.29% of job   1 of   1 completed.

number           kout          theta            phi      intensity
  2288          14.31          69.00          23.50      2.9851961
   95.33% of job   1 of   1 completed.

number           kout          theta            phi      intensity
  2289          14.31          69.00          26.50      2.3488257
   95.38% of job   1 of   1 completed.

number           kout          theta            phi      intensity
  2290          14.31          69.00          29.50      1.9997143
   95.42% of job   1 of   1 completed.

number           kout          theta            phi      intensity
  2291          14.31          69.00          32.50      1.6489803
   95.46% of job   1 of   1 completed.

number           kout          theta            phi      intensity
  2292          14.31          69.00          35.50      1.8454248
   95.50% of job   1 of   1 completed.

number           kout          theta            phi      intensity
  2293          14.31          69.00          38.50      2.3291781
   95.54% of job   1 of   1 completed.

number           kout          theta            phi      intensity
  2294          14.31          69.00          41.50      3.0824974
   95.58% of job   1 of   1 completed.

number           kout          theta            phi      intensity
  2295          14.31          69.00          44.50      3.6748421
   95.62% of job   1 of   1 completed.

number           kout          theta            phi      intensity
  2296          14.31          69.00          47.50      3.1996558
   95.67% of job   1 of   1 completed.

number           kout          theta            phi      intensity
  2297          14.31          69.00          50.50      2.5827849
   95.71% of job   1 of   1 completed.

number           kout          theta            phi      intensity
  2298          14.31          69.00          53.50      2.1252978
   95.75% of job   1 of   1 completed.

number           kout          theta            phi      intensity
  2299          14.31          69.00          56.50      1.6583920
   95.79% of job   1 of   1 completed.

number           kout          theta            phi      intensity
  2300          14.31          69.00          59.50      2.0730801
   95.83% of job   1 of   1 completed.

number           kout          theta            phi      intensity
  2301          14.31          69.00          62.50      2.5365469
   95.88% of job   1 of   1 completed.

number           kout          theta            phi      intensity
  2302          14.31          69.00          65.50      2.5042603
   95.92% of job   1 of   1 completed.

number           kout          theta            phi      intensity
  2303          14.31          69.00          68.50      2.7811453
   95.96% of job   1 of   1 completed.

number           kout          theta            phi      intensity
  2304          14.31          69.00          71.50      3.3216171
   96.00% of job   1 of   1 completed.

number           kout          theta            phi      intensity
  2305          14.31          69.00          74.50      3.3884256
   96.04% of job   1 of   1 completed.

number           kout          theta            phi      intensity
  2306          14.31          69.00          77.50      3.0755203
   96.08% of job   1 of   1 completed.

number           kout          theta            phi      intensity
  2307          14.31          69.00          80.50      2.8577948
   96.12% of job   1 of   1 completed.

number           kout          theta            phi      intensity
  2308          14.31          69.00          83.50      2.7884779
   96.17% of job   1 of   1 completed.

number           kout          theta            phi      intensity
  2309          14.31          69.00          86.50      3.2974579
   96.21% of job   1 of   1 completed.

number           kout          theta            phi      intensity
  2310          14.31          69.00          89.50      4.4119315
   96.25% of job   1 of   1 completed.

number           kout          theta            phi      intensity
  2311          14.31          69.00          92.50      4.3542762
   96.29% of job   1 of   1 completed.

number           kout          theta            phi      intensity
  2312          14.31          69.00          95.50      3.0001285
   96.33% of job   1 of   1 completed.

number           kout          theta            phi      intensity
  2313          14.31          69.00          98.50      2.0618205
   96.38% of job   1 of   1 completed.

number           kout          theta            phi      intensity
  2314          14.31          69.00         101.50      2.1269240
   96.42% of job   1 of   1 completed.

number           kout          theta            phi      intensity
  2315          14.31          69.00         104.50      3.4782641
   96.46% of job   1 of   1 completed.

number           kout          theta            phi      intensity
  2316          14.31          69.00         107.50      4.0885978
   96.50% of job   1 of   1 completed.

number           kout          theta            phi      intensity
  2317          14.31          69.00         110.50      3.4746902
   96.54% of job   1 of   1 completed.

number           kout          theta            phi      intensity
  2318          14.31          69.00         113.50      2.5696707
   96.58% of job   1 of   1 completed.

number           kout          theta            phi      intensity
  2319          14.31          69.00         116.50      2.5274737
   96.62% of job   1 of   1 completed.

number           kout          theta            phi      intensity
  2320          14.31          69.00         119.50      2.0657837
   96.67% of job   1 of   1 completed.

number           kout          theta            phi      intensity
  2321          14.31          69.00         122.50      1.4473408
   96.71% of job   1 of   1 completed.

number           kout          theta            phi      intensity
  2322          14.31          69.00         125.50      1.5515436
   96.75% of job   1 of   1 completed.

number           kout          theta            phi      intensity
  2323          14.31          69.00         128.50      2.1443863
   96.79% of job   1 of   1 completed.

number           kout          theta            phi      intensity
  2324          14.31          69.00         131.50      3.4918182
   96.83% of job   1 of   1 completed.

number           kout          theta            phi      intensity
  2325          14.31          69.00         134.50      4.2986703
   96.88% of job   1 of   1 completed.

number           kout          theta            phi      intensity
  2326          14.31          69.00         137.50      3.8333600
   96.92% of job   1 of   1 completed.

number           kout          theta            phi      intensity
  2327          14.31          69.00         140.50      2.8610334
   96.96% of job   1 of   1 completed.

number           kout          theta            phi      intensity
  2328          14.31          69.00         143.50      2.0994461
   97.00% of job   1 of   1 completed.

number           kout          theta            phi      intensity
  2329          14.31          69.00         146.50      1.4773632
   97.04% of job   1 of   1 completed.

number           kout          theta            phi      intensity
  2330          14.31          69.00         149.50      1.7904211
   97.08% of job   1 of   1 completed.

number           kout          theta            phi      intensity
  2331          14.31          69.00         152.50      2.4228132
   97.12% of job   1 of   1 completed.

number           kout          theta            phi      intensity
  2332          14.31          69.00         155.50      2.5982435
   97.17% of job   1 of   1 completed.

number           kout          theta            phi      intensity
  2333          14.31          69.00         158.50      2.9314375
   97.21% of job   1 of   1 completed.

number           kout          theta            phi      intensity
  2334          14.31          69.00         161.50      3.7605646
   97.25% of job   1 of   1 completed.

number           kout          theta            phi      intensity
  2335          14.31          69.00         164.50      3.9848614
   97.29% of job   1 of   1 completed.

number           kout          theta            phi      intensity
  2336          14.31          69.00         167.50      2.8199244
   97.33% of job   1 of   1 completed.

number           kout          theta            phi      intensity
  2337          14.31          69.00         170.50      2.1373880
   97.38% of job   1 of   1 completed.

number           kout          theta            phi      intensity
  2338          14.31          69.00         173.50      2.2618575
   97.42% of job   1 of   1 completed.

number           kout          theta            phi      intensity
  2339          14.31          69.00         176.50      3.0256367
   97.46% of job   1 of   1 completed.

number           kout          theta            phi      intensity
  2340          14.31          69.00         179.50      4.4516191
   97.50% of job   1 of   1 completed.

number           kout          theta            phi      intensity
  2341          14.31          69.00         182.50      3.7707908
   97.54% of job   1 of   1 completed.

number           kout          theta            phi      intensity
  2342          14.31          69.00         185.50      2.3338263
   97.58% of job   1 of   1 completed.

number           kout          theta            phi      intensity
  2343          14.31          69.00         188.50      2.1129532
   97.62% of job   1 of   1 completed.

number           kout          theta            phi      intensity
  2344          14.31          69.00         191.50      2.4618912
   97.67% of job   1 of   1 completed.

number           kout          theta            phi      intensity
  2345          14.31          69.00         194.50      3.4568129
   97.71% of job   1 of   1 completed.

number           kout          theta            phi      intensity
  2346          14.31          69.00         197.50      3.6758287
   97.75% of job   1 of   1 completed.

number           kout          theta            phi      intensity
  2347          14.31          69.00         200.50      2.9575408
   97.79% of job   1 of   1 completed.

number           kout          theta            phi      intensity
  2348          14.31          69.00         203.50      2.5332074
   97.83% of job   1 of   1 completed.

number           kout          theta            phi      intensity
  2349          14.31          69.00         206.50      2.7445481
   97.88% of job   1 of   1 completed.

number           kout          theta            phi      intensity
  2350          14.31          69.00         209.50      2.1033232
   97.92% of job   1 of   1 completed.

number           kout          theta            phi      intensity
  2351          14.31          69.00         212.50      1.4363798
   97.96% of job   1 of   1 completed.

number           kout          theta            phi      intensity
  2352          14.31          69.00         215.50      1.7049638
   98.00% of job   1 of   1 completed.

number           kout          theta            phi      intensity
  2353          14.31          69.00         218.50      2.6274908
   98.04% of job   1 of   1 completed.

number           kout          theta            phi      intensity
  2354          14.31          69.00         221.50      3.6093283
   98.08% of job   1 of   1 completed.

number           kout          theta            phi      intensity
  2355          14.31          69.00         224.50      4.2571163
   98.12% of job   1 of   1 completed.

number           kout          theta            phi      intensity
  2356          14.31          69.00         227.50      3.8630180
   98.17% of job   1 of   1 completed.

number           kout          theta            phi      intensity
  2357          14.31          69.00         230.50      2.6159942
   98.21% of job   1 of   1 completed.

number           kout          theta            phi      intensity
  2358          14.31          69.00         233.50      1.8463660
   98.25% of job   1 of   1 completed.

number           kout          theta            phi      intensity
  2359          14.31          69.00         236.50      1.3631001
   98.29% of job   1 of   1 completed.

number           kout          theta            phi      intensity
  2360          14.31          69.00         239.50      1.8067871
   98.33% of job   1 of   1 completed.

number           kout          theta            phi      intensity
  2361          14.31          69.00         242.50      2.0791290
   98.38% of job   1 of   1 completed.

number           kout          theta            phi      intensity
  2362          14.31          69.00         245.50      2.4225199
   98.42% of job   1 of   1 completed.

number           kout          theta            phi      intensity
  2363          14.31          69.00         248.50      2.8664415
   98.46% of job   1 of   1 completed.

number           kout          theta            phi      intensity
  2364          14.31          69.00         251.50      3.8283079
   98.50% of job   1 of   1 completed.

number           kout          theta            phi      intensity
  2365          14.31          69.00         254.50      4.4123263
   98.54% of job   1 of   1 completed.

number           kout          theta            phi      intensity
  2366          14.31          69.00         257.50      2.6473687
   98.58% of job   1 of   1 completed.

number           kout          theta            phi      intensity
  2367          14.31          69.00         260.50      2.1421683
   98.62% of job   1 of   1 completed.

number           kout          theta            phi      intensity
  2368          14.31          69.00         263.50      2.8145716
   98.67% of job   1 of   1 completed.

number           kout          theta            phi      intensity
  2369          14.31          69.00         266.50      3.5726755
   98.71% of job   1 of   1 completed.

number           kout          theta            phi      intensity
  2370          14.31          69.00         269.50      4.1387048
   98.75% of job   1 of   1 completed.

number           kout          theta            phi      intensity
  2371          14.31          69.00         272.50      3.6866729
   98.79% of job   1 of   1 completed.

number           kout          theta            phi      intensity
  2372          14.31          69.00         275.50      3.0556793
   98.83% of job   1 of   1 completed.

number           kout          theta            phi      intensity
  2373          14.31          69.00         278.50      3.0226879
   98.88% of job   1 of   1 completed.

number           kout          theta            phi      intensity
  2374          14.31          69.00         281.50      3.3315341
   98.92% of job   1 of   1 completed.

number           kout          theta            phi      intensity
  2375          14.31          69.00         284.50      3.6764524
   98.96% of job   1 of   1 completed.

number           kout          theta            phi      intensity
  2376          14.31          69.00         287.50      3.5924075
   99.00% of job   1 of   1 completed.

number           kout          theta            phi      intensity
  2377          14.31          69.00         290.50      3.0492904
   99.04% of job   1 of   1 completed.

number           kout          theta            phi      intensity
  2378          14.31          69.00         293.50      2.5922434
   99.08% of job   1 of   1 completed.

number           kout          theta            phi      intensity
  2379          14.31          69.00         296.50      2.6542652
   99.12% of job   1 of   1 completed.

number           kout          theta            phi      intensity
  2380          14.31          69.00         299.50      2.2742801
   99.17% of job   1 of   1 completed.

number           kout          theta            phi      intensity
  2381          14.31          69.00         302.50      1.7616938
   99.21% of job   1 of   1 completed.

number           kout          theta            phi      intensity
  2382          14.31          69.00         305.50      1.9803276
   99.25% of job   1 of   1 completed.

number           kout          theta            phi      intensity
  2383          14.31          69.00         308.50      2.5734737
   99.29% of job   1 of   1 completed.

number           kout          theta            phi      intensity
  2384          14.31          69.00         311.50      3.3861506
   99.33% of job   1 of   1 completed.

number           kout          theta            phi      intensity
  2385          14.31          69.00         314.50      3.9496069
   99.38% of job   1 of   1 completed.

number           kout          theta            phi      intensity
  2386          14.31          69.00         317.50      3.6194084
   99.42% of job   1 of   1 completed.

number           kout          theta            phi      intensity
  2387          14.31          69.00         320.50      2.7768087
   99.46% of job   1 of   1 completed.

number           kout          theta            phi      intensity
  2388          14.31          69.00         323.50      2.4546125
   99.50% of job   1 of   1 completed.

number           kout          theta            phi      intensity
  2389          14.31          69.00         326.50      2.0011232
   99.54% of job   1 of   1 completed.

number           kout          theta            phi      intensity
  2390          14.31          69.00         329.50      2.2315388
   99.58% of job   1 of   1 completed.

number           kout          theta            phi      intensity
  2391          14.31          69.00         332.50      2.7646787
   99.62% of job   1 of   1 completed.

number           kout          theta            phi      intensity
  2392          14.31          69.00         335.50      2.7828772
   99.67% of job   1 of   1 completed.

number           kout          theta            phi      intensity
  2393          14.31          69.00         338.50      2.9132392
   99.71% of job   1 of   1 completed.

number           kout          theta            phi      intensity
  2394          14.31          69.00         341.50      3.9040821
   99.75% of job   1 of   1 completed.

number           kout          theta            phi      intensity
  2395          14.31          69.00         344.50      4.9867635
   99.79% of job   1 of   1 completed.

number           kout          theta            phi      intensity
  2396          14.31          69.00         347.50      3.6446238
   99.83% of job   1 of   1 completed.

number           kout          theta            phi      intensity
  2397          14.31          69.00         350.50      2.8197563
   99.88% of job   1 of   1 completed.

number           kout          theta            phi      intensity
  2398          14.31          69.00         353.50      3.1319056
   99.92% of job   1 of   1 completed.

number           kout          theta            phi      intensity
  2399          14.31          69.00         356.50      3.0446384
   99.96% of job   1 of   1 completed.

number           kout          theta            phi      intensity
  2400          14.31          69.00         359.50      3.9368951
  100.00% of job   1 of   1 completed.

job   1 of   1 completed, factors =    0.6404   0.7680

_____________________________________
 Job report

   1   gw/iron_p27_1.in
       result saved in file gw/iron_p27_1.out

_____________________________________
 Job report saved in file mscdout.txt
 Messages saved in file mscdlist.txt

Program terminated normally
