   223    26     0     datakind beginning-row multi-curves
-----------------------------------------------------------------
Calculation of photoelectron diffraction and dichroism
MSCD Parallel  Version 1.37 Yufeng Chen and Michel A Van Hove
Lawrence Berkeley National Laboratory (LBNL), Berkeley, CA 94720
Copyright (c) Van Hove Group 1997-1998. All rights reserved
-----------------------------------------------------------------
 angle-resolved photoemission extended fine structure (ARPEFS)
 multiple scattering calculation of Ga2O3(100)
 calculated by Yosef (UFJ-PPGCAS) on Aug  6, 2026

   initial angular momentum (li) = 0   msorder=  6   raorder= 4
   photon polarization angle (polar,azimuth) =(   0.0   0.0 ) (deg)

   radius, depth and lattice constant=  12.0,  20.0 and   3.04 angstrom
   cluster size= 316 atoms and spacings=  1.43  1.82  1.70  1.55 angs
   inner potential=  0.0 V  debye and sample temperature= 105, 300 K
   number of valence electrons=  24     bandgap energy=   4.70 eV
   density of bulk=   5.88 g/cm3     molecular weight= 187.44 amu
   effective weight for kind 1-3 =   55.8   69.7   16.0 amu
   half aperture angle=    3.0 deg            pathcut=     0.0010

   photoemission azimuthal scan curves
     parameters: curve point theta phi weightc weighte
     columns: phi intensity background chical chiexp
    20  2400    1   20  120 2400  ncurve npoint nk ntheta nphi nangle
   1   120  14.31   12.0    1.0    0.0   ----------------------------
    2.5    2.7599e+00    2.7325e+00    1.0033e-02   -2.6072e-02
    5.5    2.7578e+00    2.7325e+00    9.2647e-03   -6.9412e-02
    8.5    2.7318e+00    2.7325e+00   -2.5427e-04   -5.8235e-03
   11.5    2.7250e+00    2.7325e+00   -2.7404e-03   -5.1093e-02
   14.5    2.7038e+00    2.7325e+00   -1.0515e-02    5.2910e-03
   17.5    2.7059e+00    2.7325e+00   -9.7196e-03   -2.1060e-02
   20.5    2.7041e+00    2.7325e+00   -1.0410e-02   -2.9163e-03
   23.5    2.7329e+00    2.7325e+00    1.3685e-04    3.4551e-02
   26.5    2.7161e+00    2.7325e+00   -6.0211e-03    4.0686e-02
   29.5    2.7597e+00    2.7325e+00    9.9587e-03    1.2766e-02
   32.5    2.7800e+00    2.7325e+00    1.7369e-02    4.3460e-02
   35.5    2.8223e+00    2.7325e+00    3.2878e-02    4.5645e-02
   38.5    2.8487e+00    2.7325e+00    4.2513e-02    8.6609e-02
   41.5    2.8695e+00    2.7325e+00    5.0123e-02    3.8164e-03
   44.5    2.8780e+00    2.7325e+00    5.3240e-02    8.9904e-02
   47.5    2.8780e+00    2.7325e+00    5.3230e-02    2.5472e-02
   50.5    2.8709e+00    2.7325e+00    5.0640e-02    2.6058e-02
   53.5    2.8593e+00    2.7325e+00    4.6398e-02    2.6541e-02
   56.5    2.8487e+00    2.7325e+00    4.2508e-02   -3.8696e-02
   59.5    2.8151e+00    2.7325e+00    3.0232e-02    3.4664e-02
   62.5    2.7944e+00    2.7325e+00    2.2666e-02   -2.2985e-02
   65.5    2.7732e+00    2.7325e+00    1.4884e-02   -2.1568e-02
   68.5    2.7474e+00    2.7325e+00    5.4663e-03    1.1815e-02
   71.5    2.7065e+00    2.7325e+00   -9.5168e-03    1.7354e-02
   74.5    2.6407e+00    2.7325e+00   -3.3589e-02   -6.3473e-02
   77.5    2.5819e+00    2.7325e+00   -5.5129e-02    3.4109e-02
   80.5    2.5290e+00    2.7325e+00   -7.4468e-02   -1.4482e-02
   83.5    2.4576e+00    2.7325e+00   -1.0059e-01   -7.2249e-02
   86.5    2.4785e+00    2.7325e+00   -9.2972e-02   -6.2121e-02
   89.5    2.4525e+00    2.7325e+00   -1.0247e-01   -7.2666e-02
   92.5    2.4120e+00    2.7325e+00   -1.1730e-01   -2.6072e-02
   95.5    2.4314e+00    2.7325e+00   -1.1020e-01   -6.9412e-02
   98.5    2.4348e+00    2.7325e+00   -1.0894e-01   -5.8236e-03
  101.5    2.5075e+00    2.7325e+00   -8.2351e-02   -5.1093e-02
  104.5    2.5598e+00    2.7325e+00   -6.3211e-02    5.2910e-03
  107.5    2.6218e+00    2.7325e+00   -4.0521e-02   -2.1060e-02
  110.5    2.7027e+00    2.7325e+00   -1.0894e-02   -2.9163e-03
  113.5    2.7857e+00    2.7325e+00    1.9484e-02    3.4551e-02
  116.5    2.8822e+00    2.7325e+00    5.4765e-02    4.0686e-02
  119.5    2.9752e+00    2.7325e+00    8.8830e-02    1.2766e-02
  122.5    3.0654e+00    2.7325e+00    1.2183e-01    4.3460e-02
  125.5    3.1447e+00    2.7325e+00    1.5085e-01    4.5645e-02
  128.5    3.2147e+00    2.7325e+00    1.7647e-01    8.6609e-02
  131.5    3.2678e+00    2.7325e+00    1.9588e-01    3.8164e-03
  134.5    3.2642e+00    2.7325e+00    1.9458e-01    8.9904e-02
  137.5    3.2273e+00    2.7325e+00    1.8107e-01    2.5472e-02
  140.5    3.1775e+00    2.7325e+00    1.6284e-01    2.6057e-02
  143.5    3.1191e+00    2.7325e+00    1.4147e-01    2.6541e-02
  146.5    3.0567e+00    2.7325e+00    1.1866e-01   -3.8696e-02
  149.5    2.9390e+00    2.7325e+00    7.5559e-02    3.4664e-02
  152.5    2.8426e+00    2.7325e+00    4.0277e-02   -2.2985e-02
  155.5    2.7897e+00    2.7325e+00    2.0923e-02   -2.1568e-02
  158.5    2.6852e+00    2.7325e+00   -1.7319e-02    1.1815e-02
  161.5    2.6396e+00    2.7325e+00   -3.3996e-02    1.7354e-02
  164.5    2.6005e+00    2.7325e+00   -4.8311e-02   -6.3473e-02
  167.5    2.6216e+00    2.7325e+00   -4.0570e-02    3.4109e-02
  170.5    2.6009e+00    2.7325e+00   -4.8178e-02   -1.4482e-02
  173.5    2.6267e+00    2.7325e+00   -3.8725e-02   -7.2249e-02
  176.5    2.6035e+00    2.7325e+00   -4.7198e-02   -6.2121e-02
  179.5    2.6299e+00    2.7325e+00   -3.7545e-02   -7.2666e-02
  182.5    2.6627e+00    2.7325e+00   -2.5556e-02   -2.6072e-02
  185.5    2.6199e+00    2.7325e+00   -4.1212e-02   -6.9412e-02
  188.5    2.6414e+00    2.7325e+00   -3.3331e-02   -5.8235e-03
  191.5    2.5855e+00    2.7325e+00   -5.3803e-02   -5.1093e-02
  194.5    2.5755e+00    2.7325e+00   -5.7471e-02    5.2910e-03
  197.5    2.5978e+00    2.7325e+00   -4.9291e-02   -2.1060e-02
  200.5    2.6184e+00    2.7325e+00   -4.1755e-02   -2.9163e-03
  203.5    2.6774e+00    2.7325e+00   -2.0154e-02    3.4551e-02
  206.5    2.7352e+00    2.7325e+00    9.8479e-04    4.0686e-02
  209.5    2.7911e+00    2.7325e+00    2.1429e-02    1.2766e-02
  212.5    2.8612e+00    2.7325e+00    4.7115e-02    4.3460e-02
  215.5    2.9607e+00    2.7325e+00    8.3506e-02    4.5645e-02
  218.5    3.0462e+00    2.7325e+00    1.1480e-01    8.6609e-02
  221.5    3.0849e+00    2.7325e+00    1.2897e-01    3.8164e-03
  224.5    3.1226e+00    2.7325e+00    1.4275e-01    8.9904e-02
  227.5    3.1287e+00    2.7325e+00    1.4499e-01    2.5472e-02
  230.5    3.1003e+00    2.7325e+00    1.3459e-01    2.6057e-02
  233.5    3.0565e+00    2.7325e+00    1.1855e-01    2.6541e-02
  236.5    2.9646e+00    2.7325e+00    8.4928e-02   -3.8696e-02
  239.5    2.8573e+00    2.7325e+00    4.5653e-02    3.4664e-02
  242.5    2.7759e+00    2.7325e+00    1.5891e-02   -2.2985e-02
  245.5    2.6959e+00    2.7325e+00   -1.3380e-02   -2.1568e-02
  248.5    2.6111e+00    2.7325e+00   -4.4432e-02    1.1815e-02
  251.5    2.5363e+00    2.7325e+00   -7.1803e-02    1.7354e-02
  254.5    2.4800e+00    2.7325e+00   -9.2393e-02   -6.3473e-02
  257.5    2.4042e+00    2.7325e+00   -1.2014e-01    3.4109e-02
  260.5    2.3708e+00    2.7325e+00   -1.3236e-01   -1.4482e-02
  263.5    2.3565e+00    2.7325e+00   -1.3761e-01   -7.2249e-02
  266.5    2.3375e+00    2.7325e+00   -1.4454e-01   -6.2121e-02
  269.5    2.3542e+00    2.7325e+00   -1.3846e-01   -7.2666e-02
  272.5    2.3595e+00    2.7325e+00   -1.3651e-01   -2.6072e-02
  275.5    2.3941e+00    2.7325e+00   -1.2383e-01   -6.9412e-02
  278.5    2.4287e+00    2.7325e+00   -1.1118e-01   -5.8236e-03
  281.5    2.4872e+00    2.7325e+00   -8.9762e-02   -5.1093e-02
  284.5    2.5386e+00    2.7325e+00   -7.0964e-02    5.2910e-03
  287.5    2.6075e+00    2.7325e+00   -4.5760e-02   -2.1060e-02
  290.5    2.6206e+00    2.7325e+00   -4.0960e-02   -2.9163e-03
  293.5    2.6535e+00    2.7325e+00   -2.8899e-02    3.4551e-02
  296.5    2.6754e+00    2.7325e+00   -2.0881e-02    4.0686e-02
  299.5    2.6939e+00    2.7325e+00   -1.4131e-02    1.2766e-02
  302.5    2.7224e+00    2.7325e+00   -3.7131e-03    4.3460e-02
  305.5    2.7283e+00    2.7325e+00   -1.5390e-03    4.5645e-02
  308.5    2.7521e+00    2.7325e+00    7.1615e-03    8.6609e-02
  311.5    2.7785e+00    2.7325e+00    1.6815e-02    3.8164e-03
  314.5    2.7830e+00    2.7325e+00    1.8474e-02    8.9904e-02
  317.5    2.7785e+00    2.7325e+00    1.6819e-02    2.5472e-02
  320.5    2.7620e+00    2.7325e+00    1.0777e-02    2.6057e-02
  323.5    2.7382e+00    2.7325e+00    2.0883e-03    2.6541e-02
  326.5    2.7010e+00    2.7325e+00   -1.1528e-02   -3.8696e-02
  329.5    2.6641e+00    2.7325e+00   -2.5016e-02    3.4664e-02
  332.5    2.6529e+00    2.7325e+00   -2.9149e-02   -2.2985e-02
  335.5    2.6574e+00    2.7325e+00   -2.7502e-02   -2.1568e-02
  338.5    2.6650e+00    2.7325e+00   -2.4701e-02    1.1815e-02
  341.5    2.6619e+00    2.7325e+00   -2.5833e-02    1.7354e-02
  344.5    2.7041e+00    2.7325e+00   -1.0387e-02   -6.3473e-02
  347.5    2.7116e+00    2.7325e+00   -7.6380e-03    3.4109e-02
  350.5    2.7397e+00    2.7325e+00    2.6460e-03   -1.4482e-02
  353.5    2.7405e+00    2.7325e+00    2.9216e-03   -7.2249e-02
  356.5    2.7626e+00    2.7325e+00    1.1014e-02   -6.2121e-02
  359.5    2.7688e+00    2.7325e+00    1.3297e-02   -7.2666e-02
   2   120  14.31   15.0    1.0    0.0   ----------------------------
    2.5    2.9749e+00    3.1559e+00   -5.7345e-02   -3.7186e-02
    5.5    2.9279e+00    3.1559e+00   -7.2237e-02   -5.7746e-02
    8.5    2.8981e+00    3.1559e+00   -8.1671e-02   -5.2607e-02
   11.5    2.8765e+00    3.1559e+00   -8.8518e-02   -2.1261e-02
   14.5    2.8232e+00    3.1559e+00   -1.0540e-01   -2.7727e-02
   17.5    2.8324e+00    3.1559e+00   -1.0250e-01   -1.1043e-01
   20.5    2.8903e+00    3.1559e+00   -8.4144e-02   -1.8209e-02
   23.5    2.9527e+00    3.1559e+00   -6.4381e-02   -7.4680e-02
   26.5    3.0459e+00    3.1559e+00   -3.4835e-02   -1.4535e-02
   29.5    3.1738e+00    3.1559e+00    5.6801e-03    2.7684e-02
   32.5    3.3304e+00    3.1559e+00    5.5321e-02    3.4802e-02
   35.5    3.4890e+00    3.1559e+00    1.0555e-01    1.8772e-01
   38.5    3.6227e+00    3.1559e+00    1.4793e-01    6.0492e-02
   41.5    3.7080e+00    3.1559e+00    1.7496e-01    4.4589e-02
   44.5    3.6820e+00    3.1559e+00    1.6672e-01    1.1565e-01
   47.5    3.6069e+00    3.1559e+00    1.4293e-01    9.4334e-02
   50.5    3.4928e+00    3.1559e+00    1.0676e-01    4.0112e-02
   53.5    3.3812e+00    3.1559e+00    7.1418e-02    1.1149e-01
   56.5    3.2446e+00    3.1559e+00    2.8110e-02    6.3044e-02
   59.5    3.1415e+00    3.1559e+00   -4.5509e-03    5.9340e-03
   62.5    3.0898e+00    3.1559e+00   -2.0931e-02   -3.2990e-02
   65.5    3.0110e+00    3.1559e+00   -4.5913e-02   -9.5569e-02
   68.5    3.0016e+00    3.1559e+00   -4.8869e-02   -1.0491e-01
   71.5    2.9454e+00    3.1559e+00   -6.6698e-02   -2.9579e-02
   74.5    2.8970e+00    3.1559e+00   -8.2030e-02    1.9377e-02
   77.5    2.8292e+00    3.1559e+00   -1.0350e-01   -5.5103e-02
   80.5    2.7817e+00    3.1559e+00   -1.1856e-01   -8.1431e-03
   83.5    2.7116e+00    3.1559e+00   -1.4076e-01   -2.8594e-02
   86.5    2.7146e+00    3.1559e+00   -1.3981e-01   -2.5071e-02
   89.5    2.6839e+00    3.1559e+00   -1.4956e-01   -1.0198e-02
   92.5    2.6011e+00    3.1559e+00   -1.7579e-01   -3.7186e-02
   95.5    2.5524e+00    3.1559e+00   -1.9121e-01   -5.7746e-02
   98.5    2.5577e+00    3.1559e+00   -1.8955e-01   -5.2607e-02
  101.5    2.5847e+00    3.1559e+00   -1.8098e-01   -2.1261e-02
  104.5    2.6426e+00    3.1559e+00   -1.6264e-01   -2.7727e-02
  107.5    2.7416e+00    3.1559e+00   -1.3125e-01   -1.1043e-01
  110.5    2.8791e+00    3.1559e+00   -8.7680e-02   -1.8209e-02
  113.5    3.0836e+00    3.1559e+00   -2.2887e-02   -7.4680e-02
  116.5    3.3001e+00    3.1559e+00    4.5698e-02   -1.4535e-02
  119.5    3.5085e+00    3.1559e+00    1.1173e-01    2.7684e-02
  122.5    3.8461e+00    3.1559e+00    2.1873e-01    3.4802e-02
  125.5    4.0836e+00    3.1559e+00    2.9398e-01    1.8772e-01
  128.5    4.2991e+00    3.1559e+00    3.6225e-01    6.0492e-02
  131.5    4.4837e+00    3.1559e+00    4.2076e-01    4.4589e-02
  134.5    4.5674e+00    3.1559e+00    4.4727e-01    1.1565e-01
  137.5    4.4853e+00    3.1559e+00    4.2128e-01    9.4334e-02
  140.5    4.3029e+00    3.1559e+00    3.6347e-01    4.0112e-02
  143.5    4.0240e+00    3.1559e+00    2.7509e-01    1.1149e-01
  146.5    3.6927e+00    3.1559e+00    1.7012e-01    6.3044e-02
  149.5    3.4158e+00    3.1559e+00    8.2367e-02    5.9340e-03
  152.5    3.1535e+00    3.1559e+00   -7.4965e-04   -3.2990e-02
  155.5    2.9599e+00    3.1559e+00   -6.2080e-02   -9.5569e-02
  158.5    2.8460e+00    3.1559e+00   -9.8179e-02   -1.0491e-01
  161.5    2.7268e+00    3.1559e+00   -1.3596e-01   -2.9579e-02
  164.5    2.6898e+00    3.1559e+00   -1.4768e-01    1.9377e-02
  167.5    2.7049e+00    3.1559e+00   -1.4290e-01   -5.5103e-02
  170.5    2.7333e+00    3.1559e+00   -1.3390e-01   -8.1432e-03
  173.5    2.7581e+00    3.1559e+00   -1.2605e-01   -2.8594e-02
  176.5    2.8305e+00    3.1559e+00   -1.0310e-01   -2.5071e-02
  179.5    2.8715e+00    3.1559e+00   -9.0112e-02   -1.0198e-02
  182.5    2.8712e+00    3.1559e+00   -9.0187e-02   -3.7186e-02
  185.5    2.8299e+00    3.1559e+00   -1.0327e-01   -5.7746e-02
  188.5    2.7884e+00    3.1559e+00   -1.1644e-01   -5.2607e-02
  191.5    2.7220e+00    3.1559e+00   -1.3748e-01   -2.1261e-02
  194.5    2.6530e+00    3.1559e+00   -1.5933e-01   -2.7727e-02
  197.5    2.7005e+00    3.1559e+00   -1.4428e-01   -1.1043e-01
  200.5    2.7473e+00    3.1559e+00   -1.2947e-01   -1.8209e-02
  203.5    2.8505e+00    3.1559e+00   -9.6751e-02   -7.4680e-02
  206.5    3.0040e+00    3.1559e+00   -4.8114e-02   -1.4535e-02
  209.5    3.1518e+00    3.1559e+00   -1.2761e-03    2.7684e-02
  212.5    3.4516e+00    3.1559e+00    9.3701e-02    3.4802e-02
  215.5    3.7282e+00    3.1559e+00    1.8137e-01    1.8772e-01
  218.5    4.0163e+00    3.1559e+00    2.7266e-01    6.0492e-02
  221.5    4.2426e+00    3.1559e+00    3.4435e-01    4.4589e-02
  224.5    4.3313e+00    3.1559e+00    3.7246e-01    1.1565e-01
  227.5    4.4036e+00    3.1559e+00    3.9538e-01    9.4334e-02
  230.5    4.3335e+00    3.1559e+00    3.7315e-01    4.0112e-02
  233.5    4.1391e+00    3.1559e+00    3.1157e-01    1.1149e-01
  236.5    3.9540e+00    3.1559e+00    2.5292e-01    6.3044e-02
  239.5    3.6832e+00    3.1559e+00    1.6711e-01    5.9340e-03
  242.5    3.3648e+00    3.1559e+00    6.6216e-02   -3.2990e-02
  245.5    3.1667e+00    3.1559e+00    3.4397e-03   -9.5569e-02
  248.5    2.9933e+00    3.1559e+00   -5.1511e-02   -1.0491e-01
  251.5    2.8047e+00    3.1559e+00   -1.1128e-01   -2.9579e-02
  254.5    2.6875e+00    3.1559e+00   -1.4842e-01    1.9377e-02
  257.5    2.6048e+00    3.1559e+00   -1.7462e-01   -5.5103e-02
  260.5    2.5479e+00    3.1559e+00   -1.9263e-01   -8.1432e-03
  263.5    2.5480e+00    3.1559e+00   -1.9263e-01   -2.8594e-02
  266.5    2.5553e+00    3.1559e+00   -1.9031e-01   -2.5071e-02
  269.5    2.5970e+00    3.1559e+00   -1.7709e-01   -1.0198e-02
  272.5    2.6770e+00    3.1559e+00   -1.5173e-01   -3.7186e-02
  275.5    2.6965e+00    3.1559e+00   -1.4555e-01   -5.7746e-02
  278.5    2.7264e+00    3.1559e+00   -1.3607e-01   -5.2607e-02
  281.5    2.7705e+00    3.1559e+00   -1.2210e-01   -2.1261e-02
  284.5    2.8589e+00    3.1559e+00   -9.4110e-02   -2.7727e-02
  287.5    2.8941e+00    3.1559e+00   -8.2931e-02   -1.1043e-01
  290.5    2.9285e+00    3.1559e+00   -7.2041e-02   -1.8209e-02
  293.5    2.9813e+00    3.1559e+00   -5.5325e-02   -7.4680e-02
  296.5    3.0066e+00    3.1559e+00   -4.7287e-02   -1.4535e-02
  299.5    3.0880e+00    3.1559e+00   -2.1506e-02    2.7684e-02
  302.5    3.1847e+00    3.1559e+00    9.1285e-03    3.4802e-02
  305.5    3.2883e+00    3.1559e+00    4.1980e-02    1.8772e-01
  308.5    3.3981e+00    3.1559e+00    7.6771e-02    6.0492e-02
  311.5    3.5452e+00    3.1559e+00    1.2338e-01    4.4589e-02
  314.5    3.6063e+00    3.1559e+00    1.4274e-01    1.1565e-01
  317.5    3.6182e+00    3.1559e+00    1.4649e-01    9.4334e-02
  320.5    3.5214e+00    3.1559e+00    1.1582e-01    4.0112e-02
  323.5    3.4121e+00    3.1559e+00    8.1186e-02    1.1149e-01
  326.5    3.2605e+00    3.1559e+00    3.3164e-02    6.3044e-02
  329.5    3.0717e+00    3.1559e+00   -2.6651e-02    5.9340e-03
  332.5    2.9718e+00    3.1559e+00   -5.8321e-02   -3.2990e-02
  335.5    2.8888e+00    3.1559e+00   -8.4623e-02   -9.5569e-02
  338.5    2.8360e+00    3.1559e+00   -1.0135e-01   -1.0491e-01
  341.5    2.8129e+00    3.1559e+00   -1.0866e-01   -2.9579e-02
  344.5    2.8091e+00    3.1559e+00   -1.0987e-01    1.9377e-02
  347.5    2.8610e+00    3.1559e+00   -9.3427e-02   -5.5103e-02
  350.5    2.9144e+00    3.1559e+00   -7.6514e-02   -8.1432e-03
  353.5    2.9610e+00    3.1559e+00   -6.1727e-02   -2.8594e-02
  356.5    2.9651e+00    3.1559e+00   -6.0447e-02   -2.5071e-02
  359.5    2.9892e+00    3.1559e+00   -5.2816e-02   -1.0198e-02
   3   120  14.31   18.0    1.0    0.0   ----------------------------
    2.5    3.5875e+00    3.7337e+00   -3.9139e-02    8.1901e-02
    5.5    3.4538e+00    3.7337e+00   -7.4965e-02   -1.3487e-01
    8.5    3.3003e+00    3.7337e+00   -1.1609e-01   -1.9490e-02
   11.5    3.1734e+00    3.7337e+00   -1.5007e-01   -4.3618e-02
   14.5    3.1130e+00    3.7337e+00   -1.6624e-01   -1.2907e-01
   17.5    3.0712e+00    3.7337e+00   -1.7744e-01   -8.4505e-02
   20.5    3.0931e+00    3.7337e+00   -1.7157e-01   -1.1420e-01
   23.5    3.1927e+00    3.7337e+00   -1.4488e-01   -5.7831e-02
   26.5    3.3325e+00    3.7337e+00   -1.0746e-01   -5.1457e-02
   29.5    3.5759e+00    3.7337e+00   -4.2252e-02   -4.0469e-02
   32.5    3.8783e+00    3.7337e+00    3.8746e-02    4.7675e-02
   35.5    4.2825e+00    3.7337e+00    1.4698e-01    1.0870e-01
   38.5    4.5611e+00    3.7337e+00    2.2162e-01    1.2886e-01
   41.5    4.7344e+00    3.7337e+00    2.6802e-01    4.1041e-02
   44.5    4.7335e+00    3.7337e+00    2.6778e-01    1.4355e-01
   47.5    4.5740e+00    3.7337e+00    2.2507e-01    7.5565e-02
   50.5    4.2893e+00    3.7337e+00    1.4882e-01    8.9868e-02
   53.5    3.9790e+00    3.7337e+00    6.5712e-02    9.2494e-02
   56.5    3.7114e+00    3.7337e+00   -5.9603e-03    5.9289e-02
   59.5    3.4754e+00    3.7337e+00   -6.9177e-02    1.6087e-02
   62.5    3.3842e+00    3.7337e+00   -9.3592e-02    2.5526e-02
   65.5    3.3794e+00    3.7337e+00   -9.4878e-02   -4.9077e-02
   68.5    3.3732e+00    3.7337e+00   -9.6560e-02   -6.3965e-02
   71.5    3.4464e+00    3.7337e+00   -7.6931e-02   -7.0068e-02
   74.5    3.4877e+00    3.7337e+00   -6.5877e-02   -1.5890e-03
   77.5    3.5184e+00    3.7337e+00   -5.7649e-02   -8.2457e-02
   80.5    3.5766e+00    3.7337e+00   -4.2079e-02   -1.0835e-02
   83.5    3.6112e+00    3.7337e+00   -3.2817e-02    4.0308e-02
   86.5    3.6772e+00    3.7337e+00   -1.5130e-02    8.0241e-02
   89.5    3.5925e+00    3.7337e+00   -3.7818e-02   -8.4597e-02
   92.5    3.4729e+00    3.7337e+00   -6.9841e-02    8.1901e-02
   95.5    3.3187e+00    3.7337e+00   -1.1114e-01   -1.3487e-01
   98.5    3.2027e+00    3.7337e+00   -1.4222e-01   -1.9490e-02
  101.5    3.1085e+00    3.7337e+00   -1.6743e-01   -4.3618e-02
  104.5    3.0722e+00    3.7337e+00   -1.7716e-01   -1.2907e-01
  107.5    3.1185e+00    3.7337e+00   -1.6477e-01   -8.4505e-02
  110.5    3.2109e+00    3.7337e+00   -1.4002e-01   -1.1420e-01
  113.5    3.3629e+00    3.7337e+00   -9.9319e-02   -5.7831e-02
  116.5    3.5284e+00    3.7337e+00   -5.4993e-02   -5.1457e-02
  119.5    3.8196e+00    3.7337e+00    2.3009e-02   -4.0469e-02
  122.5    4.2425e+00    3.7337e+00    1.3627e-01    4.7675e-02
  125.5    4.6908e+00    3.7337e+00    2.5634e-01    1.0870e-01
  128.5    5.1576e+00    3.7337e+00    3.8138e-01    1.2886e-01
  131.5    5.5236e+00    3.7337e+00    4.7941e-01    4.1041e-02
  134.5    5.7032e+00    3.7337e+00    5.2751e-01    1.4355e-01
  137.5    5.7125e+00    3.7337e+00    5.3000e-01    7.5565e-02
  140.5    5.2154e+00    3.7337e+00    3.9685e-01    8.9868e-02
  143.5    4.8180e+00    3.7337e+00    2.9041e-01    9.2494e-02
  146.5    4.2748e+00    3.7337e+00    1.4492e-01    5.9289e-02
  149.5    3.8056e+00    3.7337e+00    1.9272e-02    1.6087e-02
  152.5    3.4237e+00    3.7337e+00   -8.3036e-02    2.5526e-02
  155.5    3.2016e+00    3.7337e+00   -1.4251e-01   -4.9077e-02
  158.5    3.0575e+00    3.7337e+00   -1.8110e-01   -6.3965e-02
  161.5    2.9520e+00    3.7337e+00   -2.0936e-01   -7.0068e-02
  164.5    2.9475e+00    3.7337e+00   -2.1057e-01   -1.5891e-03
  167.5    2.9919e+00    3.7337e+00   -1.9866e-01   -8.2457e-02
  170.5    3.1770e+00    3.7337e+00   -1.4911e-01   -1.0835e-02
  173.5    3.3802e+00    3.7337e+00   -9.4673e-02    4.0308e-02
  176.5    3.5955e+00    3.7337e+00   -3.7000e-02    8.0241e-02
  179.5    3.7226e+00    3.7337e+00   -2.9753e-03   -8.4597e-02
  182.5    3.7115e+00    3.7337e+00   -5.9280e-03    8.1901e-02
  185.5    3.5430e+00    3.7337e+00   -5.1062e-02   -1.3487e-01
  188.5    3.2990e+00    3.7337e+00   -1.1643e-01   -1.9490e-02
  191.5    3.1371e+00    3.7337e+00   -1.5977e-01   -4.3618e-02
  194.5    2.9786e+00    3.7337e+00   -2.0224e-01   -1.2907e-01
  197.5    2.9241e+00    3.7337e+00   -2.1684e-01   -8.4505e-02
  200.5    2.9740e+00    3.7337e+00   -2.0346e-01   -1.1420e-01
  203.5    3.0918e+00    3.7337e+00   -1.7192e-01   -5.7831e-02
  206.5    3.2774e+00    3.7337e+00   -1.2220e-01   -5.1457e-02
  209.5    3.5419e+00    3.7337e+00   -5.1360e-02   -4.0469e-02
  212.5    3.9405e+00    3.7337e+00    5.5401e-02    4.7675e-02
  215.5    4.3793e+00    3.7337e+00    1.7292e-01    1.0870e-01
  218.5    4.9030e+00    3.7337e+00    3.1318e-01    1.2886e-01
  221.5    5.3838e+00    3.7337e+00    4.4196e-01    4.1041e-02
  224.5    5.5180e+00    3.7337e+00    4.7789e-01    1.4355e-01
  227.5    5.5311e+00    3.7337e+00    4.8142e-01    7.5565e-02
  230.5    5.3262e+00    3.7337e+00    4.2652e-01    8.9868e-02
  233.5    4.9546e+00    3.7337e+00    3.2700e-01    9.2494e-02
  236.5    4.5120e+00    3.7337e+00    2.0847e-01    5.9289e-02
  239.5    4.0467e+00    3.7337e+00    8.3835e-02    1.6087e-02
  242.5    3.6844e+00    3.7337e+00   -1.3199e-02    2.5526e-02
  245.5    3.4578e+00    3.7337e+00   -7.3880e-02   -4.9077e-02
  248.5    3.2738e+00    3.7337e+00   -1.2316e-01   -6.3965e-02
  251.5    3.1574e+00    3.7337e+00   -1.5435e-01   -7.0068e-02
  254.5    3.0722e+00    3.7337e+00   -1.7717e-01   -1.5891e-03
  257.5    3.0758e+00    3.7337e+00   -1.7620e-01   -8.2457e-02
  260.5    3.1234e+00    3.7337e+00   -1.6345e-01   -1.0835e-02
  263.5    3.2176e+00    3.7337e+00   -1.3823e-01    4.0308e-02
  266.5    3.2808e+00    3.7337e+00   -1.2129e-01    8.0241e-02
  269.5    3.4151e+00    3.7337e+00   -8.5338e-02   -8.4597e-02
  272.5    3.5259e+00    3.7337e+00   -5.5658e-02    8.1901e-02
  275.5    3.5315e+00    3.7337e+00   -5.4158e-02   -1.3487e-01
  278.5    3.5254e+00    3.7337e+00   -5.5777e-02   -1.9490e-02
  281.5    3.5436e+00    3.7337e+00   -5.0899e-02   -4.3618e-02
  284.5    3.5253e+00    3.7337e+00   -5.5803e-02   -1.2907e-01
  287.5    3.4715e+00    3.7337e+00   -7.0232e-02   -8.4505e-02
  290.5    3.4168e+00    3.7337e+00   -8.4876e-02   -1.1420e-01
  293.5    3.3817e+00    3.7337e+00   -9.4266e-02   -5.7831e-02
  296.5    3.4013e+00    3.7337e+00   -8.9019e-02   -5.1457e-02
  299.5    3.4975e+00    3.7337e+00   -6.3250e-02   -4.0469e-02
  302.5    3.6888e+00    3.7337e+00   -1.2031e-02    4.7675e-02
  305.5    3.9503e+00    3.7337e+00    5.8020e-02    1.0870e-01
  308.5    4.2157e+00    3.7337e+00    1.2911e-01    1.2886e-01
  311.5    4.5221e+00    3.7337e+00    2.1116e-01    4.1041e-02
  314.5    4.6652e+00    3.7337e+00    2.4948e-01    1.4355e-01
  317.5    4.5992e+00    3.7337e+00    2.3180e-01    7.5565e-02
  320.5    4.4566e+00    3.7337e+00    1.9361e-01    8.9868e-02
  323.5    4.1703e+00    3.7337e+00    1.1694e-01    9.2494e-02
  326.5    3.7662e+00    3.7337e+00    8.7012e-03    5.9289e-02
  329.5    3.4991e+00    3.7337e+00   -6.2821e-02    1.6087e-02
  332.5    3.2810e+00    3.7337e+00   -1.2125e-01    2.5526e-02
  335.5    3.1412e+00    3.7337e+00   -1.5868e-01   -4.9077e-02
  338.5    3.0719e+00    3.7337e+00   -1.7724e-01   -6.3965e-02
  341.5    3.0524e+00    3.7337e+00   -1.8248e-01   -7.0068e-02
  344.5    3.1012e+00    3.7337e+00   -1.6940e-01   -1.5890e-03
  347.5    3.2018e+00    3.7337e+00   -1.4245e-01   -8.2457e-02
  350.5    3.3445e+00    3.7337e+00   -1.0422e-01   -1.0835e-02
  353.5    3.5033e+00    3.7337e+00   -6.1701e-02    4.0308e-02
  356.5    3.6256e+00    3.7337e+00   -2.8942e-02    8.0241e-02
  359.5    3.6648e+00    3.7337e+00   -1.8443e-02   -8.4597e-02
   4   120  14.31   21.0    1.0    0.0   ----------------------------
    2.5    4.4750e+00    4.2620e+00    4.9964e-02    4.4625e-02
    5.5    4.2606e+00    4.2620e+00   -3.4469e-04    5.1575e-02
    8.5    3.9908e+00    4.2620e+00   -6.3643e-02    1.0474e-01
   11.5    3.8055e+00    4.2620e+00   -1.0713e-01    3.8326e-02
   14.5    3.6493e+00    4.2620e+00   -1.4376e-01   -1.0394e-01
   17.5    3.4838e+00    4.2620e+00   -1.8260e-01   -1.0590e-01
   20.5    3.4214e+00    4.2620e+00   -1.9724e-01   -9.6682e-02
   23.5    3.4288e+00    4.2620e+00   -1.9551e-01   -1.0832e-01
   26.5    3.5463e+00    4.2620e+00   -1.6793e-01   -7.2059e-02
   29.5    3.7300e+00    4.2620e+00   -1.2484e-01   -1.5881e-02
   32.5    4.0904e+00    4.2620e+00   -4.0284e-02   -1.8214e-02
   35.5    4.5750e+00    4.2620e+00    7.3426e-02    3.8247e-02
   38.5    5.0416e+00    4.2620e+00    1.8291e-01    2.8468e-02
   41.5    5.3186e+00    4.2620e+00    2.4791e-01    2.6470e-01
   44.5    5.4261e+00    4.2620e+00    2.7313e-01    1.2939e-01
   47.5    5.2396e+00    4.2620e+00    2.2936e-01    1.6990e-01
   50.5    4.8647e+00    4.2620e+00    1.4140e-01   -5.6686e-02
   53.5    4.4184e+00    4.2620e+00    3.6689e-02    1.2218e-01
   56.5    4.0397e+00    4.2620e+00   -5.2175e-02    5.5036e-02
   59.5    3.8170e+00    4.2620e+00   -1.0442e-01    1.1805e-02
   62.5    3.6796e+00    4.2620e+00   -1.3665e-01   -6.3883e-02
   65.5    3.7741e+00    4.2620e+00   -1.1448e-01   -2.6673e-01
   68.5    3.8783e+00    4.2620e+00   -9.0042e-02   -1.7943e-01
   71.5    4.0557e+00    4.2620e+00   -4.8427e-02   -1.0330e-01
   74.5    4.2613e+00    4.2620e+00   -1.6624e-04    2.9369e-02
   77.5    4.4417e+00    4.2620e+00    4.2145e-02    2.2041e-02
   80.5    4.5473e+00    4.2620e+00    6.6927e-02    2.4037e-02
   83.5    4.6647e+00    4.2620e+00    9.4463e-02   -2.2931e-02
   86.5    4.6821e+00    4.2620e+00    9.8557e-02    1.3834e-02
   89.5    4.6183e+00    4.2620e+00    8.3589e-02    5.7743e-02
   92.5    4.4548e+00    4.2620e+00    4.5227e-02    4.4625e-02
   95.5    4.2701e+00    4.2620e+00    1.8810e-03    5.1575e-02
   98.5    4.0347e+00    4.2620e+00   -5.3332e-02    1.0474e-01
  101.5    3.8655e+00    4.2620e+00   -9.3045e-02    3.8326e-02
  104.5    3.7795e+00    4.2620e+00   -1.1322e-01   -1.0394e-01
  107.5    3.6678e+00    4.2620e+00   -1.3942e-01   -1.0590e-01
  110.5    3.6583e+00    4.2620e+00   -1.4166e-01   -9.6682e-02
  113.5    3.6610e+00    4.2620e+00   -1.4101e-01   -1.0832e-01
  116.5    3.7424e+00    4.2620e+00   -1.2192e-01   -7.2059e-02
  119.5    3.9586e+00    4.2620e+00   -7.1205e-02   -1.5881e-02
  122.5    4.2875e+00    4.2620e+00    5.9791e-03   -1.8214e-02
  125.5    4.7209e+00    4.2620e+00    1.0766e-01    3.8247e-02
  128.5    5.3119e+00    4.2620e+00    2.4632e-01    2.8468e-02
  131.5    5.8199e+00    4.2620e+00    3.6552e-01    2.6470e-01
  134.5    6.1110e+00    4.2620e+00    4.3381e-01    1.2939e-01
  137.5    6.0908e+00    4.2620e+00    4.2908e-01    1.6990e-01
  140.5    5.6138e+00    4.2620e+00    3.1716e-01   -5.6686e-02
  143.5    5.0584e+00    4.2620e+00    1.8684e-01    1.2218e-01
  146.5    4.5250e+00    4.2620e+00    6.1693e-02    5.5036e-02
  149.5    4.0130e+00    4.2620e+00   -5.8431e-02    1.1805e-02
  152.5    3.6374e+00    4.2620e+00   -1.4656e-01   -6.3883e-02
  155.5    3.4244e+00    4.2620e+00   -1.9653e-01   -2.6673e-01
  158.5    3.3020e+00    4.2620e+00   -2.2526e-01   -1.7943e-01
  161.5    3.2668e+00    4.2620e+00   -2.3351e-01   -1.0330e-01
  164.5    3.4064e+00    4.2620e+00   -2.0076e-01    2.9369e-02
  167.5    3.6083e+00    4.2620e+00   -1.5338e-01    2.2041e-02
  170.5    3.9653e+00    4.2620e+00   -6.9634e-02    2.4037e-02
  173.5    4.4058e+00    4.2620e+00    3.3723e-02   -2.2931e-02
  176.5    4.8262e+00    4.2620e+00    1.3236e-01    1.3834e-02
  179.5    5.0033e+00    4.2620e+00    1.7392e-01    5.7743e-02
  182.5    4.9777e+00    4.2620e+00    1.6790e-01    4.4625e-02
  185.5    4.6896e+00    4.2620e+00    1.0033e-01    5.1575e-02
  188.5    4.2577e+00    4.2620e+00   -1.0250e-03    1.0474e-01
  191.5    3.8525e+00    4.2620e+00   -9.6090e-02    3.8326e-02
  194.5    3.4975e+00    4.2620e+00   -1.7939e-01   -1.0394e-01
  197.5    3.2921e+00    4.2620e+00   -2.2759e-01   -1.0590e-01
  200.5    3.2207e+00    4.2620e+00   -2.4434e-01   -9.6682e-02
  203.5    3.3150e+00    4.2620e+00   -2.2220e-01   -1.0832e-01
  206.5    3.4706e+00    4.2620e+00   -1.8570e-01   -7.2059e-02
  209.5    3.7575e+00    4.2620e+00   -1.1838e-01   -1.5881e-02
  212.5    4.1992e+00    4.2620e+00   -1.4744e-02   -1.8214e-02
  215.5    4.7717e+00    4.2620e+00    1.1958e-01    3.8247e-02
  218.5    5.3025e+00    4.2620e+00    2.4412e-01    2.8468e-02
  221.5    5.8714e+00    4.2620e+00    3.7759e-01    2.6470e-01
  224.5    6.0592e+00    4.2620e+00    4.2167e-01    1.2939e-01
  227.5    5.9974e+00    4.2620e+00    4.0716e-01    1.6990e-01
  230.5    5.6347e+00    4.2620e+00    3.2207e-01   -5.6686e-02
  233.5    5.1220e+00    4.2620e+00    2.0177e-01    1.2218e-01
  236.5    4.5561e+00    4.2620e+00    6.8983e-02    5.5036e-02
  239.5    4.0741e+00    4.2620e+00   -4.4091e-02    1.1805e-02
  242.5    3.8200e+00    4.2620e+00   -1.0372e-01   -6.3883e-02
  245.5    3.6831e+00    4.2620e+00   -1.3583e-01   -2.6673e-01
  248.5    3.6272e+00    4.2620e+00   -1.4897e-01   -1.7943e-01
  251.5    3.6562e+00    4.2620e+00   -1.4214e-01   -1.0330e-01
  254.5    3.7432e+00    4.2620e+00   -1.2173e-01    2.9369e-02
  257.5    3.7986e+00    4.2620e+00   -1.0873e-01    2.2041e-02
  260.5    3.9091e+00    4.2620e+00   -8.2810e-02    2.4037e-02
  263.5    4.0553e+00    4.2620e+00   -4.8504e-02   -2.2931e-02
  266.5    4.2916e+00    4.2620e+00    6.9233e-03    1.3834e-02
  269.5    4.4602e+00    4.2620e+00    4.6499e-02    5.7743e-02
  272.5    4.5967e+00    4.2620e+00    7.8530e-02    4.4625e-02
  275.5    4.5716e+00    4.2620e+00    7.2632e-02    5.1575e-02
  278.5    4.5450e+00    4.2620e+00    6.6381e-02    1.0474e-01
  281.5    4.4254e+00    4.2620e+00    3.8329e-02    3.8326e-02
  284.5    4.3131e+00    4.2620e+00    1.1976e-02   -1.0394e-01
  287.5    4.1160e+00    4.2620e+00   -3.4261e-02   -1.0590e-01
  290.5    3.9197e+00    4.2620e+00   -8.0318e-02   -9.6682e-02
  293.5    3.7843e+00    4.2620e+00   -1.1209e-01   -1.0832e-01
  296.5    3.6919e+00    4.2620e+00   -1.3378e-01   -7.2059e-02
  299.5    3.7410e+00    4.2620e+00   -1.2224e-01   -1.5881e-02
  302.5    3.9421e+00    4.2620e+00   -7.5078e-02   -1.8214e-02
  305.5    4.2938e+00    4.2620e+00    7.4549e-03    3.8247e-02
  308.5    4.7537e+00    4.2620e+00    1.1535e-01    2.8468e-02
  311.5    5.1302e+00    4.2620e+00    2.0369e-01    2.6470e-01
  314.5    5.2927e+00    4.2620e+00    2.4183e-01    1.2939e-01
  317.5    5.2100e+00    4.2620e+00    2.2243e-01    1.6990e-01
  320.5    4.9377e+00    4.2620e+00    1.5852e-01   -5.6686e-02
  323.5    4.5036e+00    4.2620e+00    5.6683e-02    1.2218e-01
  326.5    3.9614e+00    4.2620e+00   -7.0551e-02    5.5036e-02
  329.5    3.6513e+00    4.2620e+00   -1.4330e-01    1.1805e-02
  332.5    3.4582e+00    4.2620e+00   -1.8860e-01   -6.3883e-02
  335.5    3.3740e+00    4.2620e+00   -2.0835e-01   -2.6673e-01
  338.5    3.3621e+00    4.2620e+00   -2.1114e-01   -1.7943e-01
  341.5    3.4391e+00    4.2620e+00   -1.9308e-01   -1.0330e-01
  344.5    3.6231e+00    4.2620e+00   -1.4991e-01    2.9369e-02
  347.5    3.7920e+00    4.2620e+00   -1.1029e-01    2.2041e-02
  350.5    4.0313e+00    4.2620e+00   -5.4148e-02    2.4037e-02
  353.5    4.2897e+00    4.2620e+00    6.4865e-03   -2.2931e-02
  356.5    4.4758e+00    4.2620e+00    5.0141e-02    1.3834e-02
  359.5    4.5389e+00    4.2620e+00    6.4960e-02    5.7743e-02
   5   120  14.31   24.0    1.0    0.0   ----------------------------
    2.5    4.4828e+00    4.6523e+00   -3.6420e-02    3.5290e-02
    5.5    4.4190e+00    4.6523e+00   -5.0135e-02    5.5441e-02
    8.5    4.2840e+00    4.6523e+00   -7.9160e-02   -4.5980e-04
   11.5    4.1589e+00    4.6523e+00   -1.0605e-01    6.5262e-02
   14.5    4.0258e+00    4.6523e+00   -1.3466e-01   -3.7405e-03
   17.5    3.9356e+00    4.6523e+00   -1.5404e-01    1.4453e-02
   20.5    3.8613e+00    4.6523e+00   -1.7003e-01   -6.1124e-02
   23.5    3.9198e+00    4.6523e+00   -1.5745e-01   -7.6782e-02
   26.5    4.0534e+00    4.6523e+00   -1.2874e-01   -1.7650e-01
   29.5    4.2676e+00    4.6523e+00   -8.2678e-02   -1.5637e-02
   32.5    4.5956e+00    4.6523e+00   -1.2177e-02   -2.8553e-02
   35.5    5.0267e+00    4.6523e+00    8.0470e-02    1.7394e-02
   38.5    5.5002e+00    4.6523e+00    1.8225e-01    1.1598e-01
   41.5    5.9170e+00    4.6523e+00    2.7184e-01    9.9933e-02
   44.5    6.1734e+00    4.6523e+00    3.2697e-01    1.0927e-01
   47.5    5.9946e+00    4.6523e+00    2.8854e-01    1.3677e-01
   50.5    5.6072e+00    4.6523e+00    2.0525e-01    8.3328e-02
   53.5    5.1717e+00    4.6523e+00    1.1164e-01    1.7271e-01
   56.5    4.7288e+00    4.6523e+00    1.6442e-02   -4.9968e-02
   59.5    4.3841e+00    4.6523e+00   -5.7637e-02   -8.3180e-02
   62.5    4.1192e+00    4.6523e+00   -1.1458e-01   -1.4129e-02
   65.5    4.0636e+00    4.6523e+00   -1.2654e-01   -9.0024e-02
   68.5    4.0343e+00    4.6523e+00   -1.3283e-01   -9.7565e-02
   71.5    4.1148e+00    4.6523e+00   -1.1552e-01   -5.6866e-02
   74.5    4.2823e+00    4.6523e+00   -7.9533e-02    9.2160e-03
   77.5    4.4608e+00    4.6523e+00   -4.1151e-02   -1.9128e-01
   80.5    4.6743e+00    4.6523e+00    4.7414e-03    6.9148e-02
   83.5    4.7254e+00    4.6523e+00    1.5716e-02   -6.8656e-02
   86.5    4.8197e+00    4.6523e+00    3.5988e-02   -3.9158e-03
   89.5    4.8516e+00    4.6523e+00    4.2839e-02    3.5102e-02
   92.5    4.7807e+00    4.6523e+00    2.7602e-02    3.5290e-02
   95.5    4.6086e+00    4.6523e+00   -9.3809e-03    5.5441e-02
   98.5    4.4865e+00    4.6523e+00   -3.5631e-02   -4.5980e-04
  101.5    4.3208e+00    4.6523e+00   -7.1255e-02    6.5262e-02
  104.5    4.0623e+00    4.6523e+00   -1.2681e-01   -3.7405e-03
  107.5    3.9328e+00    4.6523e+00   -1.5466e-01    1.4453e-02
  110.5    3.9238e+00    4.6523e+00   -1.5659e-01   -6.1124e-02
  113.5    4.0210e+00    4.6523e+00   -1.3569e-01   -7.6782e-02
  116.5    4.1441e+00    4.6523e+00   -1.0924e-01   -1.7650e-01
  119.5    4.4482e+00    4.6523e+00   -4.3863e-02   -1.5637e-02
  122.5    4.8663e+00    4.6523e+00    4.5994e-02   -2.8553e-02
  125.5    5.3219e+00    4.6523e+00    1.4394e-01    1.7394e-02
  128.5    5.8791e+00    4.6523e+00    2.6371e-01    1.1598e-01
  131.5    6.3247e+00    4.6523e+00    3.5948e-01    9.9933e-02
  134.5    6.6203e+00    4.6523e+00    4.2303e-01    1.0927e-01
  137.5    6.5651e+00    4.6523e+00    4.1116e-01    1.3677e-01
  140.5    6.1552e+00    4.6523e+00    3.2305e-01    8.3328e-02
  143.5    5.5634e+00    4.6523e+00    1.9583e-01    1.7271e-01
  146.5    5.0150e+00    4.6523e+00    7.7960e-02   -4.9968e-02
  149.5    4.4618e+00    4.6523e+00   -4.0938e-02   -8.3180e-02
  152.5    4.0530e+00    4.6523e+00   -1.2882e-01   -1.4129e-02
  155.5    3.7806e+00    4.6523e+00   -1.8738e-01   -9.0024e-02
  158.5    3.5606e+00    4.6523e+00   -2.3466e-01   -9.7565e-02
  161.5    3.5294e+00    4.6523e+00   -2.4137e-01   -5.6866e-02
  164.5    3.6455e+00    4.6523e+00   -2.1641e-01    9.2160e-03
  167.5    3.8852e+00    4.6523e+00   -1.6488e-01   -1.9128e-01
  170.5    4.2872e+00    4.6523e+00   -7.8481e-02    6.9148e-02
  173.5    4.7227e+00    4.6523e+00    1.5140e-02   -6.8656e-02
  176.5    5.0179e+00    4.6523e+00    7.8591e-02   -3.9158e-03
  179.5    5.1946e+00    4.6523e+00    1.1657e-01    3.5102e-02
  182.5    5.1536e+00    4.6523e+00    1.0776e-01    3.5290e-02
  185.5    4.9161e+00    4.6523e+00    5.6706e-02    5.5441e-02
  188.5    4.5643e+00    4.6523e+00   -1.8914e-02   -4.5980e-04
  191.5    4.0999e+00    4.6523e+00   -1.1872e-01    6.5262e-02
  194.5    3.7236e+00    4.6523e+00   -1.9962e-01   -3.7405e-03
  197.5    3.5270e+00    4.6523e+00   -2.4189e-01    1.4453e-02
  200.5    3.4460e+00    4.6523e+00   -2.5929e-01   -6.1124e-02
  203.5    3.5888e+00    4.6523e+00   -2.2860e-01   -7.6782e-02
  206.5    3.8205e+00    4.6523e+00   -1.7880e-01   -1.7650e-01
  209.5    4.2043e+00    4.6523e+00   -9.6289e-02   -1.5637e-02
  212.5    4.6949e+00    4.6523e+00    9.1573e-03   -2.8553e-02
  215.5    5.2716e+00    4.6523e+00    1.3313e-01    1.7394e-02
  218.5    5.8868e+00    4.6523e+00    2.6536e-01    1.1598e-01
  221.5    6.3911e+00    4.6523e+00    3.7375e-01    9.9933e-02
  224.5    6.6777e+00    4.6523e+00    4.3536e-01    1.0927e-01
  227.5    6.5838e+00    4.6523e+00    4.1517e-01    1.3677e-01
  230.5    6.1962e+00    4.6523e+00    3.3186e-01    8.3328e-02
  233.5    5.6989e+00    4.6523e+00    2.2497e-01    1.7271e-01
  236.5    5.1137e+00    4.6523e+00    9.9184e-02   -4.9968e-02
  239.5    4.6060e+00    4.6523e+00   -9.9515e-03   -8.3180e-02
  242.5    4.2416e+00    4.6523e+00   -8.8275e-02   -1.4129e-02
  245.5    4.0821e+00    4.6523e+00   -1.2256e-01   -9.0024e-02
  248.5    3.9524e+00    4.6523e+00   -1.5045e-01   -9.7565e-02
  251.5    3.9501e+00    4.6523e+00   -1.5092e-01   -5.6866e-02
  254.5    3.9957e+00    4.6523e+00   -1.4112e-01    9.2160e-03
  257.5    4.1420e+00    4.6523e+00   -1.0969e-01   -1.9128e-01
  260.5    4.3750e+00    4.6523e+00   -5.9612e-02    6.9148e-02
  263.5    4.4826e+00    4.6523e+00   -3.6465e-02   -6.8656e-02
  266.5    4.6377e+00    4.6523e+00   -3.1437e-03   -3.9158e-03
  269.5    4.7374e+00    4.6523e+00    1.8292e-02    3.5102e-02
  272.5    4.7840e+00    4.6523e+00    2.8322e-02    3.5290e-02
  275.5    4.7017e+00    4.6523e+00    1.0619e-02    5.5441e-02
  278.5    4.6651e+00    4.6523e+00    2.7508e-03   -4.5980e-04
  281.5    4.5488e+00    4.6523e+00   -2.2246e-02    6.5262e-02
  284.5    4.3349e+00    4.6523e+00   -6.8230e-02   -3.7404e-03
  287.5    4.1759e+00    4.6523e+00   -1.0240e-01    1.4453e-02
  290.5    4.0313e+00    4.6523e+00   -1.3347e-01   -6.1124e-02
  293.5    4.0187e+00    4.6523e+00   -1.3619e-01   -7.6782e-02
  296.5    4.0915e+00    4.6523e+00   -1.2054e-01   -1.7650e-01
  299.5    4.2580e+00    4.6523e+00   -8.4750e-02   -1.5637e-02
  302.5    4.5944e+00    4.6523e+00   -1.2442e-02   -2.8553e-02
  305.5    5.0226e+00    4.6523e+00    7.9595e-02    1.7394e-02
  308.5    5.5543e+00    4.6523e+00    1.9389e-01    1.1598e-01
  311.5    6.0012e+00    4.6523e+00    2.8995e-01    9.9933e-02
  314.5    6.1464e+00    4.6523e+00    3.2116e-01    1.0927e-01
  317.5    5.9578e+00    4.6523e+00    2.8061e-01    1.3677e-01
  320.5    5.5041e+00    4.6523e+00    1.8311e-01    8.3328e-02
  323.5    5.0047e+00    4.6523e+00    7.5746e-02    1.7271e-01
  326.5    4.5715e+00    4.6523e+00   -1.7360e-02   -4.9968e-02
  329.5    4.1804e+00    4.6523e+00   -1.0142e-01   -8.3180e-02
  332.5    3.9705e+00    4.6523e+00   -1.4655e-01   -1.4129e-02
  335.5    3.8277e+00    4.6523e+00   -1.7723e-01   -9.0024e-02
  338.5    3.8238e+00    4.6523e+00   -1.7808e-01   -9.7565e-02
  341.5    3.9256e+00    4.6523e+00   -1.5619e-01   -5.6866e-02
  344.5    4.0260e+00    4.6523e+00   -1.3462e-01    9.2160e-03
  347.5    4.1825e+00    4.6523e+00   -1.0099e-01   -1.9128e-01
  350.5    4.3573e+00    4.6523e+00   -6.3407e-02    6.9148e-02
  353.5    4.4027e+00    4.6523e+00   -5.3647e-02   -6.8656e-02
  356.5    4.4956e+00    4.6523e+00   -3.3669e-02   -3.9158e-03
  359.5    4.5219e+00    4.6523e+00   -2.8021e-02    3.5102e-02
   6   120  14.31   27.0    1.0    0.0   ----------------------------
    2.5    4.3204e+00    4.4038e+00   -1.8931e-02    1.6684e-01
    5.5    4.3443e+00    4.4038e+00   -1.3514e-02   -3.4013e-02
    8.5    4.3058e+00    4.4038e+00   -2.2259e-02   -1.0994e-01
   11.5    4.1708e+00    4.4038e+00   -5.2914e-02   -9.1780e-03
   14.5    4.0242e+00    4.4038e+00   -8.6201e-02    8.5048e-02
   17.5    3.9484e+00    4.4038e+00   -1.0342e-01   -9.4383e-03
   20.5    3.9216e+00    4.4038e+00   -1.0950e-01   -1.5728e-01
   23.5    4.1669e+00    4.4038e+00   -5.3797e-02   -5.6480e-02
   26.5    4.4253e+00    4.4038e+00    4.8835e-03   -2.4140e-02
   29.5    4.5773e+00    4.4038e+00    3.9389e-02   -2.5849e-02
   32.5    4.6614e+00    4.4038e+00    5.8484e-02   -4.0454e-02
   35.5    4.7762e+00    4.4038e+00    8.4552e-02    2.9356e-02
   38.5    5.0108e+00    4.4038e+00    1.3784e-01    8.9827e-02
   41.5    5.2390e+00    4.4038e+00    1.8965e-01    1.4574e-01
   44.5    5.4888e+00    4.4038e+00    2.4637e-01    5.2439e-02
   47.5    5.4226e+00    4.4038e+00    2.3134e-01    1.0520e-01
   50.5    5.1769e+00    4.4038e+00    1.7556e-01   -4.5707e-02
   53.5    4.8497e+00    4.4038e+00    1.0125e-01    1.2791e-01
   56.5    4.5228e+00    4.4038e+00    2.7024e-02   -2.5537e-03
   59.5    4.1945e+00    4.4038e+00   -4.7519e-02    2.8536e-02
   62.5    3.9735e+00    4.4038e+00   -9.7718e-02   -2.8970e-04
   65.5    3.7065e+00    4.4038e+00   -1.5835e-01   -1.3439e-01
   68.5    3.4512e+00    4.4038e+00   -2.1631e-01   -1.6228e-01
   71.5    3.4067e+00    4.4038e+00   -2.2643e-01   -2.8068e-01
   74.5    3.4839e+00    4.4038e+00   -2.0888e-01    7.4065e-02
   77.5    3.8119e+00    4.4038e+00   -1.3440e-01    4.5495e-02
   80.5    4.0075e+00    4.4038e+00   -9.0001e-02    6.7130e-02
   83.5    4.1762e+00    4.4038e+00   -5.1673e-02    6.4893e-02
   86.5    4.3621e+00    4.4038e+00   -9.4675e-03    1.6977e-02
   89.5    4.5534e+00    4.4038e+00    3.3980e-02   -4.9364e-03
   92.5    4.6009e+00    4.4038e+00    4.4753e-02    1.6684e-01
   95.5    4.5442e+00    4.4038e+00    3.1873e-02   -3.4013e-02
   98.5    4.4026e+00    4.4038e+00   -2.7221e-04   -1.0994e-01
  101.5    4.0126e+00    4.4038e+00   -8.8824e-02   -9.1780e-03
  104.5    3.6735e+00    4.4038e+00   -1.6582e-01    8.5048e-02
  107.5    3.4382e+00    4.4038e+00   -2.1927e-01   -9.4383e-03
  110.5    3.3577e+00    4.4038e+00   -2.3754e-01   -1.5728e-01
  113.5    3.6136e+00    4.4038e+00   -1.7943e-01   -5.6480e-02
  116.5    3.9793e+00    4.4038e+00   -9.6384e-02   -2.4140e-02
  119.5    4.3838e+00    4.4038e+00   -4.5375e-03   -2.5849e-02
  122.5    4.7828e+00    4.4038e+00    8.6065e-02   -4.0454e-02
  125.5    5.2710e+00    4.4038e+00    1.9693e-01    2.9356e-02
  128.5    5.5495e+00    4.4038e+00    2.6017e-01    8.9827e-02
  131.5    5.8243e+00    4.4038e+00    3.2256e-01    1.4574e-01
  134.5    5.9825e+00    4.4038e+00    3.5849e-01    5.2439e-02
  137.5    5.9597e+00    4.4038e+00    3.5330e-01    1.0520e-01
  140.5    5.6468e+00    4.4038e+00    2.8226e-01   -4.5707e-02
  143.5    5.3471e+00    4.4038e+00    2.1421e-01    1.2791e-01
  146.5    4.9163e+00    4.4038e+00    1.1638e-01   -2.5537e-03
  149.5    4.4974e+00    4.4038e+00    2.1255e-02    2.8536e-02
  152.5    4.0848e+00    4.4038e+00   -7.2427e-02   -2.8970e-04
  155.5    3.7267e+00    4.4038e+00   -1.5375e-01   -1.3439e-01
  158.5    3.3758e+00    4.4038e+00   -2.3343e-01   -1.6228e-01
  161.5    3.2678e+00    4.4038e+00   -2.5796e-01   -2.8068e-01
  164.5    3.3844e+00    4.4038e+00   -2.3149e-01    7.4065e-02
  167.5    3.6488e+00    4.4038e+00   -1.7145e-01    4.5495e-02
  170.5    4.0251e+00    4.4038e+00   -8.5990e-02    6.7130e-02
  173.5    4.3086e+00    4.4038e+00   -2.1615e-02    6.4893e-02
  176.5    4.5529e+00    4.4038e+00    3.3861e-02    1.6977e-02
  179.5    4.7062e+00    4.4038e+00    6.8660e-02   -4.9364e-03
  182.5    4.6490e+00    4.4038e+00    5.5681e-02    1.6684e-01
  185.5    4.4505e+00    4.4038e+00    1.0611e-02   -3.4013e-02
  188.5    4.1918e+00    4.4038e+00   -4.8145e-02   -1.0994e-01
  191.5    3.8018e+00    4.4038e+00   -1.3671e-01   -9.1780e-03
  194.5    3.5372e+00    4.4038e+00   -1.9679e-01    8.5048e-02
  197.5    3.3359e+00    4.4038e+00   -2.4249e-01   -9.4383e-03
  200.5    3.2995e+00    4.4038e+00   -2.5076e-01   -1.5728e-01
  203.5    3.5036e+00    4.4038e+00   -2.0442e-01   -5.6480e-02
  206.5    3.8206e+00    4.4038e+00   -1.3243e-01   -2.4140e-02
  209.5    4.2101e+00    4.4038e+00   -4.3988e-02   -2.5849e-02
  212.5    4.7297e+00    4.4038e+00    7.4009e-02   -4.0454e-02
  215.5    5.1393e+00    4.4038e+00    1.6703e-01    2.9356e-02
  218.5    5.5383e+00    4.4038e+00    2.5761e-01    8.9827e-02
  221.5    5.8001e+00    4.4038e+00    3.1707e-01    1.4574e-01
  224.5    6.0226e+00    4.4038e+00    3.6758e-01    5.2439e-02
  227.5    5.9939e+00    4.4038e+00    3.6108e-01    1.0520e-01
  230.5    5.7850e+00    4.4038e+00    3.1364e-01   -4.5707e-02
  233.5    5.4624e+00    4.4038e+00    2.4037e-01    1.2791e-01
  236.5    5.1137e+00    4.4038e+00    1.6121e-01   -2.5537e-03
  239.5    4.7018e+00    4.4038e+00    6.7662e-02    2.8536e-02
  242.5    4.2257e+00    4.4038e+00   -4.0439e-02   -2.8970e-04
  245.5    3.8442e+00    4.4038e+00   -1.2708e-01   -1.3439e-01
  248.5    3.5130e+00    4.4038e+00   -2.0228e-01   -1.6228e-01
  251.5    3.4274e+00    4.4038e+00   -2.2172e-01   -2.8068e-01
  254.5    3.6121e+00    4.4038e+00   -1.7977e-01    7.4065e-02
  257.5    3.8980e+00    4.4038e+00   -1.1486e-01    4.5495e-02
  260.5    4.2589e+00    4.4038e+00   -3.2899e-02    6.7130e-02
  263.5    4.4206e+00    4.4038e+00    3.8253e-03    6.4893e-02
  266.5    4.5591e+00    4.4038e+00    3.5270e-02    1.6977e-02
  269.5    4.5367e+00    4.4038e+00    3.0184e-02   -4.9363e-03
  272.5    4.3899e+00    4.4038e+00   -3.1540e-03    1.6684e-01
  275.5    4.2483e+00    4.4038e+00   -3.5305e-02   -3.4013e-02
  278.5    4.1169e+00    4.4038e+00   -6.5158e-02   -1.0994e-01
  281.5    3.8479e+00    4.4038e+00   -1.2624e-01   -9.1780e-03
  284.5    3.6486e+00    4.4038e+00   -1.7150e-01    8.5048e-02
  287.5    3.5185e+00    4.4038e+00   -2.0103e-01   -9.4383e-03
  290.5    3.4954e+00    4.4038e+00   -2.0627e-01   -1.5728e-01
  293.5    3.7352e+00    4.4038e+00   -1.5183e-01   -5.6480e-02
  296.5    3.9809e+00    4.4038e+00   -9.6023e-02   -2.4140e-02
  299.5    4.2813e+00    4.4038e+00   -2.7809e-02   -2.5849e-02
  302.5    4.5612e+00    4.4038e+00    3.5749e-02   -4.0454e-02
  305.5    4.8410e+00    4.4038e+00    9.9274e-02    2.9356e-02
  308.5    5.2614e+00    4.4038e+00    1.9475e-01    8.9827e-02
  311.5    5.4569e+00    4.4038e+00    2.3913e-01    1.4574e-01
  314.5    5.6220e+00    4.4038e+00    2.7662e-01    5.2439e-02
  317.5    5.4003e+00    4.4038e+00    2.2629e-01    1.0520e-01
  320.5    5.0864e+00    4.4038e+00    1.5499e-01   -4.5707e-02
  323.5    4.8421e+00    4.4038e+00    9.9532e-02    1.2791e-01
  326.5    4.7068e+00    4.4038e+00    6.8815e-02   -2.5537e-03
  329.5    4.5780e+00    4.4038e+00    3.9557e-02    2.8536e-02
  332.5    4.4032e+00    4.4038e+00   -1.3906e-04   -2.8970e-04
  335.5    4.2238e+00    4.4038e+00   -4.0873e-02   -1.3439e-01
  338.5    4.0135e+00    4.4038e+00   -8.8632e-02   -1.6228e-01
  341.5    3.9435e+00    4.4038e+00   -1.0452e-01   -2.8068e-01
  344.5    4.0216e+00    4.4038e+00   -8.6799e-02    7.4065e-02
  347.5    4.1771e+00    4.4038e+00   -5.1481e-02    4.5495e-02
  350.5    4.3233e+00    4.4038e+00   -1.8286e-02    6.7130e-02
  353.5    4.3585e+00    4.4038e+00   -1.0281e-02    6.4893e-02
  356.5    4.3053e+00    4.4038e+00   -2.2376e-02    1.6977e-02
  359.5    4.3390e+00    4.4038e+00   -1.4706e-02   -4.9364e-03
   7   120  14.31   30.0    1.0    0.0   ----------------------------
    2.5    3.8058e+00    3.7342e+00    1.9164e-02    5.9928e-02
    5.5    3.8297e+00    3.7342e+00    2.5559e-02    2.6863e-02
    8.5    3.7678e+00    3.7342e+00    8.9840e-03    1.5044e-02
   11.5    3.7629e+00    3.7342e+00    7.6747e-03    1.5985e-02
   14.5    3.6832e+00    3.7342e+00   -1.3676e-02    2.3939e-02
   17.5    3.6588e+00    3.7342e+00   -2.0205e-02   -5.8172e-03
   20.5    3.6896e+00    3.7342e+00   -1.1965e-02   -9.7462e-02
   23.5    3.7823e+00    3.7342e+00    1.2879e-02   -6.5997e-02
   26.5    3.9489e+00    3.7342e+00    5.7475e-02   -3.8987e-02
   29.5    4.0977e+00    3.7342e+00    9.7341e-02   -7.6004e-02
   32.5    4.2664e+00    3.7342e+00    1.4251e-01    5.8675e-02
   35.5    4.2938e+00    3.7342e+00    1.4984e-01    5.6816e-02
   38.5    4.1589e+00    3.7342e+00    1.1373e-01   -5.0996e-03
   41.5    4.2128e+00    3.7342e+00    1.2817e-01    1.6127e-01
   44.5    4.1786e+00    3.7342e+00    1.1900e-01    3.9648e-03
   47.5    4.1753e+00    3.7342e+00    1.1812e-01    8.4915e-02
   50.5    4.1062e+00    3.7342e+00    9.9614e-02    6.0295e-03
   53.5    3.9570e+00    3.7342e+00    5.9665e-02   -1.6770e-02
   56.5    3.7308e+00    3.7342e+00   -9.3305e-04   -3.9547e-02
   59.5    3.4973e+00    3.7342e+00   -6.3460e-02    6.8005e-02
   62.5    3.3836e+00    3.7342e+00   -9.3908e-02    3.0911e-02
   65.5    3.1882e+00    3.7342e+00   -1.4623e-01   -1.0932e-01
   68.5    3.0049e+00    3.7342e+00   -1.9530e-01   -3.8896e-02
   71.5    2.8931e+00    3.7342e+00   -2.2525e-01    1.5949e-02
   74.5    2.9458e+00    3.7342e+00   -2.1115e-01   -6.8585e-02
   77.5    3.1172e+00    3.7342e+00   -1.6524e-01   -8.3834e-02
   80.5    3.2835e+00    3.7342e+00   -1.2071e-01   -3.9462e-02
   83.5    3.5167e+00    3.7342e+00   -5.8270e-02    8.8500e-02
   86.5    3.6252e+00    3.7342e+00   -2.9194e-02    8.1466e-03
   89.5    3.7921e+00    3.7342e+00    1.5505e-02   -2.2590e-02
   92.5    3.7809e+00    3.7342e+00    1.2495e-02    5.9928e-02
   95.5    3.5901e+00    3.7342e+00   -3.8606e-02    2.6863e-02
   98.5    3.5534e+00    3.7342e+00   -4.8438e-02    1.5044e-02
  101.5    3.2622e+00    3.7342e+00   -1.2640e-01    1.5985e-02
  104.5    2.9753e+00    3.7342e+00   -2.0325e-01    2.3939e-02
  107.5    2.8132e+00    3.7342e+00   -2.4665e-01   -5.8172e-03
  110.5    2.7666e+00    3.7342e+00   -2.5914e-01   -9.7462e-02
  113.5    3.0556e+00    3.7342e+00   -1.8173e-01   -6.5997e-02
  116.5    3.2496e+00    3.7342e+00   -1.2978e-01   -3.8987e-02
  119.5    3.6077e+00    3.7342e+00   -3.3879e-02   -7.6004e-02
  122.5    4.0029e+00    3.7342e+00    7.1936e-02    5.8675e-02
  125.5    4.2282e+00    3.7342e+00    1.3229e-01    5.6816e-02
  128.5    4.3276e+00    3.7342e+00    1.5890e-01   -5.0996e-03
  131.5    4.3195e+00    3.7342e+00    1.5673e-01    1.6127e-01
  134.5    4.3733e+00    3.7342e+00    1.7114e-01    3.9648e-03
  137.5    4.4153e+00    3.7342e+00    1.8239e-01    8.4915e-02
  140.5    4.3750e+00    3.7342e+00    1.7158e-01    6.0294e-03
  143.5    4.3450e+00    3.7342e+00    1.6357e-01   -1.6770e-02
  146.5    4.1493e+00    3.7342e+00    1.1114e-01   -3.9547e-02
  149.5    3.8282e+00    3.7342e+00    2.5167e-02    6.8005e-02
  152.5    3.5907e+00    3.7342e+00   -3.8439e-02    3.0911e-02
  155.5    3.4420e+00    3.7342e+00   -7.8255e-02   -1.0932e-01
  158.5    3.3497e+00    3.7342e+00   -1.0297e-01   -3.8896e-02
  161.5    3.2970e+00    3.7342e+00   -1.1709e-01    1.5949e-02
  164.5    3.3455e+00    3.7342e+00   -1.0409e-01   -6.8585e-02
  167.5    3.4638e+00    3.7342e+00   -7.2427e-02   -8.3834e-02
  170.5    3.5979e+00    3.7342e+00   -3.6503e-02   -3.9462e-02
  173.5    3.6823e+00    3.7342e+00   -1.3918e-02    8.8500e-02
  176.5    3.9548e+00    3.7342e+00    5.9061e-02    8.1466e-03
  179.5    4.0906e+00    3.7342e+00    9.5434e-02   -2.2590e-02
  182.5    4.0784e+00    3.7342e+00    9.2151e-02    5.9928e-02
  185.5    3.8748e+00    3.7342e+00    3.7632e-02    2.6863e-02
  188.5    3.7052e+00    3.7342e+00   -7.7901e-03    1.5044e-02
  191.5    3.5094e+00    3.7342e+00   -6.0214e-02    1.5985e-02
  194.5    3.4275e+00    3.7342e+00   -8.2152e-02    2.3939e-02
  197.5    3.3679e+00    3.7342e+00   -9.8109e-02   -5.8172e-03
  200.5    3.3191e+00    3.7342e+00   -1.1118e-01   -9.7462e-02
  203.5    3.3737e+00    3.7342e+00   -9.6559e-02   -6.5997e-02
  206.5    3.5088e+00    3.7342e+00   -6.0384e-02   -3.8987e-02
  209.5    3.7331e+00    3.7342e+00   -3.0178e-04   -7.6004e-02
  212.5    4.0699e+00    3.7342e+00    8.9879e-02    5.8675e-02
  215.5    4.2562e+00    3.7342e+00    1.3976e-01    5.6816e-02
  218.5    4.4821e+00    3.7342e+00    2.0028e-01   -5.0996e-03
  221.5    4.4949e+00    3.7342e+00    2.0371e-01    1.6127e-01
  224.5    4.4629e+00    3.7342e+00    1.9512e-01    3.9648e-03
  227.5    4.5350e+00    3.7342e+00    2.1444e-01    8.4915e-02
  230.5    4.5252e+00    3.7342e+00    2.1180e-01    6.0295e-03
  233.5    4.5002e+00    3.7342e+00    2.0511e-01   -1.6770e-02
  236.5    4.3422e+00    3.7342e+00    1.6279e-01   -3.9547e-02
  239.5    3.9319e+00    3.7342e+00    5.2939e-02    6.8005e-02
  242.5    3.4632e+00    3.7342e+00   -7.2587e-02    3.0911e-02
  245.5    3.1011e+00    3.7342e+00   -1.6954e-01   -1.0932e-01
  248.5    2.8861e+00    3.7342e+00   -2.2712e-01   -3.8896e-02
  251.5    2.8074e+00    3.7342e+00   -2.4821e-01    1.5949e-02
  254.5    2.9490e+00    3.7342e+00   -2.1029e-01   -6.8585e-02
  257.5    3.1630e+00    3.7342e+00   -1.5298e-01   -8.3834e-02
  260.5    3.5078e+00    3.7342e+00   -6.0646e-02   -3.9462e-02
  263.5    3.6208e+00    3.7342e+00   -3.0368e-02    8.8500e-02
  266.5    3.8109e+00    3.7342e+00    2.0533e-02    8.1466e-03
  269.5    3.9048e+00    3.7342e+00    4.5671e-02   -2.2590e-02
  272.5    3.7977e+00    3.7342e+00    1.6981e-02    5.9928e-02
  275.5    3.5633e+00    3.7342e+00   -4.5784e-02    2.6863e-02
  278.5    3.3918e+00    3.7342e+00   -9.1691e-02    1.5044e-02
  281.5    3.1650e+00    3.7342e+00   -1.5243e-01    1.5985e-02
  284.5    3.0211e+00    3.7342e+00   -1.9097e-01    2.3939e-02
  287.5    2.9309e+00    3.7342e+00   -2.1514e-01   -5.8172e-03
  290.5    2.9489e+00    3.7342e+00   -2.1030e-01   -9.7462e-02
  293.5    3.1928e+00    3.7342e+00   -1.4500e-01   -6.5997e-02
  296.5    3.3768e+00    3.7342e+00   -9.5711e-02   -3.8987e-02
  299.5    3.6070e+00    3.7342e+00   -3.4083e-02   -7.6004e-02
  302.5    3.8310e+00    3.7342e+00    2.5923e-02    5.8675e-02
  305.5    4.1022e+00    3.7342e+00    9.8527e-02    5.6816e-02
  308.5    4.1806e+00    3.7342e+00    1.1953e-01   -5.0996e-03
  311.5    4.2873e+00    3.7342e+00    1.4811e-01    1.6127e-01
  314.5    4.3166e+00    3.7342e+00    1.5595e-01    3.9648e-03
  317.5    4.2392e+00    3.7342e+00    1.3522e-01    8.4915e-02
  320.5    4.3222e+00    3.7342e+00    1.5745e-01    6.0295e-03
  323.5    4.3152e+00    3.7342e+00    1.5557e-01   -1.6770e-02
  326.5    4.3852e+00    3.7342e+00    1.7432e-01   -3.9547e-02
  329.5    4.2102e+00    3.7342e+00    1.2745e-01    6.8005e-02
  332.5    3.9877e+00    3.7342e+00    6.7870e-02    3.0911e-02
  335.5    3.8799e+00    3.7342e+00    3.9011e-02   -1.0932e-01
  338.5    3.7078e+00    3.7342e+00   -7.0705e-03   -3.8896e-02
  341.5    3.7536e+00    3.7342e+00    5.1706e-03    1.5949e-02
  344.5    3.7482e+00    3.7342e+00    3.7390e-03   -6.8585e-02
  347.5    3.7548e+00    3.7342e+00    5.5133e-03   -8.3834e-02
  350.5    3.7790e+00    3.7342e+00    1.1995e-02   -3.9462e-02
  353.5    3.8431e+00    3.7342e+00    2.9140e-02    8.8500e-02
  356.5    3.7668e+00    3.7342e+00    8.7221e-03    8.1466e-03
  359.5    3.8037e+00    3.7342e+00    1.8598e-02   -2.2590e-02
   8   120  14.31   33.0    1.0    0.0   ----------------------------
    2.5    2.8915e+00    3.2081e+00   -9.8674e-02    9.9174e-02
    5.5    2.9330e+00    3.2081e+00   -8.5723e-02   -1.3314e-02
    8.5    3.0325e+00    3.2081e+00   -5.4711e-02    3.4060e-02
   11.5    3.1577e+00    3.2081e+00   -1.5689e-02    7.1731e-02
   14.5    3.2844e+00    3.2081e+00    2.3802e-02   -7.4360e-04
   17.5    3.3247e+00    3.2081e+00    3.6355e-02    4.1892e-02
   20.5    3.1567e+00    3.2081e+00   -1.5992e-02    3.2768e-03
   23.5    3.0017e+00    3.2081e+00   -6.4332e-02   -1.8577e-02
   26.5    2.9477e+00    3.2081e+00   -8.1169e-02   -1.1523e-02
   29.5    3.0358e+00    3.2081e+00   -5.3709e-02   -6.1671e-03
   32.5    3.3243e+00    3.2081e+00    3.6230e-02   -6.0570e-02
   35.5    3.5440e+00    3.2081e+00    1.0471e-01    2.8672e-02
   38.5    3.7725e+00    3.2081e+00    1.7593e-01   -2.8455e-02
   41.5    3.9634e+00    3.2081e+00    2.3546e-01    1.1636e-01
   44.5    3.9938e+00    3.2081e+00    2.4492e-01   -9.5204e-03
   47.5    3.8467e+00    3.2081e+00    1.9907e-01   -1.0461e-02
   50.5    3.5956e+00    3.2081e+00    1.2081e-01    9.7370e-02
   53.5    3.3751e+00    3.2081e+00    5.2067e-02   -4.6563e-02
   56.5    3.1385e+00    3.2081e+00   -2.1680e-02    3.4832e-03
   59.5    3.0551e+00    3.2081e+00   -4.7670e-02   -3.1143e-02
   62.5    3.0012e+00    3.2081e+00   -6.4473e-02   -7.8791e-02
   65.5    2.9385e+00    3.2081e+00   -8.4038e-02   -1.2084e-01
   68.5    2.9541e+00    3.2081e+00   -7.9154e-02    5.4353e-02
   71.5    2.8396e+00    3.2081e+00   -1.1485e-01   -1.0033e-01
   74.5    2.8082e+00    3.2081e+00   -1.2464e-01   -8.9643e-02
   77.5    2.8096e+00    3.2081e+00   -1.2419e-01    3.3389e-02
   80.5    2.9456e+00    3.2081e+00   -8.1799e-02   -1.5667e-02
   83.5    3.0644e+00    3.2081e+00   -4.4770e-02   -3.1007e-02
   86.5    3.1923e+00    3.2081e+00   -4.9151e-03    4.3139e-02
   89.5    3.2378e+00    3.2081e+00    9.2874e-03    7.3551e-02
   92.5    3.1289e+00    3.2081e+00   -2.4668e-02    9.9174e-02
   95.5    2.9791e+00    3.2081e+00   -7.1353e-02   -1.3314e-02
   98.5    2.8537e+00    3.2081e+00   -1.1047e-01    3.4060e-02
  101.5    2.7234e+00    3.2081e+00   -1.5106e-01    7.1731e-02
  104.5    2.7264e+00    3.2081e+00   -1.5013e-01   -7.4360e-04
  107.5    2.7377e+00    3.2081e+00   -1.4663e-01    4.1892e-02
  110.5    2.6662e+00    3.2081e+00   -1.6891e-01    3.2768e-03
  113.5    2.6418e+00    3.2081e+00   -1.7651e-01   -1.8577e-02
  116.5    2.7454e+00    3.2081e+00   -1.4423e-01   -1.1523e-02
  119.5    2.9487e+00    3.2081e+00   -8.0841e-02   -6.1671e-03
  122.5    3.1010e+00    3.2081e+00   -3.3364e-02   -6.0570e-02
  125.5    3.3105e+00    3.2081e+00    3.1932e-02    2.8672e-02
  128.5    3.4452e+00    3.2081e+00    7.3937e-02   -2.8455e-02
  131.5    3.5359e+00    3.2081e+00    1.0220e-01    1.1636e-01
  134.5    3.7536e+00    3.2081e+00    1.7005e-01   -9.5204e-03
  137.5    3.7714e+00    3.2081e+00    1.7561e-01   -1.0461e-02
  140.5    3.6780e+00    3.2081e+00    1.4650e-01    9.7370e-02
  143.5    3.5380e+00    3.2081e+00    1.0284e-01   -4.6563e-02
  146.5    3.3510e+00    3.2081e+00    4.4562e-02    3.4832e-03
  149.5    3.2345e+00    3.2081e+00    8.2489e-03   -3.1143e-02
  152.5    3.1161e+00    3.2081e+00   -2.8675e-02   -7.8791e-02
  155.5    3.2013e+00    3.2081e+00   -2.1135e-03   -1.2084e-01
  158.5    3.2956e+00    3.2081e+00    2.7290e-02    5.4353e-02
  161.5    3.4031e+00    3.2081e+00    6.0812e-02   -1.0033e-01
  164.5    3.3943e+00    3.2081e+00    5.8065e-02   -8.9643e-02
  167.5    3.2277e+00    3.2081e+00    6.1320e-03    3.3389e-02
  170.5    3.0882e+00    3.2081e+00   -3.7345e-02   -1.5667e-02
  173.5    3.0818e+00    3.2081e+00   -3.9347e-02   -3.1007e-02
  176.5    3.1751e+00    3.2081e+00   -1.0270e-02    4.3139e-02
  179.5    3.3082e+00    3.2081e+00    3.1229e-02    7.3551e-02
  182.5    3.2641e+00    3.2081e+00    1.7477e-02    9.9174e-02
  185.5    3.1207e+00    3.2081e+00   -2.7225e-02   -1.3314e-02
  188.5    3.1338e+00    3.2081e+00   -2.3156e-02    3.4060e-02
  191.5    3.1892e+00    3.2081e+00   -5.8652e-03    7.1731e-02
  194.5    3.3262e+00    3.2081e+00    3.6824e-02   -7.4360e-04
  197.5    3.4216e+00    3.2081e+00    6.6569e-02    4.1892e-02
  200.5    3.3615e+00    3.2081e+00    4.7839e-02    3.2768e-03
  203.5    3.2723e+00    3.2081e+00    2.0033e-02   -1.8577e-02
  206.5    3.1988e+00    3.2081e+00   -2.8995e-03   -1.1523e-02
  209.5    3.1232e+00    3.2081e+00   -2.6456e-02   -6.1671e-03
  212.5    3.2439e+00    3.2081e+00    1.1159e-02   -6.0570e-02
  215.5    3.5152e+00    3.2081e+00    9.5740e-02    2.8672e-02
  218.5    3.6287e+00    3.2081e+00    1.3113e-01   -2.8455e-02
  221.5    3.6724e+00    3.2081e+00    1.4475e-01    1.1636e-01
  224.5    3.7371e+00    3.2081e+00    1.6491e-01   -9.5204e-03
  227.5    3.6768e+00    3.2081e+00    1.4611e-01   -1.0461e-02
  230.5    3.5600e+00    3.2081e+00    1.0972e-01    9.7370e-02
  233.5    3.4285e+00    3.2081e+00    6.8727e-02   -4.6563e-02
  236.5    3.2665e+00    3.2081e+00    1.8228e-02    3.4832e-03
  239.5    3.0655e+00    3.2081e+00   -4.4442e-02   -3.1143e-02
  242.5    2.7680e+00    3.2081e+00   -1.3718e-01   -7.8791e-02
  245.5    2.6084e+00    3.2081e+00   -1.8694e-01   -1.2084e-01
  248.5    2.6568e+00    3.2081e+00   -1.7182e-01    5.4353e-02
  251.5    2.6947e+00    3.2081e+00   -1.6003e-01   -1.0033e-01
  254.5    2.7819e+00    3.2081e+00   -1.3283e-01   -8.9643e-02
  257.5    2.7187e+00    3.2081e+00   -1.5253e-01    3.3389e-02
  260.5    2.8694e+00    3.2081e+00   -1.0557e-01   -1.5667e-02
  263.5    3.0259e+00    3.2081e+00   -5.6788e-02   -3.1007e-02
  266.5    3.1892e+00    3.2081e+00   -5.8792e-03    4.3139e-02
  269.5    3.3154e+00    3.2081e+00    3.3456e-02    7.3551e-02
  272.5    3.3357e+00    3.2081e+00    3.9798e-02    9.9174e-02
  275.5    3.1492e+00    3.2081e+00   -1.8341e-02   -1.3314e-02
  278.5    2.9967e+00    3.2081e+00   -6.5872e-02    3.4060e-02
  281.5    2.8839e+00    3.2081e+00   -1.0105e-01    7.1731e-02
  284.5    2.8104e+00    3.2081e+00   -1.2396e-01   -7.4360e-04
  287.5    2.7952e+00    3.2081e+00   -1.2869e-01    4.1892e-02
  290.5    2.9264e+00    3.2081e+00   -8.7808e-02    3.2769e-03
  293.5    2.9702e+00    3.2081e+00   -7.4148e-02   -1.8577e-02
  296.5    3.0091e+00    3.2081e+00   -6.2023e-02   -1.1523e-02
  299.5    3.0790e+00    3.2081e+00   -4.0216e-02   -6.1671e-03
  302.5    3.2081e+00    3.2081e+00    3.0160e-05   -6.0570e-02
  305.5    3.4287e+00    3.2081e+00    6.8782e-02    2.8672e-02
  308.5    3.7022e+00    3.2081e+00    1.5404e-01   -2.8455e-02
  311.5    4.0094e+00    3.2081e+00    2.4980e-01    1.1636e-01
  314.5    4.1027e+00    3.2081e+00    2.7888e-01   -9.5204e-03
  317.5    4.0782e+00    3.2081e+00    2.7123e-01   -1.0461e-02
  320.5    3.9226e+00    3.2081e+00    2.2274e-01    9.7370e-02
  323.5    3.7425e+00    3.2081e+00    1.6659e-01   -4.6563e-02
  326.5    3.5595e+00    3.2081e+00    1.0955e-01    3.4832e-03
  329.5    3.2277e+00    3.2081e+00    6.1231e-03   -3.1143e-02
  332.5    3.0436e+00    3.2081e+00   -5.1249e-02   -7.8791e-02
  335.5    3.0313e+00    3.2081e+00   -5.5101e-02   -1.2084e-01
  338.5    3.1504e+00    3.2081e+00   -1.7970e-02    5.4353e-02
  341.5    3.3252e+00    3.2081e+00    3.6526e-02   -1.0033e-01
  344.5    3.3541e+00    3.2081e+00    4.5511e-02   -8.9643e-02
  347.5    3.1690e+00    3.2081e+00   -1.2187e-02    3.3389e-02
  350.5    3.0624e+00    3.2081e+00   -4.5410e-02   -1.5667e-02
  353.5    2.9367e+00    3.2081e+00   -8.4571e-02   -3.1007e-02
  356.5    2.8880e+00    3.2081e+00   -9.9752e-02    4.3139e-02
  359.5    2.9055e+00    3.2081e+00   -9.4304e-02    7.3551e-02
   9   120  14.31   36.0    1.0    0.0   ----------------------------
    2.5    2.9289e+00    3.0682e+00   -4.5407e-02    7.6999e-02
    5.5    3.1605e+00    3.0682e+00    3.0077e-02    6.2886e-02
    8.5    3.3126e+00    3.0682e+00    7.9660e-02    7.1405e-02
   11.5    3.2952e+00    3.0682e+00    7.3983e-02    4.0207e-02
   14.5    3.1585e+00    3.0682e+00    2.9444e-02    1.9122e-02
   17.5    3.0975e+00    3.0682e+00    9.5652e-03    3.0777e-03
   20.5    2.9970e+00    3.0682e+00   -2.3198e-02    3.0164e-03
   23.5    2.7101e+00    3.0682e+00   -1.1670e-01   -9.8356e-03
   26.5    2.3750e+00    3.0682e+00   -2.2593e-01   -3.4913e-02
   29.5    2.1980e+00    3.0682e+00   -2.8361e-01   -3.2160e-02
   32.5    2.3734e+00    3.0682e+00   -2.2643e-01   -5.9496e-02
   35.5    2.7287e+00    3.0682e+00   -1.1063e-01    5.2432e-03
   38.5    3.2583e+00    3.0682e+00    6.1958e-02   -1.8051e-02
   41.5    3.7496e+00    3.0682e+00    2.2209e-01    1.9452e-02
   44.5    4.1121e+00    3.0682e+00    3.4026e-01   -7.4026e-03
   47.5    3.7575e+00    3.0682e+00    2.2467e-01    4.3907e-02
   50.5    3.1637e+00    3.0682e+00    3.1120e-02    1.4283e-02
   53.5    2.7942e+00    3.0682e+00   -8.9304e-02   -6.9374e-02
   56.5    2.7411e+00    3.0682e+00   -1.0661e-01   -4.3068e-02
   59.5    2.6151e+00    3.0682e+00   -1.4765e-01   -1.4651e-01
   62.5    2.6666e+00    3.0682e+00   -1.3087e-01   -1.0294e-01
   65.5    2.8070e+00    3.0682e+00   -8.5119e-02   -6.5096e-02
   68.5    2.9115e+00    3.0682e+00   -5.1070e-02   -5.1851e-02
   71.5    2.8477e+00    3.0682e+00   -7.1869e-02   -2.6132e-02
   74.5    2.7489e+00    3.0682e+00   -1.0407e-01   -7.7837e-03
   77.5    3.0215e+00    3.0682e+00   -1.5216e-02    4.4889e-02
   80.5    3.5141e+00    3.0682e+00    1.4535e-01    6.8088e-02
   83.5    4.0177e+00    3.0682e+00    3.0948e-01    6.9398e-02
   86.5    4.0788e+00    3.0682e+00    3.2940e-01    8.6394e-02
   89.5    4.0692e+00    3.0682e+00    3.2625e-01    8.3109e-02
   92.5    3.9834e+00    3.0682e+00    2.9830e-01    7.6999e-02
   95.5    3.8702e+00    3.0682e+00    2.6141e-01    6.2886e-02
   98.5    3.6346e+00    3.0682e+00    1.8461e-01    7.1405e-02
  101.5    3.3563e+00    3.0682e+00    9.3923e-02    4.0207e-02
  104.5    3.0496e+00    3.0682e+00   -6.0490e-03    1.9122e-02
  107.5    2.9607e+00    3.0682e+00   -3.5034e-02    3.0777e-03
  110.5    2.7216e+00    3.0682e+00   -1.1297e-01    3.0164e-03
  113.5    2.7078e+00    3.0682e+00   -1.1744e-01   -9.8356e-03
  116.5    2.6385e+00    3.0682e+00   -1.4003e-01   -3.4913e-02
  119.5    2.6037e+00    3.0682e+00   -1.5138e-01   -3.2160e-02
  122.5    2.6622e+00    3.0682e+00   -1.3231e-01   -5.9496e-02
  125.5    2.7907e+00    3.0682e+00   -9.0426e-02    5.2432e-03
  128.5    2.8809e+00    3.0682e+00   -6.1038e-02   -1.8051e-02
  131.5    3.1355e+00    3.0682e+00    2.1929e-02    1.9452e-02
  134.5    3.2994e+00    3.0682e+00    7.5350e-02   -7.4026e-03
  137.5    3.1962e+00    3.0682e+00    4.1716e-02    4.3907e-02
  140.5    3.0008e+00    3.0682e+00   -2.1943e-02    1.4283e-02
  143.5    2.9491e+00    3.0682e+00   -3.8819e-02   -6.9374e-02
  146.5    2.8716e+00    3.0682e+00   -6.4068e-02   -4.3068e-02
  149.5    2.8197e+00    3.0682e+00   -8.0982e-02   -1.4651e-01
  152.5    2.8315e+00    3.0682e+00   -7.7131e-02   -1.0294e-01
  155.5    2.9259e+00    3.0682e+00   -4.6366e-02   -6.5096e-02
  158.5    2.9850e+00    3.0682e+00   -2.7113e-02   -5.1851e-02
  161.5    3.0699e+00    3.0682e+00    5.7161e-04   -2.6132e-02
  164.5    3.0620e+00    3.0682e+00   -2.0198e-03   -7.7837e-03
  167.5    3.1087e+00    3.0682e+00    1.3225e-02    4.4889e-02
  170.5    3.1923e+00    3.0682e+00    4.0457e-02    6.8088e-02
  173.5    3.3218e+00    3.0682e+00    8.2663e-02    6.9398e-02
  176.5    3.2986e+00    3.0682e+00    7.5099e-02    8.6394e-02
  179.5    3.3487e+00    3.0682e+00    9.1446e-02    8.3109e-02
  182.5    3.2605e+00    3.0682e+00    6.2677e-02    7.6999e-02
  185.5    3.3037e+00    3.0682e+00    7.6781e-02    6.2886e-02
  188.5    3.2968e+00    3.0682e+00    7.4525e-02    7.1405e-02
  191.5    3.1803e+00    3.0682e+00    3.6559e-02    4.0207e-02
  194.5    3.0988e+00    3.0682e+00    9.9678e-03    1.9122e-02
  197.5    3.1051e+00    3.0682e+00    1.2031e-02    3.0776e-03
  200.5    3.0617e+00    3.0682e+00   -2.1034e-03    3.0164e-03
  203.5    2.9678e+00    3.0682e+00   -3.2704e-02   -9.8356e-03
  206.5    2.8250e+00    3.0682e+00   -7.9269e-02   -3.4913e-02
  209.5    2.7225e+00    3.0682e+00   -1.1265e-01   -3.2160e-02
  212.5    2.7955e+00    3.0682e+00   -8.8860e-02   -5.9496e-02
  215.5    2.7872e+00    3.0682e+00   -9.1575e-02    5.2432e-03
  218.5    2.8486e+00    3.0682e+00   -7.1566e-02   -1.8051e-02
  221.5    3.0465e+00    3.0682e+00   -7.0754e-03    1.9452e-02
  224.5    3.2236e+00    3.0682e+00    5.0664e-02   -7.4026e-03
  227.5    3.1760e+00    3.0682e+00    3.5138e-02    4.3907e-02
  230.5    2.9433e+00    3.0682e+00   -4.0695e-02    1.4283e-02
  233.5    2.7492e+00    3.0682e+00   -1.0395e-01   -6.9374e-02
  236.5    2.6847e+00    3.0682e+00   -1.2499e-01   -4.3068e-02
  239.5    2.5859e+00    3.0682e+00   -1.5717e-01   -1.4651e-01
  242.5    2.5924e+00    3.0682e+00   -1.5505e-01   -1.0294e-01
  245.5    2.6467e+00    3.0682e+00   -1.3736e-01   -6.5096e-02
  248.5    2.6441e+00    3.0682e+00   -1.3821e-01   -5.1851e-02
  251.5    2.8043e+00    3.0682e+00   -8.5989e-02   -2.6132e-02
  254.5    2.9598e+00    3.0682e+00   -3.5323e-02   -7.7837e-03
  257.5    3.1478e+00    3.0682e+00    2.5958e-02    4.4889e-02
  260.5    3.4452e+00    3.0682e+00    1.2290e-01    6.8088e-02
  263.5    3.7401e+00    3.0682e+00    2.1901e-01    6.9398e-02
  266.5    3.8223e+00    3.0682e+00    2.4579e-01    8.6394e-02
  269.5    3.8879e+00    3.0682e+00    2.6717e-01    8.3109e-02
  272.5    3.8937e+00    3.0682e+00    2.6905e-01    7.6999e-02
  275.5    3.8627e+00    3.0682e+00    2.5895e-01    6.2886e-02
  278.5    3.5245e+00    3.0682e+00    1.4874e-01    7.1405e-02
  281.5    3.1209e+00    3.0682e+00    1.7170e-02    4.0207e-02
  284.5    2.7914e+00    3.0682e+00   -9.0203e-02    1.9122e-02
  287.5    2.7764e+00    3.0682e+00   -9.5107e-02    3.0777e-03
  290.5    2.8305e+00    3.0682e+00   -7.7468e-02    3.0164e-03
  293.5    2.7681e+00    3.0682e+00   -9.7801e-02   -9.8356e-03
  296.5    2.8005e+00    3.0682e+00   -8.7233e-02   -3.4913e-02
  299.5    2.6079e+00    3.0682e+00   -1.5000e-01   -3.2160e-02
  302.5    2.6551e+00    3.0682e+00   -1.3463e-01   -5.9496e-02
  305.5    2.8701e+00    3.0682e+00   -6.4547e-02    5.2432e-03
  308.5    3.3480e+00    3.0682e+00    9.1201e-02   -1.8051e-02
  311.5    3.6709e+00    3.0682e+00    1.9644e-01    1.9452e-02
  314.5    3.9960e+00    3.0682e+00    3.0241e-01   -7.4026e-03
  317.5    3.5938e+00    3.0682e+00    1.7131e-01    4.3907e-02
  320.5    3.2196e+00    3.0682e+00    4.9367e-02    1.4283e-02
  323.5    2.7179e+00    3.0682e+00   -1.1415e-01   -6.9374e-02
  326.5    2.3781e+00    3.0682e+00   -2.2491e-01   -4.3068e-02
  329.5    2.1461e+00    3.0682e+00   -3.0053e-01   -1.4651e-01
  332.5    2.2523e+00    3.0682e+00   -2.6593e-01   -1.0294e-01
  335.5    2.5995e+00    3.0682e+00   -1.5276e-01   -6.5096e-02
  338.5    2.9342e+00    3.0682e+00   -4.3671e-02   -5.1851e-02
  341.5    3.0955e+00    3.0682e+00    8.8981e-03   -2.6132e-02
  344.5    3.1733e+00    3.0682e+00    3.4277e-02   -7.7837e-03
  347.5    3.2518e+00    3.0682e+00    5.9862e-02    4.4889e-02
  350.5    3.2971e+00    3.0682e+00    7.4618e-02    6.8088e-02
  353.5    3.1937e+00    3.0682e+00    4.0902e-02    6.9398e-02
  356.5    2.9727e+00    3.0682e+00   -3.1116e-02    8.6394e-02
  359.5    2.9978e+00    3.0682e+00   -2.2922e-02    8.3109e-02
  10   120  14.31   39.0    1.0    0.0   ----------------------------
    2.5    3.9820e+00    3.5303e+00    1.2795e-01    1.5040e-01
    5.5    4.4199e+00    3.5303e+00    2.5197e-01    1.1731e-01
    8.5    4.4947e+00    3.5303e+00    2.7316e-01    1.5112e-01
   11.5    4.0963e+00    3.5303e+00    1.6031e-01    9.6057e-02
   14.5    3.6089e+00    3.5303e+00    2.2240e-02    1.0327e-02
   17.5    3.5076e+00    3.5303e+00   -6.4307e-03    3.3080e-02
   20.5    3.5483e+00    3.5303e+00    5.0747e-03    3.5195e-02
   23.5    3.1497e+00    3.5303e+00   -1.0781e-01   -1.3897e-02
   26.5    2.4468e+00    3.5303e+00   -3.0692e-01   -7.2200e-02
   29.5    2.0537e+00    3.5303e+00   -4.1828e-01   -8.6648e-02
   32.5    2.3006e+00    3.5303e+00   -3.4833e-01   -8.2499e-02
   35.5    2.8385e+00    3.5303e+00   -1.9596e-01   -6.5592e-02
   38.5    3.5590e+00    3.5303e+00    8.1308e-03   -9.3670e-02
   41.5    4.2934e+00    3.5303e+00    2.1615e-01   -6.2455e-02
   44.5    4.8638e+00    3.5303e+00    3.7772e-01    1.6491e-02
   47.5    4.4744e+00    3.5303e+00    2.6742e-01   -3.5221e-02
   50.5    3.7507e+00    3.5303e+00    6.2405e-02   -6.9452e-02
   53.5    3.0459e+00    3.5303e+00   -1.3724e-01   -8.0508e-02
   56.5    2.8365e+00    3.5303e+00   -1.9652e-01   -1.1455e-01
   59.5    2.4909e+00    3.5303e+00   -2.9442e-01   -1.5283e-01
   62.5    2.5428e+00    3.5303e+00   -2.7972e-01   -9.1812e-02
   65.5    2.7925e+00    3.5303e+00   -2.0900e-01   -2.8297e-02
   68.5    3.0294e+00    3.5303e+00   -1.4191e-01   -4.0590e-02
   71.5    2.9201e+00    3.5303e+00   -1.7287e-01    1.7504e-02
   74.5    2.9426e+00    3.5303e+00   -1.6648e-01   -1.4529e-02
   77.5    3.6775e+00    3.5303e+00    4.1680e-02    5.5620e-02
   80.5    4.7204e+00    3.5303e+00    3.3710e-01    1.0975e-01
   83.5    5.6361e+00    3.5303e+00    5.9648e-01    1.2664e-01
   86.5    5.7543e+00    3.5303e+00    6.2994e-01    1.0457e-01
   89.5    5.7154e+00    3.5303e+00    6.1893e-01    1.1512e-01
   92.5    5.6709e+00    3.5303e+00    6.0632e-01    1.5040e-01
   95.5    5.7061e+00    3.5303e+00    6.1630e-01    1.1731e-01
   98.5    5.2686e+00    3.5303e+00    4.9236e-01    1.5112e-01
  101.5    4.4271e+00    3.5303e+00    2.5402e-01    9.6057e-02
  104.5    3.6502e+00    3.5303e+00    3.3951e-02    1.0327e-02
  107.5    3.4253e+00    3.5303e+00   -2.9753e-02    3.3080e-02
  110.5    3.3083e+00    3.5303e+00   -6.2900e-02    3.5195e-02
  113.5    3.3200e+00    3.5303e+00   -5.9572e-02   -1.3897e-02
  116.5    3.0460e+00    3.5303e+00   -1.3720e-01   -7.2200e-02
  119.5    2.7271e+00    3.5303e+00   -2.2753e-01   -8.6648e-02
  122.5    2.5919e+00    3.5303e+00   -2.6581e-01   -8.2499e-02
  125.5    2.5397e+00    3.5303e+00   -2.8061e-01   -6.5592e-02
  128.5    2.6275e+00    3.5303e+00   -2.5573e-01   -9.3670e-02
  131.5    2.9074e+00    3.5303e+00   -1.7646e-01   -6.2455e-02
  134.5    3.0842e+00    3.5303e+00   -1.2638e-01    1.6491e-02
  137.5    3.0210e+00    3.5303e+00   -1.4426e-01   -3.5221e-02
  140.5    2.6920e+00    3.5303e+00   -2.3747e-01   -6.9452e-02
  143.5    2.5605e+00    3.5303e+00   -2.7473e-01   -8.0508e-02
  146.5    2.6072e+00    3.5303e+00   -2.6149e-01   -1.1455e-01
  149.5    2.7086e+00    3.5303e+00   -2.3276e-01   -1.5283e-01
  152.5    2.7689e+00    3.5303e+00   -2.1570e-01   -9.1812e-02
  155.5    3.0805e+00    3.5303e+00   -1.2742e-01   -2.8297e-02
  158.5    3.2865e+00    3.5303e+00   -6.9073e-02   -4.0590e-02
  161.5    3.1973e+00    3.5303e+00   -9.4345e-02    1.7504e-02
  164.5    3.1945e+00    3.5303e+00   -9.5120e-02   -1.4529e-02
  167.5    3.7308e+00    3.5303e+00    5.6776e-02    5.5620e-02
  170.5    4.2612e+00    3.5303e+00    2.0701e-01    1.0975e-01
  173.5    4.8439e+00    3.5303e+00    3.7207e-01    1.2664e-01
  176.5    4.6860e+00    3.5303e+00    3.2735e-01    1.0457e-01
  179.5    4.5868e+00    3.5303e+00    2.9926e-01    1.1512e-01
  182.5    4.4763e+00    3.5303e+00    2.6795e-01    1.5040e-01
  185.5    4.6749e+00    3.5303e+00    3.2421e-01    1.1731e-01
  188.5    4.7141e+00    3.5303e+00    3.3531e-01    1.5112e-01
  191.5    4.0659e+00    3.5303e+00    1.5172e-01    9.6057e-02
  194.5    3.4294e+00    3.5303e+00   -2.8599e-02    1.0327e-02
  197.5    3.2448e+00    3.5303e+00   -8.0872e-02    3.3080e-02
  200.5    3.1832e+00    3.5303e+00   -9.8327e-02    3.5195e-02
  203.5    3.2079e+00    3.5303e+00   -9.1339e-02   -1.3897e-02
  206.5    2.9077e+00    3.5303e+00   -1.7636e-01   -7.2200e-02
  209.5    2.6990e+00    3.5303e+00   -2.3548e-01   -8.6648e-02
  212.5    2.6662e+00    3.5303e+00   -2.4477e-01   -8.2499e-02
  215.5    2.6283e+00    3.5303e+00   -2.5550e-01   -6.5592e-02
  218.5    2.5931e+00    3.5303e+00   -2.6549e-01   -9.3670e-02
  221.5    2.9036e+00    3.5303e+00   -1.7754e-01   -6.2455e-02
  224.5    3.2486e+00    3.5303e+00   -7.9817e-02    1.6491e-02
  227.5    3.2661e+00    3.5303e+00   -7.4849e-02   -3.5221e-02
  230.5    2.8328e+00    3.5303e+00   -1.9758e-01   -6.9452e-02
  233.5    2.5817e+00    3.5303e+00   -2.6871e-01   -8.0508e-02
  236.5    2.4986e+00    3.5303e+00   -2.9224e-01   -1.1455e-01
  239.5    2.6203e+00    3.5303e+00   -2.5778e-01   -1.5283e-01
  242.5    2.8056e+00    3.5303e+00   -2.0528e-01   -9.1812e-02
  245.5    3.0889e+00    3.5303e+00   -1.2504e-01   -2.8297e-02
  248.5    3.1983e+00    3.5303e+00   -9.4053e-02   -4.0590e-02
  251.5    3.2089e+00    3.5303e+00   -9.1055e-02    1.7504e-02
  254.5    3.5283e+00    3.5303e+00   -5.8973e-04   -1.4529e-02
  257.5    4.1143e+00    3.5303e+00    1.6542e-01    5.5620e-02
  260.5    4.7947e+00    3.5303e+00    3.5813e-01    1.0975e-01
  263.5    5.3217e+00    3.5303e+00    5.0742e-01    1.2664e-01
  266.5    5.2609e+00    3.5303e+00    4.9021e-01    1.0457e-01
  269.5    5.3055e+00    3.5303e+00    5.0282e-01    1.1512e-01
  272.5    5.3014e+00    3.5303e+00    5.0168e-01    1.5040e-01
  275.5    5.3997e+00    3.5303e+00    5.2950e-01    1.1731e-01
  278.5    4.7947e+00    3.5303e+00    3.5813e-01    1.5112e-01
  281.5    3.8530e+00    3.5303e+00    9.1388e-02    9.6057e-02
  284.5    3.0448e+00    3.5303e+00   -1.3752e-01    1.0327e-02
  287.5    2.8910e+00    3.5303e+00   -1.8109e-01    3.3080e-02
  290.5    2.8759e+00    3.5303e+00   -1.8537e-01    3.5195e-02
  293.5    2.8391e+00    3.5303e+00   -1.9580e-01   -1.3897e-02
  296.5    2.5251e+00    3.5303e+00   -2.8475e-01   -7.2200e-02
  299.5    2.4540e+00    3.5303e+00   -3.0489e-01   -8.6648e-02
  302.5    2.7364e+00    3.5303e+00   -2.2490e-01   -8.2499e-02
  305.5    3.1688e+00    3.5303e+00   -1.0241e-01   -6.5592e-02
  308.5    3.4478e+00    3.5303e+00   -2.3395e-02   -9.3670e-02
  311.5    3.7776e+00    3.5303e+00    7.0035e-02   -6.2455e-02
  314.5    4.1120e+00    3.5303e+00    1.6476e-01    1.6491e-02
  317.5    3.7754e+00    3.5303e+00    6.9409e-02   -3.5221e-02
  320.5    3.1828e+00    3.5303e+00   -9.8440e-02   -6.9452e-02
  323.5    2.6411e+00    3.5303e+00   -2.5187e-01   -8.0508e-02
  326.5    2.2796e+00    3.5303e+00   -3.5429e-01   -1.1455e-01
  329.5    2.0795e+00    3.5303e+00   -4.1096e-01   -1.5283e-01
  332.5    2.2986e+00    3.5303e+00   -3.4891e-01   -9.1812e-02
  335.5    2.7841e+00    3.5303e+00   -2.1137e-01   -2.8297e-02
  338.5    3.3734e+00    3.5303e+00   -4.4452e-02   -4.0590e-02
  341.5    3.4804e+00    3.5303e+00   -1.4133e-02    1.7504e-02
  344.5    3.5496e+00    3.5303e+00    5.4474e-03   -1.4529e-02
  347.5    3.9405e+00    3.5303e+00    1.1617e-01    5.5620e-02
  350.5    4.4649e+00    3.5303e+00    2.6472e-01    1.0975e-01
  353.5    4.4520e+00    3.5303e+00    2.6106e-01    1.2664e-01
  356.5    3.9915e+00    3.5303e+00    1.3062e-01    1.0457e-01
  359.5    4.0381e+00    3.5303e+00    1.4383e-01    1.1512e-01
  11   120  14.31   42.0    1.0    0.0   ----------------------------
    2.5    5.2143e+00    4.2207e+00    2.3541e-01    1.8026e-01
    5.5    5.7726e+00    4.2207e+00    3.6770e-01    2.0526e-01
    8.5    5.5837e+00    4.2207e+00    3.2294e-01    1.5183e-01
   11.5    4.7082e+00    4.2207e+00    1.1550e-01    1.0477e-01
   14.5    3.8987e+00    4.2207e+00   -7.6283e-02   -5.7013e-03
   17.5    3.7141e+00    4.2207e+00   -1.2004e-01   -4.5311e-03
   20.5    4.1567e+00    4.2207e+00   -1.5169e-02   -2.4450e-02
   23.5    3.7493e+00    4.2207e+00   -1.1168e-01   -2.9532e-02
   26.5    2.9559e+00    4.2207e+00   -2.9967e-01   -5.8527e-02
   29.5    2.8890e+00    4.2207e+00   -3.1551e-01   -1.0132e-01
   32.5    3.6659e+00    4.2207e+00   -1.3144e-01   -7.3122e-02
   35.5    3.9874e+00    4.2207e+00   -5.5264e-02   -5.6998e-02
   38.5    4.5430e+00    4.2207e+00    7.6355e-02   -1.2079e-01
   41.5    5.0024e+00    4.2207e+00    1.8520e-01   -7.2231e-02
   44.5    5.4325e+00    4.2207e+00    2.8710e-01   -1.9421e-02
   47.5    5.3256e+00    4.2207e+00    2.6179e-01    1.9894e-03
   50.5    4.8399e+00    4.2207e+00    1.4670e-01   -8.6401e-02
   53.5    4.2652e+00    4.2207e+00    1.0538e-02   -1.2214e-01
   56.5    3.9337e+00    4.2207e+00   -6.7994e-02   -1.5500e-01
   59.5    3.5058e+00    4.2207e+00   -1.6939e-01   -1.1270e-01
   62.5    3.1873e+00    4.2207e+00   -2.4484e-01   -8.1019e-02
   65.5    3.2809e+00    4.2207e+00   -2.2265e-01   -8.2089e-02
   68.5    3.2090e+00    4.2207e+00   -2.3971e-01   -7.8676e-03
   71.5    2.9989e+00    4.2207e+00   -2.8947e-01    1.1752e-02
   74.5    3.1652e+00    4.2207e+00   -2.5006e-01    3.6564e-03
   77.5    3.9956e+00    4.2207e+00   -5.3326e-02    1.6933e-02
   80.5    5.3317e+00    4.2207e+00    2.6324e-01    9.1913e-02
   83.5    6.6447e+00    4.2207e+00    5.7431e-01    1.9697e-01
   86.5    6.8348e+00    4.2207e+00    6.1936e-01    2.0457e-01
   89.5    6.8093e+00    4.2207e+00    6.1332e-01    1.4549e-01
   92.5    6.6426e+00    4.2207e+00    5.7381e-01    1.8026e-01
   95.5    6.7793e+00    4.2207e+00    6.0621e-01    2.0526e-01
   98.5    5.9387e+00    4.2207e+00    4.0704e-01    1.5183e-01
  101.5    4.7956e+00    4.2207e+00    1.3621e-01    1.0477e-01
  104.5    3.8459e+00    4.2207e+00   -8.8789e-02   -5.7012e-03
  107.5    3.5438e+00    4.2207e+00   -1.6038e-01   -4.5311e-03
  110.5    3.8651e+00    4.2207e+00   -8.4239e-02   -2.4450e-02
  113.5    3.9475e+00    4.2207e+00   -6.4720e-02   -2.9532e-02
  116.5    3.5063e+00    4.2207e+00   -1.6925e-01   -5.8527e-02
  119.5    3.0767e+00    4.2207e+00   -2.7105e-01   -1.0132e-01
  122.5    2.9019e+00    4.2207e+00   -3.1246e-01   -7.3122e-02
  125.5    2.7712e+00    4.2207e+00   -3.4342e-01   -5.6998e-02
  128.5    3.0639e+00    4.2207e+00   -2.7407e-01   -1.2079e-01
  131.5    3.5288e+00    4.2207e+00   -1.6393e-01   -7.2231e-02
  134.5    3.7082e+00    4.2207e+00   -1.2143e-01   -1.9421e-02
  137.5    3.5347e+00    4.2207e+00   -1.6253e-01    1.9894e-03
  140.5    3.1281e+00    4.2207e+00   -2.5886e-01   -8.6401e-02
  143.5    2.8775e+00    4.2207e+00   -3.1825e-01   -1.2214e-01
  146.5    3.0259e+00    4.2207e+00   -2.8309e-01   -1.5500e-01
  149.5    3.1765e+00    4.2207e+00   -2.4740e-01   -1.1270e-01
  152.5    3.4242e+00    4.2207e+00   -1.8870e-01   -8.1019e-02
  155.5    3.7255e+00    4.2207e+00   -1.1733e-01   -8.2089e-02
  158.5    3.8409e+00    4.2207e+00   -8.9976e-02   -7.8675e-03
  161.5    3.5370e+00    4.2207e+00   -1.6199e-01    1.1752e-02
  164.5    3.4732e+00    4.2207e+00   -1.7710e-01    3.6564e-03
  167.5    4.2324e+00    4.2207e+00    2.7691e-03    1.6933e-02
  170.5    5.2421e+00    4.2207e+00    2.4200e-01    9.1913e-02
  173.5    6.0883e+00    4.2207e+00    4.4250e-01    1.9697e-01
  176.5    6.1080e+00    4.2207e+00    4.4717e-01    2.0457e-01
  179.5    6.0331e+00    4.2207e+00    4.2941e-01    1.4549e-01
  182.5    5.9152e+00    4.2207e+00    4.0148e-01    1.8026e-01
  185.5    6.0940e+00    4.2207e+00    4.4384e-01    2.0526e-01
  188.5    5.8725e+00    4.2207e+00    3.9135e-01    1.5183e-01
  191.5    4.7937e+00    4.2207e+00    1.3577e-01    1.0477e-01
  194.5    3.7054e+00    4.2207e+00   -1.2208e-01   -5.7012e-03
  197.5    3.4681e+00    4.2207e+00   -1.7831e-01   -4.5311e-03
  200.5    3.7225e+00    4.2207e+00   -1.1803e-01   -2.4450e-02
  203.5    3.8213e+00    4.2207e+00   -9.4620e-02   -2.9532e-02
  206.5    3.5148e+00    4.2207e+00   -1.6725e-01   -5.8527e-02
  209.5    3.2083e+00    4.2207e+00   -2.3986e-01   -1.0132e-01
  212.5    3.1562e+00    4.2207e+00   -2.5220e-01   -7.3122e-02
  215.5    3.0018e+00    4.2207e+00   -2.8878e-01   -5.6998e-02
  218.5    3.1567e+00    4.2207e+00   -2.5209e-01   -1.2079e-01
  221.5    3.5689e+00    4.2207e+00   -1.5443e-01   -7.2231e-02
  224.5    3.9388e+00    4.2207e+00   -6.6784e-02   -1.9421e-02
  227.5    3.8754e+00    4.2207e+00   -8.1802e-02    1.9894e-03
  230.5    3.3612e+00    4.2207e+00   -2.0365e-01   -8.6401e-02
  233.5    2.9007e+00    4.2207e+00   -3.1275e-01   -1.2214e-01
  236.5    2.8996e+00    4.2207e+00   -3.1299e-01   -1.5500e-01
  239.5    3.0076e+00    4.2207e+00   -2.8741e-01   -1.1270e-01
  242.5    3.2287e+00    4.2207e+00   -2.3504e-01   -8.1019e-02
  245.5    3.7458e+00    4.2207e+00   -1.1250e-01   -8.2089e-02
  248.5    3.8054e+00    4.2207e+00   -9.8390e-02   -7.8676e-03
  251.5    3.5835e+00    4.2207e+00   -1.5097e-01    1.1752e-02
  254.5    3.7088e+00    4.2207e+00   -1.2127e-01    3.6564e-03
  257.5    4.4012e+00    4.2207e+00    4.2766e-02    1.6933e-02
  260.5    5.5126e+00    4.2207e+00    3.0608e-01    9.1913e-02
  263.5    6.3704e+00    4.2207e+00    5.0932e-01    1.9697e-01
  266.5    6.3462e+00    4.2207e+00    5.0358e-01    2.0457e-01
  269.5    6.4853e+00    4.2207e+00    5.3654e-01    1.4549e-01
  272.5    6.4823e+00    4.2207e+00    5.3583e-01    1.8026e-01
  275.5    6.6010e+00    4.2207e+00    5.6395e-01    2.0526e-01
  278.5    5.8448e+00    4.2207e+00    3.8479e-01    1.5183e-01
  281.5    4.4840e+00    4.2207e+00    6.2392e-02    1.0477e-01
  284.5    3.3228e+00    4.2207e+00   -2.1275e-01   -5.7013e-03
  287.5    2.9641e+00    4.2207e+00   -2.9772e-01   -4.5311e-03
  290.5    3.0984e+00    4.2207e+00   -2.6590e-01   -2.4450e-02
  293.5    3.3378e+00    4.2207e+00   -2.0919e-01   -2.9532e-02
  296.5    3.2160e+00    4.2207e+00   -2.3805e-01   -5.8527e-02
  299.5    3.1006e+00    4.2207e+00   -2.6538e-01   -1.0132e-01
  302.5    3.5215e+00    4.2207e+00   -1.6566e-01   -7.3122e-02
  305.5    3.8458e+00    4.2207e+00   -8.8813e-02   -5.6998e-02
  308.5    3.9762e+00    4.2207e+00   -5.7924e-02   -1.2079e-01
  311.5    4.5368e+00    4.2207e+00    7.4904e-02   -7.2231e-02
  314.5    4.7836e+00    4.2207e+00    1.3336e-01   -1.9421e-02
  317.5    4.6135e+00    4.2207e+00    9.3067e-02    1.9894e-03
  320.5    4.1124e+00    4.2207e+00   -2.5660e-02   -8.6401e-02
  323.5    3.4622e+00    4.2207e+00   -1.7970e-01   -1.2214e-01
  326.5    3.1417e+00    4.2207e+00   -2.5565e-01   -1.5500e-01
  329.5    2.9053e+00    4.2207e+00   -3.1164e-01   -1.1270e-01
  332.5    3.0037e+00    4.2207e+00   -2.8834e-01   -8.1019e-02
  335.5    3.5717e+00    4.2207e+00   -1.5377e-01   -8.2089e-02
  338.5    3.9792e+00    4.2207e+00   -5.7212e-02   -7.8676e-03
  341.5    3.7771e+00    4.2207e+00   -1.0509e-01    1.1752e-02
  344.5    3.8699e+00    4.2207e+00   -8.3105e-02    3.6564e-03
  347.5    4.5472e+00    4.2207e+00    7.7349e-02    1.6933e-02
  350.5    5.4989e+00    4.2207e+00    3.0284e-01    9.1913e-02
  353.5    6.0036e+00    4.2207e+00    4.2242e-01    1.9697e-01
  356.5    5.4465e+00    4.2207e+00    2.9043e-01    2.0457e-01
  359.5    5.2995e+00    4.2207e+00    2.5560e-01    1.4549e-01
  12   120  14.31   45.0    1.0    0.0   ----------------------------
    2.5    4.6727e+00    4.1952e+00    1.1381e-01    8.4700e-02
    5.5    5.1746e+00    4.1952e+00    2.3346e-01    7.2390e-02
    8.5    4.9218e+00    4.1952e+00    1.7319e-01    8.3732e-02
   11.5    4.1588e+00    4.1952e+00   -8.6930e-03    3.9382e-02
   14.5    3.5808e+00    4.1952e+00   -1.4646e-01   -6.1698e-02
   17.5    3.7069e+00    4.1952e+00   -1.1640e-01    1.1037e-02
   20.5    4.2161e+00    4.1952e+00    4.9683e-03   -9.3266e-02
   23.5    3.9771e+00    4.1952e+00   -5.1988e-02   -3.3159e-02
   26.5    3.7077e+00    4.1952e+00   -1.1621e-01    1.2581e-02
   29.5    4.3070e+00    4.1952e+00    2.6647e-02    4.1912e-03
   32.5    4.8280e+00    4.1952e+00    1.5083e-01   -2.9151e-02
   35.5    4.9242e+00    4.1952e+00    1.7376e-01   -4.1060e-03
   38.5    5.2773e+00    4.1952e+00    2.5793e-01   -2.0366e-02
   41.5    5.9157e+00    4.1952e+00    4.1011e-01    3.0619e-02
   44.5    5.7400e+00    4.1952e+00    3.6821e-01    6.0360e-02
   47.5    5.4570e+00    4.1952e+00    3.0077e-01   -1.7437e-02
   50.5    4.8966e+00    4.1952e+00    1.6718e-01    4.1083e-03
   53.5    4.7348e+00    4.1952e+00    1.2861e-01   -5.3429e-02
   56.5    4.7389e+00    4.1952e+00    1.2961e-01   -6.3840e-02
   59.5    4.5685e+00    4.1952e+00    8.8978e-02   -1.4297e-02
   62.5    4.0453e+00    4.1952e+00   -3.5727e-02   -2.0321e-02
   65.5    3.5557e+00    4.1952e+00   -1.5245e-01   -5.2695e-02
   68.5    3.1263e+00    4.1952e+00   -2.5480e-01   -5.9318e-02
   71.5    2.7728e+00    4.1952e+00   -3.3905e-01   -7.8641e-02
   74.5    2.7581e+00    4.1952e+00   -3.4256e-01   -6.0182e-02
   77.5    3.2755e+00    4.1952e+00   -2.1922e-01    2.0680e-03
   80.5    4.2013e+00    4.1952e+00    1.4437e-03    3.7659e-02
   83.5    5.3191e+00    4.1952e+00    2.6789e-01    8.8735e-02
   86.5    5.4570e+00    4.1952e+00    3.0076e-01    1.0348e-01
   89.5    5.4841e+00    4.1952e+00    3.0724e-01    1.1685e-01
   92.5    5.4047e+00    4.1952e+00    2.8830e-01    8.4700e-02
   95.5    5.5494e+00    4.1952e+00    3.2279e-01    7.2390e-02
   98.5    4.7262e+00    4.1952e+00    1.2657e-01    8.3732e-02
  101.5    3.7255e+00    4.1952e+00   -1.1197e-01    3.9382e-02
  104.5    3.1843e+00    4.1952e+00   -2.4097e-01   -6.1698e-02
  107.5    3.2616e+00    4.1952e+00   -2.2255e-01    1.1037e-02
  110.5    3.6632e+00    4.1952e+00   -1.2681e-01   -9.3266e-02
  113.5    4.0915e+00    4.1952e+00   -2.4715e-02   -3.3159e-02
  116.5    3.8729e+00    4.1952e+00   -7.6840e-02    1.2581e-02
  119.5    3.6918e+00    4.1952e+00   -1.1999e-01    4.1912e-03
  122.5    3.3884e+00    4.1952e+00   -1.9232e-01   -2.9151e-02
  125.5    3.1147e+00    4.1952e+00   -2.5756e-01   -4.1060e-03
  128.5    3.3698e+00    4.1952e+00   -1.9676e-01   -2.0366e-02
  131.5    4.0214e+00    4.1952e+00   -4.1422e-02    3.0619e-02
  134.5    4.2655e+00    4.1952e+00    1.6754e-02    6.0360e-02
  137.5    4.1234e+00    4.1952e+00   -1.7112e-02   -1.7437e-02
  140.5    3.7880e+00    4.1952e+00   -9.7076e-02    4.1083e-03
  143.5    3.3896e+00    4.1952e+00   -1.9202e-01   -5.3429e-02
  146.5    3.6409e+00    4.1952e+00   -1.3213e-01   -6.3840e-02
  149.5    4.1006e+00    4.1952e+00   -2.2554e-02   -1.4297e-02
  152.5    4.2155e+00    4.1952e+00    4.8363e-03   -2.0321e-02
  155.5    4.3210e+00    4.1952e+00    2.9972e-02   -5.2695e-02
  158.5    3.9358e+00    4.1952e+00   -6.1840e-02   -5.9318e-02
  161.5    3.3051e+00    4.1952e+00   -2.1217e-01   -7.8641e-02
  164.5    3.0887e+00    4.1952e+00   -2.6376e-01   -6.0182e-02
  167.5    3.4802e+00    4.1952e+00   -1.7043e-01    2.0680e-03
  170.5    4.4312e+00    4.1952e+00    5.6258e-02    3.7659e-02
  173.5    5.0859e+00    4.1952e+00    2.1230e-01    8.8735e-02
  176.5    5.0530e+00    4.1952e+00    2.0446e-01    1.0348e-01
  179.5    4.9097e+00    4.1952e+00    1.7030e-01    1.1685e-01
  182.5    4.9237e+00    4.1952e+00    1.7364e-01    8.4700e-02
  185.5    5.2151e+00    4.1952e+00    2.4311e-01    7.2390e-02
  188.5    4.8516e+00    4.1952e+00    1.5647e-01    8.3732e-02
  191.5    4.0004e+00    4.1952e+00   -4.6428e-02    3.9382e-02
  194.5    3.2395e+00    4.1952e+00   -2.2782e-01   -6.1698e-02
  197.5    3.1656e+00    4.1952e+00   -2.4543e-01    1.1037e-02
  200.5    3.6817e+00    4.1952e+00   -1.2242e-01   -9.3266e-02
  203.5    4.1355e+00    4.1952e+00   -1.4241e-02   -3.3159e-02
  206.5    4.2235e+00    4.1952e+00    6.7331e-03    1.2581e-02
  209.5    4.2251e+00    4.1952e+00    7.1262e-03    4.1912e-03
  212.5    4.1093e+00    4.1952e+00   -2.0478e-02   -2.9151e-02
  215.5    3.5497e+00    4.1952e+00   -1.5388e-01   -4.1060e-03
  218.5    3.8046e+00    4.1952e+00   -9.3122e-02   -2.0366e-02
  221.5    4.3751e+00    4.1952e+00    4.2869e-02    3.0619e-02
  224.5    4.5525e+00    4.1952e+00    8.5156e-02    6.0360e-02
  227.5    4.4199e+00    4.1952e+00    5.3559e-02   -1.7437e-02
  230.5    3.9697e+00    4.1952e+00   -5.3754e-02    4.1083e-03
  233.5    3.4470e+00    4.1952e+00   -1.7836e-01   -5.3429e-02
  236.5    3.3523e+00    4.1952e+00   -2.0093e-01   -6.3840e-02
  239.5    3.6444e+00    4.1952e+00   -1.3130e-01   -1.4297e-02
  242.5    3.6851e+00    4.1952e+00   -1.2159e-01   -2.0321e-02
  245.5    3.9623e+00    4.1952e+00   -5.5513e-02   -5.2695e-02
  248.5    3.7828e+00    4.1952e+00   -9.8312e-02   -5.9318e-02
  251.5    3.3487e+00    4.1952e+00   -2.0177e-01   -7.8641e-02
  254.5    3.0928e+00    4.1952e+00   -2.6277e-01   -6.0182e-02
  257.5    3.4871e+00    4.1952e+00   -1.6880e-01    2.0680e-03
  260.5    4.3798e+00    4.1952e+00    4.4007e-02    3.7659e-02
  263.5    5.2898e+00    4.1952e+00    2.6092e-01    8.8735e-02
  266.5    5.3049e+00    4.1952e+00    2.6450e-01    1.0348e-01
  269.5    5.4340e+00    4.1952e+00    2.9530e-01    1.1685e-01
  272.5    5.4547e+00    4.1952e+00    3.0022e-01    8.4700e-02
  275.5    5.4350e+00    4.1952e+00    2.9553e-01    7.2390e-02
  278.5    4.6990e+00    4.1952e+00    1.2008e-01    8.3732e-02
  281.5    3.6006e+00    4.1952e+00   -1.4175e-01    3.9382e-02
  284.5    2.8449e+00    4.1952e+00   -3.2188e-01   -6.1698e-02
  287.5    2.7110e+00    4.1952e+00   -3.5379e-01    1.1037e-02
  290.5    3.0929e+00    4.1952e+00   -2.6276e-01   -9.3266e-02
  293.5    3.6493e+00    4.1952e+00   -1.3014e-01   -3.3159e-02
  296.5    3.9170e+00    4.1952e+00   -6.6316e-02    1.2581e-02
  299.5    4.2220e+00    4.1952e+00    6.3866e-03    4.1912e-03
  302.5    4.5904e+00    4.1952e+00    9.4192e-02   -2.9151e-02
  305.5    4.5795e+00    4.1952e+00    9.1594e-02   -4.1060e-03
  308.5    4.3718e+00    4.1952e+00    4.2083e-02   -2.0366e-02
  311.5    4.8110e+00    4.1952e+00    1.4679e-01    3.0619e-02
  314.5    5.0578e+00    4.1952e+00    2.0562e-01    6.0360e-02
  317.5    5.0673e+00    4.1952e+00    2.0787e-01   -1.7437e-02
  320.5    4.4410e+00    4.1952e+00    5.8577e-02    4.1083e-03
  323.5    3.9816e+00    4.1952e+00   -5.0925e-02   -5.3429e-02
  326.5    3.9220e+00    4.1952e+00   -6.5135e-02   -6.3840e-02
  329.5    3.8587e+00    4.1952e+00   -8.0218e-02   -1.4297e-02
  332.5    3.8068e+00    4.1952e+00   -9.2596e-02   -2.0321e-02
  335.5    3.9071e+00    4.1952e+00   -6.8669e-02   -5.2695e-02
  338.5    3.9333e+00    4.1952e+00   -6.2435e-02   -5.9318e-02
  341.5    3.7524e+00    4.1952e+00   -1.0556e-01   -7.8641e-02
  344.5    3.6462e+00    4.1952e+00   -1.3086e-01   -6.0182e-02
  347.5    4.0201e+00    4.1952e+00   -4.1732e-02    2.0680e-03
  350.5    4.8728e+00    4.1952e+00    1.6151e-01    3.7659e-02
  353.5    5.3452e+00    4.1952e+00    2.7412e-01    8.8735e-02
  356.5    4.8473e+00    4.1952e+00    1.5543e-01    1.0348e-01
  359.5    4.6354e+00    4.1952e+00    1.0492e-01    1.1685e-01
  13   120  14.31   48.0    1.0    0.0   ----------------------------
    2.5    3.1368e+00    3.8370e+00   -1.8250e-01   -3.9698e-02
    5.5    3.5815e+00    3.8370e+00   -6.6588e-02   -3.5529e-03
    8.5    3.5192e+00    3.8370e+00   -8.2823e-02    2.8188e-02
   11.5    3.2547e+00    3.8370e+00   -1.5177e-01    8.3684e-03
   14.5    3.3669e+00    3.8370e+00   -1.2254e-01   -3.5841e-02
   17.5    3.5895e+00    3.8370e+00   -6.4518e-02   -5.3280e-03
   20.5    3.5454e+00    3.8370e+00   -7.6007e-02   -8.6133e-02
   23.5    3.2155e+00    3.8370e+00   -1.6199e-01   -3.1261e-02
   26.5    3.4227e+00    3.8370e+00   -1.0798e-01    1.2988e-02
   29.5    4.2520e+00    3.8370e+00    1.0813e-01    3.2308e-02
   32.5    4.5769e+00    3.8370e+00    1.9283e-01    2.3107e-02
   35.5    4.9479e+00    3.8370e+00    2.8951e-01    5.4326e-03
   38.5    5.9900e+00    3.8370e+00    5.6110e-01    2.0849e-02
   41.5    7.2991e+00    3.8370e+00    9.0226e-01    5.9482e-02
   44.5    7.3713e+00    3.8370e+00    9.2109e-01    1.6664e-01
   47.5    6.5337e+00    3.8370e+00    7.0280e-01    1.6650e-01
   50.5    5.2342e+00    3.8370e+00    3.6412e-01    5.9374e-02
   53.5    4.3257e+00    3.8370e+00    1.2734e-01    7.5313e-03
   56.5    4.3439e+00    3.8370e+00    1.3209e-01   -6.7460e-03
   59.5    4.3179e+00    3.8370e+00    1.2532e-01    9.1407e-03
   62.5    3.8935e+00    3.8370e+00    1.4715e-02   -1.6820e-02
   65.5    3.4355e+00    3.8370e+00   -1.0464e-01   -7.7879e-02
   68.5    3.3602e+00    3.8370e+00   -1.2426e-01   -6.3840e-02
   71.5    3.0815e+00    3.8370e+00   -1.9690e-01   -1.2131e-02
   74.5    2.7691e+00    3.8370e+00   -2.7833e-01   -7.6707e-02
   77.5    2.6045e+00    3.8370e+00   -3.2122e-01   -3.9675e-02
   80.5    2.8537e+00    3.8370e+00   -2.5628e-01   -3.6723e-02
   83.5    3.4725e+00    3.8370e+00   -9.5017e-02   -6.1370e-04
   86.5    3.3470e+00    3.8370e+00   -1.2772e-01   -1.2565e-02
   89.5    3.3470e+00    3.8370e+00   -1.2771e-01    3.8466e-02
   92.5    3.3632e+00    3.8370e+00   -1.2350e-01   -3.9698e-02
   95.5    3.6134e+00    3.8370e+00   -5.8286e-02   -3.5529e-03
   98.5    3.2327e+00    3.8370e+00   -1.5749e-01    2.8188e-02
  101.5    2.8881e+00    3.8370e+00   -2.4732e-01    8.3684e-03
  104.5    2.9548e+00    3.8370e+00   -2.2992e-01   -3.5841e-02
  107.5    3.2502e+00    3.8370e+00   -1.5294e-01   -5.3280e-03
  110.5    3.5399e+00    3.8370e+00   -7.7442e-02   -8.6134e-02
  113.5    3.5806e+00    3.8370e+00   -6.6831e-02   -3.1261e-02
  116.5    3.6638e+00    3.8370e+00   -4.5154e-02    1.2988e-02
  119.5    3.4838e+00    3.8370e+00   -9.2062e-02    3.2308e-02
  122.5    3.0371e+00    3.8370e+00   -2.0849e-01    2.3107e-02
  125.5    3.1164e+00    3.8370e+00   -1.8780e-01    5.4326e-03
  128.5    3.8827e+00    3.8370e+00    1.1904e-02    2.0849e-02
  131.5    4.9620e+00    3.8370e+00    2.9318e-01    5.9482e-02
  134.5    5.5897e+00    3.8370e+00    4.5676e-01    1.6664e-01
  137.5    5.2393e+00    3.8370e+00    3.6547e-01    1.6650e-01
  140.5    4.2208e+00    3.8370e+00    1.0001e-01    5.9374e-02
  143.5    3.4735e+00    3.8370e+00   -9.4743e-02    7.5313e-03
  146.5    3.4661e+00    3.8370e+00   -9.6667e-02   -6.7460e-03
  149.5    3.8806e+00    3.8370e+00    1.1356e-02    9.1407e-03
  152.5    3.9904e+00    3.8370e+00    3.9977e-02   -1.6820e-02
  155.5    3.8558e+00    3.8370e+00    4.8814e-03   -7.7879e-02
  158.5    3.5421e+00    3.8370e+00   -7.6867e-02   -6.3840e-02
  161.5    3.3132e+00    3.8370e+00   -1.3651e-01   -1.2131e-02
  164.5    3.1023e+00    3.8370e+00   -1.9148e-01   -7.6707e-02
  167.5    3.0217e+00    3.8370e+00   -2.1249e-01   -3.9675e-02
  170.5    3.3519e+00    3.8370e+00   -1.2643e-01   -3.6723e-02
  173.5    3.6147e+00    3.8370e+00   -5.7957e-02   -6.1370e-04
  176.5    3.1852e+00    3.8370e+00   -1.6989e-01   -1.2565e-02
  179.5    2.8705e+00    3.8370e+00   -2.5189e-01    3.8466e-02
  182.5    2.9506e+00    3.8370e+00   -2.3103e-01   -3.9698e-02
  185.5    3.3728e+00    3.8370e+00   -1.2100e-01   -3.5529e-03
  188.5    3.5687e+00    3.8370e+00   -6.9925e-02    2.8188e-02
  191.5    3.2663e+00    3.8370e+00   -1.4874e-01    8.3684e-03
  194.5    3.1723e+00    3.8370e+00   -1.7326e-01   -3.5841e-02
  197.5    3.2265e+00    3.8370e+00   -1.5912e-01   -5.3280e-03
  200.5    3.4212e+00    3.8370e+00   -1.0837e-01   -8.6134e-02
  203.5    3.6434e+00    3.8370e+00   -5.0469e-02   -3.1261e-02
  206.5    3.9709e+00    3.8370e+00    3.4879e-02    1.2988e-02
  209.5    4.0579e+00    3.8370e+00    5.7547e-02    3.2308e-02
  212.5    3.7052e+00    3.8370e+00   -3.4359e-02    2.3107e-02
  215.5    3.5076e+00    3.8370e+00   -8.5860e-02    5.4326e-03
  218.5    4.3124e+00    3.8370e+00    1.2389e-01    2.0849e-02
  221.5    5.4894e+00    3.8370e+00    4.3064e-01    5.9482e-02
  224.5    6.1784e+00    3.8370e+00    6.1021e-01    1.6664e-01
  227.5    5.9590e+00    3.8370e+00    5.5302e-01    1.6650e-01
  230.5    4.8010e+00    3.8370e+00    2.5122e-01    5.9374e-02
  233.5    3.5806e+00    3.8370e+00   -6.6838e-02    7.5313e-03
  236.5    3.1651e+00    3.8370e+00   -1.7513e-01   -6.7460e-03
  239.5    3.4469e+00    3.8370e+00   -1.0168e-01    9.1407e-03
  242.5    3.6157e+00    3.8370e+00   -5.7675e-02   -1.6820e-02
  245.5    3.6499e+00    3.8370e+00   -4.8776e-02   -7.7879e-02
  248.5    3.5131e+00    3.8370e+00   -8.4413e-02   -6.3840e-02
  251.5    3.3170e+00    3.8370e+00   -1.3552e-01   -1.2131e-02
  254.5    2.9384e+00    3.8370e+00   -2.3419e-01   -7.6707e-02
  257.5    2.8610e+00    3.8370e+00   -2.5437e-01   -3.9675e-02
  260.5    3.0620e+00    3.8370e+00   -2.0199e-01   -3.6723e-02
  263.5    3.5555e+00    3.8370e+00   -7.3373e-02   -6.1370e-04
  266.5    3.4397e+00    3.8370e+00   -1.0356e-01   -1.2565e-02
  269.5    3.3869e+00    3.8370e+00   -1.1731e-01    3.8466e-02
  272.5    3.3883e+00    3.8370e+00   -1.1694e-01   -3.9698e-02
  275.5    3.6003e+00    3.8370e+00   -6.1687e-02   -3.5529e-03
  278.5    3.1502e+00    3.8370e+00   -1.7900e-01    2.8188e-02
  281.5    2.6375e+00    3.8370e+00   -3.1262e-01    8.3684e-03
  284.5    2.7117e+00    3.8370e+00   -2.9329e-01   -3.5841e-02
  287.5    2.9296e+00    3.8370e+00   -2.3649e-01   -5.3280e-03
  290.5    3.2782e+00    3.8370e+00   -1.4565e-01   -8.6133e-02
  293.5    3.4349e+00    3.8370e+00   -1.0481e-01   -3.1261e-02
  296.5    3.7297e+00    3.8370e+00   -2.7978e-02    1.2988e-02
  299.5    4.3304e+00    3.8370e+00    1.2858e-01    3.2308e-02
  302.5    4.6649e+00    3.8370e+00    2.1577e-01    2.3107e-02
  305.5    4.6943e+00    3.8370e+00    2.2342e-01    5.4326e-03
  308.5    4.9714e+00    3.8370e+00    2.9564e-01    2.0849e-02
  311.5    5.8834e+00    3.8370e+00    5.3331e-01    5.9482e-02
  314.5    6.6984e+00    3.8370e+00    7.4571e-01    1.6664e-01
  317.5    6.5035e+00    3.8370e+00    6.9492e-01    1.6650e-01
  320.5    5.2819e+00    3.8370e+00    3.7654e-01    5.9374e-02
  323.5    4.4448e+00    3.8370e+00    1.5839e-01    7.5313e-03
  326.5    4.1961e+00    3.8370e+00    9.3581e-02   -6.7460e-03
  329.5    3.9765e+00    3.8370e+00    3.6340e-02    9.1407e-03
  332.5    3.6510e+00    3.8370e+00   -4.8486e-02   -1.6820e-02
  335.5    3.2225e+00    3.8370e+00   -1.6016e-01   -7.7879e-02
  338.5    3.3155e+00    3.8370e+00   -1.3592e-01   -6.3840e-02
  341.5    3.6723e+00    3.8370e+00   -4.2946e-02   -1.2131e-02
  344.5    3.4952e+00    3.8370e+00   -8.9079e-02   -7.6707e-02
  347.5    3.2023e+00    3.8370e+00   -1.6542e-01   -3.9675e-02
  350.5    3.3660e+00    3.8370e+00   -1.2277e-01   -3.6723e-02
  353.5    3.5163e+00    3.8370e+00   -8.3600e-02   -6.1370e-04
  356.5    3.1104e+00    3.8370e+00   -1.8938e-01   -1.2565e-02
  359.5    2.9763e+00    3.8370e+00   -2.2433e-01    3.8466e-02
  14   120  14.31   51.0    1.0    0.0   ----------------------------
    2.5    2.4256e+00    3.4573e+00   -2.9842e-01   -4.2039e-02
    5.5    2.6793e+00    3.4573e+00   -2.2503e-01   -5.6850e-02
    8.5    2.8627e+00    3.4573e+00   -1.7200e-01    8.0630e-03
   11.5    2.9208e+00    3.4573e+00   -1.5518e-01   -1.5515e-03
   14.5    3.1263e+00    3.4573e+00   -9.5744e-02   -2.7971e-02
   17.5    3.0037e+00    3.4573e+00   -1.3120e-01   -4.6346e-03
   20.5    2.5267e+00    3.4573e+00   -2.6916e-01   -4.3067e-02
   23.5    2.1164e+00    3.4573e+00   -3.8785e-01   -6.8382e-02
   26.5    2.4185e+00    3.4573e+00   -3.0048e-01   -1.1442e-02
   29.5    3.0734e+00    3.4573e+00   -1.1105e-01    6.6785e-03
   32.5    3.8111e+00    3.4573e+00    1.0232e-01    3.7555e-02
   35.5    4.8896e+00    3.4573e+00    4.1429e-01    4.0621e-02
   38.5    6.0287e+00    3.4573e+00    7.4375e-01    7.6813e-02
   41.5    7.8021e+00    3.4573e+00    1.2567e+00    1.1432e-01
   44.5    8.2910e+00    3.4573e+00    1.3981e+00    2.8521e-01
   47.5    7.1814e+00    3.4573e+00    1.0772e+00    2.7057e-01
   50.5    5.1769e+00    3.4573e+00    4.9737e-01    2.0691e-01
   53.5    3.8357e+00    3.4573e+00    1.0944e-01    4.2189e-02
   56.5    3.3352e+00    3.4573e+00   -3.5326e-02   -3.5529e-02
   59.5    3.0170e+00    3.4573e+00   -1.2735e-01    2.6962e-02
   62.5    2.8910e+00    3.4573e+00   -1.6379e-01   -1.2617e-01
   65.5    2.7145e+00    3.4573e+00   -2.1486e-01   -1.3047e-01
   68.5    2.9989e+00    3.4573e+00   -1.3258e-01   -1.0209e-01
   71.5    3.3104e+00    3.4573e+00   -4.2490e-02   -1.3042e-02
   74.5    3.1095e+00    3.4573e+00   -1.0059e-01   -2.7890e-02
   77.5    2.6459e+00    3.4573e+00   -2.3471e-01   -6.9219e-02
   80.5    2.4254e+00    3.4573e+00   -2.9848e-01   -3.6846e-02
   83.5    2.4436e+00    3.4573e+00   -2.9320e-01   -7.0760e-02
   86.5    2.2825e+00    3.4573e+00   -3.3980e-01   -4.7299e-02
   89.5    2.3257e+00    3.4573e+00   -3.2732e-01   -5.8797e-02
   92.5    2.3728e+00    3.4573e+00   -3.1368e-01   -4.2039e-02
   95.5    2.5742e+00    3.4573e+00   -2.5543e-01   -5.6850e-02
   98.5    2.6398e+00    3.4573e+00   -2.3647e-01    8.0630e-03
  101.5    2.6027e+00    3.4573e+00   -2.4718e-01   -1.5515e-03
  104.5    2.8307e+00    3.4573e+00   -1.8125e-01   -2.7971e-02
  107.5    3.1352e+00    3.4573e+00   -9.3169e-02   -4.6346e-03
  110.5    3.0896e+00    3.4573e+00   -1.0636e-01   -4.3067e-02
  113.5    2.8447e+00    3.4573e+00   -1.7721e-01   -6.8382e-02
  116.5    2.8393e+00    3.4573e+00   -1.7875e-01   -1.1442e-02
  119.5    2.6501e+00    3.4573e+00   -2.3347e-01    6.6785e-03
  122.5    2.5054e+00    3.4573e+00   -2.7534e-01    3.7555e-02
  125.5    2.9619e+00    3.4573e+00   -1.4330e-01    4.0621e-02
  128.5    4.2429e+00    3.4573e+00    2.2722e-01    7.6813e-02
  131.5    5.9000e+00    3.4573e+00    7.0654e-01    1.1432e-01
  134.5    6.8794e+00    3.4573e+00    9.8980e-01    2.8521e-01
  137.5    6.2749e+00    3.4573e+00    8.1498e-01    2.7057e-01
  140.5    4.8921e+00    3.4573e+00    4.1500e-01    2.0691e-01
  143.5    3.6459e+00    3.4573e+00    5.4548e-02    4.2189e-02
  146.5    3.0036e+00    3.4573e+00   -1.3124e-01   -3.5529e-02
  149.5    2.8644e+00    3.4573e+00   -1.7150e-01    2.6962e-02
  152.5    2.7899e+00    3.4573e+00   -1.9305e-01   -1.2617e-01
  155.5    2.5280e+00    3.4573e+00   -2.6880e-01   -1.3047e-01
  158.5    2.4669e+00    3.4573e+00   -2.8648e-01   -1.0209e-01
  161.5    2.8221e+00    3.4573e+00   -1.8374e-01   -1.3042e-02
  164.5    3.0485e+00    3.4573e+00   -1.1824e-01   -2.7890e-02
  167.5    3.0026e+00    3.4573e+00   -1.3151e-01   -6.9219e-02
  170.5    3.0186e+00    3.4573e+00   -1.2691e-01   -3.6846e-02
  173.5    2.7607e+00    3.4573e+00   -2.0148e-01   -7.0760e-02
  176.5    2.3430e+00    3.4573e+00   -3.2231e-01   -4.7299e-02
  179.5    2.2142e+00    3.4573e+00   -3.5955e-01   -5.8797e-02
  182.5    2.2848e+00    3.4573e+00   -3.3914e-01   -4.2039e-02
  185.5    2.6559e+00    3.4573e+00   -2.3179e-01   -5.6850e-02
  188.5    3.0772e+00    3.4573e+00   -1.0995e-01    8.0630e-03
  191.5    3.1045e+00    3.4573e+00   -1.0204e-01   -1.5515e-03
  194.5    3.1673e+00    3.4573e+00   -8.3897e-02   -2.7971e-02
  197.5    2.9890e+00    3.4573e+00   -1.3545e-01   -4.6346e-03
  200.5    2.5960e+00    3.4573e+00   -2.4912e-01   -4.3067e-02
  203.5    2.3755e+00    3.4573e+00   -3.1290e-01   -6.8382e-02
  206.5    2.6005e+00    3.4573e+00   -2.4783e-01   -1.1442e-02
  209.5    3.0468e+00    3.4573e+00   -1.1875e-01    6.6785e-03
  212.5    3.0738e+00    3.4573e+00   -1.1092e-01    3.7555e-02
  215.5    3.6039e+00    3.4573e+00    4.2406e-02    4.0621e-02
  218.5    4.7770e+00    3.4573e+00    3.8171e-01    7.6813e-02
  221.5    6.7414e+00    3.4573e+00    9.4989e-01    1.1432e-01
  224.5    8.0162e+00    3.4573e+00    1.3186e+00    2.8521e-01
  227.5    7.6775e+00    3.4573e+00    1.2207e+00    2.7057e-01
  230.5    5.7804e+00    3.4573e+00    6.7193e-01    2.0691e-01
  233.5    3.8893e+00    3.4573e+00    1.2496e-01    4.2189e-02
  236.5    2.7068e+00    3.4573e+00   -2.1708e-01   -3.5529e-02
  239.5    2.4667e+00    3.4573e+00   -2.8651e-01    2.6962e-02
  242.5    2.7844e+00    3.4573e+00   -1.9462e-01   -1.2617e-01
  245.5    2.7804e+00    3.4573e+00   -1.9580e-01   -1.3047e-01
  248.5    2.9427e+00    3.4573e+00   -1.4883e-01   -1.0209e-01
  251.5    3.1838e+00    3.4573e+00   -7.9099e-02   -1.3042e-02
  254.5    3.0068e+00    3.4573e+00   -1.3030e-01   -2.7890e-02
  257.5    2.6827e+00    3.4573e+00   -2.2405e-01   -6.9219e-02
  260.5    2.5655e+00    3.4573e+00   -2.5795e-01   -3.6846e-02
  263.5    2.5713e+00    3.4573e+00   -2.5627e-01   -7.0760e-02
  266.5    2.5658e+00    3.4573e+00   -2.5786e-01   -4.7299e-02
  269.5    2.4342e+00    3.4573e+00   -2.9594e-01   -5.8797e-02
  272.5    2.3341e+00    3.4573e+00   -3.2487e-01   -4.2039e-02
  275.5    2.4235e+00    3.4573e+00   -2.9901e-01   -5.6850e-02
  278.5    2.4875e+00    3.4573e+00   -2.8051e-01    8.0630e-03
  281.5    2.6115e+00    3.4573e+00   -2.4465e-01   -1.5515e-03
  284.5    3.0103e+00    3.4573e+00   -1.2929e-01   -2.7971e-02
  287.5    3.1684e+00    3.4573e+00   -8.3559e-02   -4.6346e-03
  290.5    3.1992e+00    3.4573e+00   -7.4654e-02   -4.3067e-02
  293.5    2.6302e+00    3.4573e+00   -2.3923e-01   -6.8382e-02
  296.5    2.6817e+00    3.4573e+00   -2.2433e-01   -1.1442e-02
  299.5    3.2632e+00    3.4573e+00   -5.6155e-02    6.6785e-03
  302.5    3.5486e+00    3.4573e+00    2.6394e-02    3.7555e-02
  305.5    3.9423e+00    3.4573e+00    1.4028e-01    4.0621e-02
  308.5    5.1126e+00    3.4573e+00    4.7877e-01    7.6813e-02
  311.5    6.9610e+00    3.4573e+00    1.0134e+00    1.1432e-01
  314.5    7.9503e+00    3.4573e+00    1.2996e+00    2.8521e-01
  317.5    7.3659e+00    3.4573e+00    1.1305e+00    2.7057e-01
  320.5    5.6778e+00    3.4573e+00    6.4225e-01    2.0691e-01
  323.5    4.2784e+00    3.4573e+00    2.3749e-01    4.2189e-02
  326.5    3.5157e+00    3.4573e+00    1.6900e-02   -3.5529e-02
  329.5    3.1864e+00    3.4573e+00   -7.8359e-02    2.6962e-02
  332.5    2.6714e+00    3.4573e+00   -2.2731e-01   -1.2617e-01
  335.5    2.1045e+00    3.4573e+00   -3.9129e-01   -1.3047e-01
  338.5    2.3103e+00    3.4573e+00   -3.3177e-01   -1.0209e-01
  341.5    2.9809e+00    3.4573e+00   -1.3779e-01   -1.3042e-02
  344.5    3.0631e+00    3.4573e+00   -1.1401e-01   -2.7890e-02
  347.5    2.7980e+00    3.4573e+00   -1.9071e-01   -6.9219e-02
  350.5    2.7541e+00    3.4573e+00   -2.0340e-01   -3.6846e-02
  353.5    2.5495e+00    3.4573e+00   -2.6257e-01   -7.0760e-02
  356.5    2.3404e+00    3.4573e+00   -3.2305e-01   -4.7299e-02
  359.5    2.3947e+00    3.4573e+00   -3.0736e-01   -5.8797e-02
  15   120  14.31   54.0    1.0    0.0   ----------------------------
    2.5    2.8089e+00    3.0387e+00   -7.5643e-02   -2.9633e-02
    5.5    2.6172e+00    3.0387e+00   -1.3870e-01    4.3075e-02
    8.5    2.7250e+00    3.0387e+00   -1.0323e-01   -7.1021e-02
   11.5    2.6074e+00    3.0387e+00   -1.4194e-01   -6.4443e-02
   14.5    2.6339e+00    3.0387e+00   -1.3323e-01    6.6656e-03
   17.5    2.3406e+00    3.0387e+00   -2.2973e-01   -1.7114e-02
   20.5    1.8710e+00    3.0387e+00   -3.8427e-01   -4.0819e-02
   23.5    1.5066e+00    3.0387e+00   -5.0418e-01   -3.1754e-02
   26.5    1.8224e+00    3.0387e+00   -4.0027e-01   -7.0089e-02
   29.5    2.5907e+00    3.0387e+00   -1.4742e-01    2.6919e-02
   32.5    3.5670e+00    3.0387e+00    1.7386e-01   -6.1849e-03
   35.5    4.1717e+00    3.0387e+00    3.7286e-01    4.2076e-02
   38.5    5.0609e+00    3.0387e+00    6.6549e-01    8.5626e-02
   41.5    6.2049e+00    3.0387e+00    1.0419e+00    2.0303e-01
   44.5    6.6082e+00    3.0387e+00    1.1747e+00    2.4956e-01
   47.5    5.7436e+00    3.0387e+00    8.9015e-01    2.1328e-01
   50.5    4.1532e+00    3.0387e+00    3.6677e-01    1.2819e-01
   53.5    3.1065e+00    3.0387e+00    2.2308e-02    5.2260e-02
   56.5    2.8893e+00    3.0387e+00   -4.9158e-02    5.8654e-03
   59.5    2.6292e+00    3.0387e+00   -1.3478e-01    2.0549e-02
   62.5    2.0983e+00    3.0387e+00   -3.0948e-01   -5.8441e-02
   65.5    1.8360e+00    3.0387e+00   -3.9580e-01   -1.3527e-01
   68.5    2.1570e+00    3.0387e+00   -2.9017e-01   -8.6758e-02
   71.5    2.6031e+00    3.0387e+00   -1.4334e-01   -7.4469e-02
   74.5    2.6538e+00    3.0387e+00   -1.2668e-01   -7.3145e-02
   77.5    2.3008e+00    3.0387e+00   -2.4282e-01   -1.1790e-01
   80.5    2.3662e+00    3.0387e+00   -2.2131e-01   -2.7196e-02
   83.5    2.4500e+00    3.0387e+00   -1.9375e-01   -7.7185e-03
   86.5    2.6517e+00    3.0387e+00   -1.2737e-01   -9.2831e-03
   89.5    2.9570e+00    3.0387e+00   -2.6883e-02    2.9556e-02
   92.5    2.9183e+00    3.0387e+00   -3.9644e-02   -2.9633e-02
   95.5    2.7215e+00    3.0387e+00   -1.0438e-01    4.3075e-02
   98.5    2.5580e+00    3.0387e+00   -1.5819e-01   -7.1021e-02
  101.5    2.3656e+00    3.0387e+00   -2.2151e-01   -6.4443e-02
  104.5    2.5287e+00    3.0387e+00   -1.6784e-01    6.6656e-03
  107.5    2.6662e+00    3.0387e+00   -1.2261e-01   -1.7114e-02
  110.5    2.4965e+00    3.0387e+00   -1.7844e-01   -4.0819e-02
  113.5    2.1878e+00    3.0387e+00   -2.8003e-01   -3.1754e-02
  116.5    2.2683e+00    3.0387e+00   -2.5353e-01   -7.0089e-02
  119.5    2.1665e+00    3.0387e+00   -2.8704e-01    2.6919e-02
  122.5    2.3451e+00    3.0387e+00   -2.2826e-01   -6.1850e-03
  125.5    2.8077e+00    3.0387e+00   -7.6018e-02    4.2076e-02
  128.5    3.8774e+00    3.0387e+00    2.7600e-01    8.5626e-02
  131.5    5.2472e+00    3.0387e+00    7.2680e-01    2.0303e-01
  134.5    5.9636e+00    3.0387e+00    9.6253e-01    2.4956e-01
  137.5    5.6217e+00    3.0387e+00    8.5003e-01    2.1328e-01
  140.5    4.3851e+00    3.0387e+00    4.4306e-01    1.2819e-01
  143.5    3.4253e+00    3.0387e+00    1.2721e-01    5.2260e-02
  146.5    2.8444e+00    3.0387e+00   -6.3934e-02    5.8654e-03
  149.5    2.5341e+00    3.0387e+00   -1.6608e-01    2.0549e-02
  152.5    2.2271e+00    3.0387e+00   -2.6710e-01   -5.8441e-02
  155.5    1.7341e+00    3.0387e+00   -4.2934e-01   -1.3527e-01
  158.5    1.6228e+00    3.0387e+00   -4.6596e-01   -8.6758e-02
  161.5    1.9951e+00    3.0387e+00   -3.4344e-01   -7.4469e-02
  164.5    2.4021e+00    3.0387e+00   -2.0950e-01   -7.3145e-02
  167.5    2.5039e+00    3.0387e+00   -1.7601e-01   -1.1790e-01
  170.5    2.7139e+00    3.0387e+00   -1.0690e-01   -2.7196e-02
  173.5    2.7314e+00    3.0387e+00   -1.0113e-01   -7.7184e-03
  176.5    2.7589e+00    3.0387e+00   -9.2095e-02   -9.2831e-03
  179.5    2.9560e+00    3.0387e+00   -2.7221e-02    2.9556e-02
  182.5    2.8442e+00    3.0387e+00   -6.4017e-02   -2.9633e-02
  185.5    2.6537e+00    3.0387e+00   -1.2669e-01    4.3075e-02
  188.5    2.8204e+00    3.0387e+00   -7.1846e-02   -7.1021e-02
  191.5    2.5853e+00    3.0387e+00   -1.4921e-01   -6.4443e-02
  194.5    2.5825e+00    3.0387e+00   -1.5014e-01    6.6656e-03
  197.5    2.1925e+00    3.0387e+00   -2.7849e-01   -1.7114e-02
  200.5    1.7446e+00    3.0387e+00   -4.2589e-01   -4.0819e-02
  203.5    1.6288e+00    3.0387e+00   -4.6399e-01   -3.1754e-02
  206.5    1.9956e+00    3.0387e+00   -3.4328e-01   -7.0089e-02
  209.5    2.4893e+00    3.0387e+00   -1.8080e-01    2.6919e-02
  212.5    2.8987e+00    3.0387e+00   -4.6064e-02   -6.1849e-03
  215.5    3.4957e+00    3.0387e+00    1.5039e-01    4.2076e-02
  218.5    4.5522e+00    3.0387e+00    4.9808e-01    8.5626e-02
  221.5    6.2669e+00    3.0387e+00    1.0624e+00    2.0303e-01
  224.5    7.2853e+00    3.0387e+00    1.3975e+00    2.4956e-01
  227.5    7.0295e+00    3.0387e+00    1.3133e+00    2.1328e-01
  230.5    5.1592e+00    3.0387e+00    6.9781e-01    1.2819e-01
  233.5    3.4946e+00    3.0387e+00    1.5003e-01    5.2260e-02
  236.5    2.5683e+00    3.0387e+00   -1.5482e-01    5.8654e-03
  239.5    2.3350e+00    3.0387e+00   -2.3158e-01    2.0549e-02
  242.5    2.3377e+00    3.0387e+00   -2.3068e-01   -5.8441e-02
  245.5    2.1539e+00    3.0387e+00   -2.9119e-01   -1.3527e-01
  248.5    2.3142e+00    3.0387e+00   -2.3843e-01   -8.6758e-02
  251.5    2.6270e+00    3.0387e+00   -1.3548e-01   -7.4469e-02
  254.5    2.7373e+00    3.0387e+00   -9.9206e-02   -7.3145e-02
  257.5    2.4803e+00    3.0387e+00   -1.8376e-01   -1.1790e-01
  260.5    2.5328e+00    3.0387e+00   -1.6648e-01   -2.7196e-02
  263.5    2.6767e+00    3.0387e+00   -1.1914e-01   -7.7184e-03
  266.5    2.8231e+00    3.0387e+00   -7.0955e-02   -9.2831e-03
  269.5    3.0204e+00    3.0387e+00   -6.0209e-03    2.9556e-02
  272.5    2.8171e+00    3.0387e+00   -7.2916e-02   -2.9633e-02
  275.5    2.5541e+00    3.0387e+00   -1.5950e-01    4.3075e-02
  278.5    2.4025e+00    3.0387e+00   -2.0938e-01   -7.1021e-02
  281.5    2.3566e+00    3.0387e+00   -2.2448e-01   -6.4443e-02
  284.5    2.6105e+00    3.0387e+00   -1.4092e-01    6.6656e-03
  287.5    2.5527e+00    3.0387e+00   -1.5993e-01   -1.7114e-02
  290.5    2.2704e+00    3.0387e+00   -2.5284e-01   -4.0819e-02
  293.5    1.7738e+00    3.0387e+00   -4.1627e-01   -3.1754e-02
  296.5    1.9169e+00    3.0387e+00   -3.6918e-01   -7.0089e-02
  299.5    2.3142e+00    3.0387e+00   -2.3841e-01    2.6919e-02
  302.5    2.6150e+00    3.0387e+00   -1.3945e-01   -6.1849e-03
  305.5    3.3302e+00    3.0387e+00    9.5907e-02    4.2076e-02
  308.5    4.6308e+00    3.0387e+00    5.2393e-01    8.5626e-02
  311.5    6.0004e+00    3.0387e+00    9.7464e-01    2.0303e-01
  314.5    6.5042e+00    3.0387e+00    1.1404e+00    2.4956e-01
  317.5    6.2239e+00    3.0387e+00    1.0482e+00    2.1328e-01
  320.5    4.9572e+00    3.0387e+00    6.3136e-01    1.2819e-01
  323.5    3.7716e+00    3.0387e+00    2.4117e-01    5.2260e-02
  326.5    3.0419e+00    3.0387e+00    1.0456e-03    5.8654e-03
  329.5    2.8759e+00    3.0387e+00   -5.3583e-02    2.0549e-02
  332.5    2.2442e+00    3.0387e+00   -2.6146e-01   -5.8441e-02
  335.5    1.5292e+00    3.0387e+00   -4.9675e-01   -1.3527e-01
  338.5    1.6249e+00    3.0387e+00   -4.6526e-01   -8.6758e-02
  341.5    2.2063e+00    3.0387e+00   -2.7395e-01   -7.4469e-02
  344.5    2.5222e+00    3.0387e+00   -1.6998e-01   -7.3145e-02
  347.5    2.5084e+00    3.0387e+00   -1.7451e-01   -1.1790e-01
  350.5    2.5948e+00    3.0387e+00   -1.4609e-01   -2.7196e-02
  353.5    2.5657e+00    3.0387e+00   -1.5567e-01   -7.7185e-03
  356.5    2.7100e+00    3.0387e+00   -1.0817e-01   -9.2831e-03
  359.5    2.9883e+00    3.0387e+00   -1.6590e-02    2.9556e-02
  16   120  14.31   57.0    1.0    0.0   ----------------------------
    2.5    3.3466e+00    2.7879e+00    2.0039e-01    9.3809e-02
    5.5    2.8977e+00    2.7879e+00    3.9393e-02    4.8391e-02
    8.5    2.6230e+00    2.7879e+00   -5.9146e-02   -2.4587e-02
   11.5    2.3176e+00    2.7879e+00   -1.6868e-01   -1.0614e-03
   14.5    2.3042e+00    2.7879e+00   -1.7350e-01   -7.5992e-02
   17.5    2.2326e+00    2.7879e+00   -1.9917e-01   -6.1373e-02
   20.5    2.0517e+00    2.7879e+00   -2.6407e-01   -5.7375e-02
   23.5    1.9433e+00    2.7879e+00   -3.0295e-01   -1.0650e-02
   26.5    2.0955e+00    2.7879e+00   -2.4836e-01    1.3146e-02
   29.5    2.7300e+00    2.7879e+00   -2.0780e-02   -1.8725e-03
   32.5    3.5240e+00    2.7879e+00    2.6403e-01    5.0220e-02
   35.5    3.7714e+00    2.7879e+00    3.5278e-01    1.3233e-01
   38.5    3.7966e+00    2.7879e+00    3.6180e-01    3.4670e-02
   41.5    3.9325e+00    2.7879e+00    4.1056e-01   -1.1342e-02
   44.5    3.9853e+00    2.7879e+00    4.2949e-01    7.3592e-02
   47.5    3.5299e+00    2.7879e+00    2.6614e-01    1.2980e-01
   50.5    2.8415e+00    2.7879e+00    1.9229e-02    5.3993e-02
   53.5    2.7092e+00    2.7879e+00   -2.8237e-02   -1.1040e-02
   56.5    3.1935e+00    2.7879e+00    1.4547e-01    3.3464e-02
   59.5    2.8668e+00    2.7879e+00    2.8318e-02    1.2694e-02
   62.5    1.8419e+00    2.7879e+00   -3.3931e-01   -9.6733e-02
   65.5    1.5470e+00    2.7879e+00   -4.4511e-01   -1.0261e-01
   68.5    1.7425e+00    2.7879e+00   -3.7497e-01   -6.5409e-02
   71.5    2.0079e+00    2.7879e+00   -2.7979e-01   -4.5546e-02
   74.5    2.2732e+00    2.7879e+00   -1.8463e-01   -1.0945e-01
   77.5    2.1501e+00    2.7879e+00   -2.2876e-01   -8.2310e-02
   80.5    2.2925e+00    2.7879e+00   -1.7771e-01   -3.0329e-03
   83.5    2.6894e+00    2.7879e+00   -3.5342e-02    1.5245e-02
   86.5    3.1470e+00    2.7879e+00    1.2881e-01    6.0847e-02
   89.5    3.5937e+00    2.7879e+00    2.8902e-01    8.1568e-02
   92.5    3.6368e+00    2.7879e+00    3.0449e-01    9.3809e-02
   95.5    3.2932e+00    2.7879e+00    1.8124e-01    4.8391e-02
   98.5    2.8209e+00    2.7879e+00    1.1821e-02   -2.4587e-02
  101.5    2.3867e+00    2.7879e+00   -1.4392e-01   -1.0614e-03
  104.5    2.3926e+00    2.7879e+00   -1.4180e-01   -7.5992e-02
  107.5    2.2943e+00    2.7879e+00   -1.7707e-01   -6.1373e-02
  110.5    2.2189e+00    2.7879e+00   -2.0409e-01   -5.7375e-02
  113.5    2.1305e+00    2.7879e+00   -2.3581e-01   -1.0650e-02
  116.5    2.1892e+00    2.7879e+00   -2.1475e-01    1.3146e-02
  119.5    2.7251e+00    2.7879e+00   -2.2516e-02   -1.8725e-03
  122.5    2.8456e+00    2.7879e+00    2.0713e-02    5.0220e-02
  125.5    2.7681e+00    2.7879e+00   -7.0972e-03    1.3233e-01
  128.5    3.1332e+00    2.7879e+00    1.2386e-01    3.4670e-02
  131.5    3.7193e+00    2.7879e+00    3.3409e-01   -1.1342e-02
  134.5    3.9698e+00    2.7879e+00    4.2394e-01    7.3592e-02
  137.5    3.8966e+00    2.7879e+00    3.9767e-01    1.2980e-01
  140.5    3.4380e+00    2.7879e+00    2.3318e-01    5.3993e-02
  143.5    3.2448e+00    2.7879e+00    1.6389e-01   -1.1040e-02
  146.5    3.3497e+00    2.7879e+00    2.0152e-01    3.3464e-02
  149.5    3.0620e+00    2.7879e+00    9.8325e-02    1.2694e-02
  152.5    2.2816e+00    2.7879e+00   -1.8162e-01   -9.6733e-02
  155.5    1.7609e+00    2.7879e+00   -3.6839e-01   -1.0261e-01
  158.5    1.6882e+00    2.7879e+00   -3.9444e-01   -6.5409e-02
  161.5    1.8711e+00    2.7879e+00   -3.2885e-01   -4.5546e-02
  164.5    2.1137e+00    2.7879e+00   -2.4182e-01   -1.0945e-01
  167.5    2.2259e+00    2.7879e+00   -2.0159e-01   -8.2310e-02
  170.5    2.4721e+00    2.7879e+00   -1.1328e-01   -3.0329e-03
  173.5    2.8524e+00    2.7879e+00    2.3128e-02    1.5245e-02
  176.5    3.3789e+00    2.7879e+00    2.1199e-01    6.0847e-02
  179.5    3.8367e+00    2.7879e+00    3.7621e-01    8.1568e-02
  182.5    3.4781e+00    2.7879e+00    2.4755e-01    9.3809e-02
  185.5    2.9480e+00    2.7879e+00    5.7410e-02    4.8391e-02
  188.5    2.5331e+00    2.7879e+00   -9.1390e-02   -2.4587e-02
  191.5    2.1903e+00    2.7879e+00   -2.1437e-01   -1.0614e-03
  194.5    2.1910e+00    2.7879e+00   -2.1410e-01   -7.5992e-02
  197.5    1.8859e+00    2.7879e+00   -3.2354e-01   -6.1373e-02
  200.5    1.6698e+00    2.7879e+00   -4.0107e-01   -5.7375e-02
  203.5    1.7348e+00    2.7879e+00   -3.7775e-01   -1.0650e-02
  206.5    2.0314e+00    2.7879e+00   -2.7134e-01    1.3146e-02
  209.5    2.6973e+00    2.7879e+00   -3.2501e-02   -1.8725e-03
  212.5    3.2868e+00    2.7879e+00    1.7896e-01    5.0220e-02
  215.5    3.3814e+00    2.7879e+00    2.1288e-01    1.3233e-01
  218.5    3.4789e+00    2.7879e+00    2.4786e-01    3.4670e-02
  221.5    4.5044e+00    2.7879e+00    6.1568e-01   -1.1342e-02
  224.5    4.8874e+00    2.7879e+00    7.5308e-01    7.3592e-02
  227.5    4.7414e+00    2.7879e+00    7.0072e-01    1.2980e-01
  230.5    3.7963e+00    2.7879e+00    3.6170e-01    5.3993e-02
  233.5    2.9222e+00    2.7879e+00    4.8169e-02   -1.1040e-02
  236.5    2.8453e+00    2.7879e+00    2.0593e-02    3.3464e-02
  239.5    2.8521e+00    2.7879e+00    2.3021e-02    1.2694e-02
  242.5    2.4220e+00    2.7879e+00   -1.3124e-01   -9.6733e-02
  245.5    2.0558e+00    2.7879e+00   -2.6259e-01   -1.0261e-01
  248.5    2.1459e+00    2.7879e+00   -2.3026e-01   -6.5409e-02
  251.5    2.2387e+00    2.7879e+00   -1.9700e-01   -4.5546e-02
  254.5    2.3393e+00    2.7879e+00   -1.6093e-01   -1.0945e-01
  257.5    2.3617e+00    2.7879e+00   -1.5288e-01   -8.2310e-02
  260.5    2.6468e+00    2.7879e+00   -5.0606e-02   -3.0329e-03
  263.5    3.0546e+00    2.7879e+00    9.5665e-02    1.5245e-02
  266.5    3.4303e+00    2.7879e+00    2.3041e-01    6.0847e-02
  269.5    3.6173e+00    2.7879e+00    2.9750e-01    8.1568e-02
  272.5    3.3413e+00    2.7879e+00    1.9852e-01    9.3809e-02
  275.5    2.9457e+00    2.7879e+00    5.6611e-02    4.8391e-02
  278.5    2.4780e+00    2.7879e+00   -1.1117e-01   -2.4587e-02
  281.5    2.1645e+00    2.7879e+00   -2.2359e-01   -1.0614e-03
  284.5    2.1775e+00    2.7879e+00   -2.1895e-01   -7.5992e-02
  287.5    2.0215e+00    2.7879e+00   -2.7489e-01   -6.1373e-02
  290.5    1.8010e+00    2.7879e+00   -3.5399e-01   -5.7375e-02
  293.5    1.7293e+00    2.7879e+00   -3.7970e-01   -1.0650e-02
  296.5    1.8485e+00    2.7879e+00   -3.3697e-01    1.3146e-02
  299.5    2.4885e+00    2.7879e+00   -1.0738e-01   -1.8725e-03
  302.5    2.8351e+00    2.7879e+00    1.6943e-02    5.0220e-02
  305.5    2.9281e+00    2.7879e+00    5.0283e-02    1.3233e-01
  308.5    3.3045e+00    2.7879e+00    1.8531e-01    3.4670e-02
  311.5    3.8318e+00    2.7879e+00    3.7445e-01   -1.1342e-02
  314.5    4.0107e+00    2.7879e+00    4.3860e-01    7.3592e-02
  317.5    4.0052e+00    2.7879e+00    4.3662e-01    1.2980e-01
  320.5    3.5139e+00    2.7879e+00    2.6043e-01    5.3993e-02
  323.5    3.1042e+00    2.7879e+00    1.1346e-01   -1.1040e-02
  326.5    3.1488e+00    2.7879e+00    1.2945e-01    3.3464e-02
  329.5    3.1161e+00    2.7879e+00    1.1773e-01    1.2694e-02
  332.5    2.4739e+00    2.7879e+00   -1.1263e-01   -9.6733e-02
  335.5    1.7598e+00    2.7879e+00   -3.6876e-01   -1.0261e-01
  338.5    1.9019e+00    2.7879e+00   -3.1779e-01   -6.5409e-02
  341.5    2.1155e+00    2.7879e+00   -2.4120e-01   -4.5546e-02
  344.5    2.3707e+00    2.7879e+00   -1.4964e-01   -1.0945e-01
  347.5    2.3963e+00    2.7879e+00   -1.4048e-01   -8.2310e-02
  350.5    2.5413e+00    2.7879e+00   -8.8464e-02   -3.0329e-03
  353.5    2.9218e+00    2.7879e+00    4.8013e-02    1.5245e-02
  356.5    3.3047e+00    2.7879e+00    1.8537e-01    6.0847e-02
  359.5    3.6250e+00    2.7879e+00    3.0027e-01    8.1568e-02
  17   120  14.31   60.0    1.0    0.0   ----------------------------
    2.5    3.5281e+00    2.6166e+00    3.4834e-01    1.1296e-01
    5.5    3.1617e+00    2.6166e+00    2.0833e-01    9.7735e-02
    8.5    2.6200e+00    2.6166e+00    1.2890e-03    1.2468e-01
   11.5    2.2616e+00    2.6166e+00   -1.3568e-01   -7.3588e-02
   14.5    2.2016e+00    2.6166e+00   -1.5860e-01   -9.3714e-02
   17.5    2.3049e+00    2.6166e+00   -1.1912e-01   -1.7338e-02
   20.5    2.5835e+00    2.6166e+00   -1.2663e-02    1.1898e-02
   23.5    2.6121e+00    2.6166e+00   -1.7433e-03   -2.0921e-02
   26.5    2.5998e+00    2.6166e+00   -6.4297e-03   -1.2927e-02
   29.5    2.9629e+00    2.6166e+00    1.3234e-01    5.3120e-02
   32.5    3.1038e+00    2.6166e+00    1.8620e-01    1.1985e-01
   35.5    2.8645e+00    2.6166e+00    9.4730e-02    2.7067e-02
   38.5    2.6422e+00    2.6166e+00    9.7697e-03   -8.9353e-02
   41.5    2.6052e+00    2.6166e+00   -4.3826e-03   -1.5640e-02
   44.5    2.6114e+00    2.6166e+00   -2.0055e-03   -1.1097e-02
   47.5    2.3244e+00    2.6166e+00   -1.1167e-01   -6.1004e-03
   50.5    1.9986e+00    2.6166e+00   -2.3619e-01   -4.6206e-02
   53.5    2.4909e+00    2.6166e+00   -4.8048e-02    3.2013e-03
   56.5    2.8999e+00    2.6166e+00    1.0826e-01    2.8753e-02
   59.5    2.7742e+00    2.6166e+00    6.0225e-02    1.1186e-01
   62.5    2.1854e+00    2.6166e+00   -1.6481e-01   -5.7615e-02
   65.5    2.0688e+00    2.6166e+00   -2.0935e-01   -5.2352e-02
   68.5    2.0369e+00    2.6166e+00   -2.2155e-01   -4.5516e-02
   71.5    1.9590e+00    2.6166e+00   -2.5134e-01   -2.3086e-02
   74.5    2.1133e+00    2.6166e+00   -1.9237e-01   -7.6781e-02
   77.5    2.1341e+00    2.6166e+00   -1.8442e-01   -8.4072e-02
   80.5    2.2064e+00    2.6166e+00   -1.5679e-01   -1.4423e-02
   83.5    2.7328e+00    2.6166e+00    4.4408e-02    5.3256e-02
   86.5    3.1925e+00    2.6166e+00    2.2007e-01    5.7264e-02
   89.5    3.4518e+00    2.6166e+00    3.1916e-01    9.5539e-02
   92.5    3.5213e+00    2.6166e+00    3.4574e-01    1.1296e-01
   95.5    3.2001e+00    2.6166e+00    2.2298e-01    9.7735e-02
   98.5    2.6544e+00    2.6166e+00    1.4443e-02    1.2468e-01
  101.5    2.3530e+00    2.6166e+00   -1.0077e-01   -7.3588e-02
  104.5    2.2330e+00    2.6166e+00   -1.4663e-01   -9.3713e-02
  107.5    2.1101e+00    2.6166e+00   -1.9358e-01   -1.7338e-02
  110.5    2.1553e+00    2.6166e+00   -1.7633e-01    1.1898e-02
  113.5    2.2728e+00    2.6166e+00   -1.3142e-01   -2.0921e-02
  116.5    2.5755e+00    2.6166e+00   -1.5712e-02   -1.2927e-02
  119.5    3.1771e+00    2.6166e+00    2.1418e-01    5.3120e-02
  122.5    3.0235e+00    2.6166e+00    1.5548e-01    1.1985e-01
  125.5    2.4060e+00    2.6166e+00   -8.0495e-02    2.7067e-02
  128.5    2.1680e+00    2.6166e+00   -1.7146e-01   -8.9353e-02
  131.5    2.3265e+00    2.6166e+00   -1.1090e-01   -1.5640e-02
  134.5    2.5533e+00    2.6166e+00   -2.4205e-02   -1.1097e-02
  137.5    2.4967e+00    2.6166e+00   -4.5817e-02   -6.1004e-03
  140.5    2.4362e+00    2.6166e+00   -6.8953e-02   -4.6206e-02
  143.5    2.7306e+00    2.6166e+00    4.3556e-02    3.2013e-03
  146.5    3.2829e+00    2.6166e+00    2.5465e-01    2.8753e-02
  149.5    3.5512e+00    2.6166e+00    3.5718e-01    1.1186e-01
  152.5    3.0295e+00    2.6166e+00    1.5778e-01   -5.7615e-02
  155.5    2.4529e+00    2.6166e+00   -6.2590e-02   -5.2352e-02
  158.5    2.3042e+00    2.6166e+00   -1.1941e-01   -4.5516e-02
  161.5    2.1434e+00    2.6166e+00   -1.8087e-01   -2.3086e-02
  164.5    2.1130e+00    2.6166e+00   -1.9246e-01   -7.6781e-02
  167.5    2.0925e+00    2.6166e+00   -2.0029e-01   -8.4072e-02
  170.5    2.0493e+00    2.6166e+00   -2.1682e-01   -1.4423e-02
  173.5    2.6454e+00    2.6166e+00    1.0985e-02    5.3256e-02
  176.5    3.3144e+00    2.6166e+00    2.6668e-01    5.7264e-02
  179.5    3.7065e+00    2.6166e+00    4.1653e-01    9.5539e-02
  182.5    3.4538e+00    2.6166e+00    3.1994e-01    1.1296e-01
  185.5    2.9356e+00    2.6166e+00    1.2190e-01    9.7735e-02
  188.5    2.2514e+00    2.6166e+00   -1.3960e-01    1.2468e-01
  191.5    1.9875e+00    2.6166e+00   -2.4042e-01   -7.3588e-02
  194.5    2.0898e+00    2.6166e+00   -2.0133e-01   -9.3713e-02
  197.5    2.1367e+00    2.6166e+00   -1.8342e-01   -1.7338e-02
  200.5    2.1583e+00    2.6166e+00   -1.7515e-01    1.1898e-02
  203.5    2.3352e+00    2.6166e+00   -1.0757e-01   -2.0921e-02
  206.5    2.6130e+00    2.6166e+00   -1.3949e-03   -1.2927e-02
  209.5    3.5523e+00    2.6166e+00    3.5758e-01    5.3120e-02
  212.5    3.7038e+00    2.6166e+00    4.1549e-01    1.1985e-01
  215.5    3.0419e+00    2.6166e+00    1.6254e-01    2.7067e-02
  218.5    2.6304e+00    2.6166e+00    5.2722e-03   -8.9353e-02
  221.5    2.8606e+00    2.6166e+00    9.3241e-02   -1.5640e-02
  224.5    3.0254e+00    2.6166e+00    1.5622e-01   -1.1097e-02
  227.5    2.8985e+00    2.6166e+00    1.0772e-01   -6.1004e-03
  230.5    2.4446e+00    2.6166e+00   -6.5744e-02   -4.6206e-02
  233.5    2.2506e+00    2.6166e+00   -1.3988e-01    3.2013e-03
  236.5    2.9458e+00    2.6166e+00    1.2582e-01    2.8753e-02
  239.5    3.3717e+00    2.6166e+00    2.8858e-01    1.1186e-01
  242.5    2.9062e+00    2.6166e+00    1.1068e-01   -5.7615e-02
  245.5    2.2798e+00    2.6166e+00   -1.2871e-01   -5.2352e-02
  248.5    2.1722e+00    2.6166e+00   -1.6983e-01   -4.5516e-02
  251.5    2.1151e+00    2.6166e+00   -1.9168e-01   -2.3086e-02
  254.5    2.1759e+00    2.6166e+00   -1.6845e-01   -7.6781e-02
  257.5    2.3032e+00    2.6166e+00   -1.1978e-01   -8.4072e-02
  260.5    2.5260e+00    2.6166e+00   -3.4620e-02   -1.4423e-02
  263.5    2.9506e+00    2.6166e+00    1.2763e-01    5.3256e-02
  266.5    3.2775e+00    2.6166e+00    2.5256e-01    5.7264e-02
  269.5    3.3043e+00    2.6166e+00    2.6279e-01    9.5539e-02
  272.5    3.1844e+00    2.6166e+00    2.1699e-01    1.1296e-01
  275.5    2.8968e+00    2.6166e+00    1.0708e-01    9.7735e-02
  278.5    2.3927e+00    2.6166e+00   -8.5596e-02    1.2468e-01
  281.5    2.0368e+00    2.6166e+00   -2.2159e-01   -7.3588e-02
  284.5    2.0215e+00    2.6166e+00   -2.2744e-01   -9.3713e-02
  287.5    2.0034e+00    2.6166e+00   -2.3435e-01   -1.7338e-02
  290.5    2.0761e+00    2.6166e+00   -2.0656e-01    1.1898e-02
  293.5    2.2645e+00    2.6166e+00   -1.3458e-01   -2.0921e-02
  296.5    2.3251e+00    2.6166e+00   -1.1141e-01   -1.2927e-02
  299.5    2.8730e+00    2.6166e+00    9.7970e-02    5.3120e-02
  302.5    2.8796e+00    2.6166e+00    1.0050e-01    1.1985e-01
  305.5    2.3616e+00    2.6166e+00   -9.7467e-02    2.7067e-02
  308.5    2.0640e+00    2.6166e+00   -2.1119e-01   -8.9353e-02
  311.5    2.2188e+00    2.6166e+00   -1.5205e-01   -1.5640e-02
  314.5    2.5090e+00    2.6166e+00   -4.1144e-02   -1.1097e-02
  317.5    2.4145e+00    2.6166e+00   -7.7266e-02   -6.1004e-03
  320.5    2.3750e+00    2.6166e+00   -9.2352e-02   -4.6206e-02
  323.5    2.6225e+00    2.6166e+00    2.2310e-03    3.2013e-03
  326.5    3.3024e+00    2.6166e+00    2.6209e-01    2.8753e-02
  329.5    3.4890e+00    2.6166e+00    3.3341e-01    1.1186e-01
  332.5    2.8905e+00    2.6166e+00    1.0465e-01   -5.7615e-02
  335.5    2.4921e+00    2.6166e+00   -4.7603e-02   -5.2352e-02
  338.5    2.5611e+00    2.6166e+00   -2.1212e-02   -4.5516e-02
  341.5    2.3573e+00    2.6166e+00   -9.9097e-02   -2.3086e-02
  344.5    2.2162e+00    2.6166e+00   -1.5305e-01   -7.6781e-02
  347.5    2.2020e+00    2.6166e+00   -1.5845e-01   -8.4072e-02
  350.5    2.3765e+00    2.6166e+00   -9.1781e-02   -1.4423e-02
  353.5    2.8225e+00    2.6166e+00    7.8666e-02    5.3256e-02
  356.5    3.2411e+00    2.6166e+00    2.3866e-01    5.7264e-02
  359.5    3.5170e+00    2.6166e+00    3.4410e-01    9.5539e-02
  18   120  14.31   63.0    1.0    0.0   ----------------------------
    2.5    3.9414e+00    2.5324e+00    5.5636e-01    1.0547e-01
    5.5    3.3197e+00    2.5324e+00    3.1089e-01    7.3973e-02
    8.5    2.3179e+00    2.5324e+00   -8.4712e-02   -5.0058e-03
   11.5    1.7429e+00    2.5324e+00   -3.1179e-01   -4.6148e-02
   14.5    1.8483e+00    2.5324e+00   -2.7013e-01    1.7398e-03
   17.5    2.4440e+00    2.5324e+00   -3.4942e-02    1.1656e-02
   20.5    3.0979e+00    2.5324e+00    2.2329e-01    1.1397e-01
   23.5    3.2940e+00    2.5324e+00    3.0073e-01    2.8920e-02
   26.5    3.1617e+00    2.5324e+00    2.4850e-01   -2.2824e-02
   29.5    3.0378e+00    2.5324e+00    1.9957e-01    2.2249e-02
   32.5    2.2622e+00    2.5324e+00   -1.0672e-01    1.7492e-02
   35.5    1.7321e+00    2.5324e+00   -3.1604e-01   -2.3349e-02
   38.5    1.7823e+00    2.5324e+00   -2.9621e-01   -1.0125e-01
   41.5    2.1857e+00    2.5324e+00   -1.3690e-01   -9.8151e-02
   44.5    2.4293e+00    2.5324e+00   -4.0743e-02   -3.2633e-02
   47.5    1.9845e+00    2.5324e+00   -2.1636e-01   -2.3684e-02
   50.5    1.7851e+00    2.5324e+00   -2.9510e-01   -6.6417e-02
   53.5    1.7447e+00    2.5324e+00   -3.1107e-01   -1.2229e-01
   56.5    1.9299e+00    2.5324e+00   -2.3793e-01   -9.9457e-02
   59.5    2.3860e+00    2.5324e+00   -5.7816e-02   -6.0398e-02
   62.5    2.6359e+00    2.5324e+00    4.0848e-02    3.9614e-03
   65.5    2.9886e+00    2.5324e+00    1.8014e-01    7.6207e-03
   68.5    3.2339e+00    2.5324e+00    2.7699e-01    4.2370e-02
   71.5    2.6759e+00    2.5324e+00    5.6658e-02    3.3331e-02
   74.5    2.0531e+00    2.5324e+00   -1.8926e-01    1.1143e-02
   77.5    1.7311e+00    2.5324e+00   -3.1643e-01   -1.0755e-02
   80.5    1.9125e+00    2.5324e+00   -2.4481e-01   -7.8019e-02
   83.5    2.8548e+00    2.5324e+00    1.2728e-01    5.9243e-03
   86.5    3.4637e+00    2.5324e+00    3.6771e-01    1.6701e-01
   89.5    3.6539e+00    2.5324e+00    4.4283e-01    2.8854e-01
   92.5    3.7857e+00    2.5324e+00    4.9487e-01    1.0547e-01
   95.5    3.3512e+00    2.5324e+00    3.2333e-01    7.3973e-02
   98.5    2.4336e+00    2.5324e+00   -3.9048e-02   -5.0058e-03
  101.5    1.8927e+00    2.5324e+00   -2.5262e-01   -4.6148e-02
  104.5    1.9454e+00    2.5324e+00   -2.3180e-01    1.7398e-03
  107.5    2.2727e+00    2.5324e+00   -1.0258e-01    1.1656e-02
  110.5    2.8187e+00    2.5324e+00    1.1303e-01    1.1397e-01
  113.5    2.8263e+00    2.5324e+00    1.1603e-01    2.8920e-02
  116.5    2.7840e+00    2.5324e+00    9.9334e-02   -2.2824e-02
  119.5    2.9869e+00    2.5324e+00    1.7946e-01    2.2249e-02
  122.5    2.4399e+00    2.5324e+00   -3.6546e-02    1.7492e-02
  125.5    1.8503e+00    2.5324e+00   -2.6936e-01   -2.3349e-02
  128.5    1.6856e+00    2.5324e+00   -3.3438e-01   -1.0125e-01
  131.5    1.9030e+00    2.5324e+00   -2.4856e-01   -9.8151e-02
  134.5    2.2560e+00    2.5324e+00   -1.0916e-01   -3.2633e-02
  137.5    2.1672e+00    2.5324e+00   -1.4423e-01   -2.3684e-02
  140.5    1.8075e+00    2.5324e+00   -2.8627e-01   -6.6417e-02
  143.5    1.8075e+00    2.5324e+00   -2.8625e-01   -1.2229e-01
  146.5    2.1837e+00    2.5324e+00   -1.3771e-01   -9.9457e-02
  149.5    3.0925e+00    2.5324e+00    2.2115e-01   -6.0398e-02
  152.5    3.3403e+00    2.5324e+00    3.1901e-01    3.9614e-03
  155.5    3.2242e+00    2.5324e+00    2.7317e-01    7.6207e-03
  158.5    3.4668e+00    2.5324e+00    3.6895e-01    4.2370e-02
  161.5    3.0617e+00    2.5324e+00    2.0899e-01    3.3331e-02
  164.5    2.3461e+00    2.5324e+00   -7.3565e-02    1.1143e-02
  167.5    1.9120e+00    2.5324e+00   -2.4499e-01   -1.0755e-02
  170.5    1.8493e+00    2.5324e+00   -2.6975e-01   -7.8019e-02
  173.5    2.5837e+00    2.5324e+00    2.0225e-02    5.9243e-03
  176.5    3.2910e+00    2.5324e+00    2.9956e-01    1.6701e-01
  179.5    3.5175e+00    2.5324e+00    3.8898e-01    2.8854e-01
  182.5    3.2931e+00    2.5324e+00    3.0037e-01    1.0547e-01
  185.5    2.8365e+00    2.5324e+00    1.2006e-01    7.3973e-02
  188.5    2.0591e+00    2.5324e+00   -1.8692e-01   -5.0058e-03
  191.5    1.8116e+00    2.5324e+00   -2.8465e-01   -4.6148e-02
  194.5    2.1727e+00    2.5324e+00   -1.4207e-01    1.7398e-03
  197.5    2.8757e+00    2.5324e+00    1.3554e-01    1.1656e-02
  200.5    3.3455e+00    2.5324e+00    3.2104e-01    1.1397e-01
  203.5    3.2260e+00    2.5324e+00    2.7387e-01    2.8920e-02
  206.5    3.0447e+00    2.5324e+00    2.0227e-01   -2.2824e-02
  209.5    3.2573e+00    2.5324e+00    2.8621e-01    2.2249e-02
  212.5    2.5954e+00    2.5324e+00    2.4872e-02    1.7492e-02
  215.5    1.9355e+00    2.5324e+00   -2.3573e-01   -2.3349e-02
  218.5    1.7974e+00    2.5324e+00   -2.9025e-01   -1.0125e-01
  221.5    2.0916e+00    2.5324e+00   -1.7407e-01   -9.8151e-02
  224.5    2.3286e+00    2.5324e+00   -8.0491e-02   -3.2633e-02
  227.5    2.0925e+00    2.5324e+00   -1.7373e-01   -2.3684e-02
  230.5    1.6599e+00    2.5324e+00   -3.4456e-01   -6.6417e-02
  233.5    1.6495e+00    2.5324e+00   -3.4865e-01   -1.2229e-01
  236.5    2.1249e+00    2.5324e+00   -1.6092e-01   -9.9457e-02
  239.5    3.0554e+00    2.5324e+00    2.0651e-01   -6.0398e-02
  242.5    2.9891e+00    2.5324e+00    1.8033e-01    3.9614e-03
  245.5    2.6261e+00    2.5324e+00    3.6996e-02    7.6207e-03
  248.5    2.6614e+00    2.5324e+00    5.0940e-02    4.2370e-02
  251.5    2.3709e+00    2.5324e+00   -6.3780e-02    3.3331e-02
  254.5    1.9807e+00    2.5324e+00   -2.1785e-01    1.1143e-02
  257.5    1.8810e+00    2.5324e+00   -2.5724e-01   -1.0755e-02
  260.5    2.1846e+00    2.5324e+00   -1.3733e-01   -7.8019e-02
  263.5    3.0041e+00    2.5324e+00    1.8626e-01    5.9243e-03
  266.5    3.7540e+00    2.5324e+00    4.8238e-01    1.6701e-01
  269.5    3.7658e+00    2.5324e+00    4.8703e-01    2.8854e-01
  272.5    3.6287e+00    2.5324e+00    4.3287e-01    1.0547e-01
  275.5    3.1515e+00    2.5324e+00    2.4445e-01    7.3973e-02
  278.5    2.1646e+00    2.5324e+00   -1.4523e-01   -5.0058e-03
  281.5    1.5381e+00    2.5324e+00   -3.9265e-01   -4.6148e-02
  284.5    1.7590e+00    2.5324e+00   -3.0542e-01    1.7398e-03
  287.5    2.3815e+00    2.5324e+00   -5.9599e-02    1.1656e-02
  290.5    2.9272e+00    2.5324e+00    1.5588e-01    1.1397e-01
  293.5    2.9911e+00    2.5324e+00    1.8111e-01    2.8920e-02
  296.5    2.7861e+00    2.5324e+00    1.0017e-01   -2.2824e-02
  299.5    2.7882e+00    2.5324e+00    1.0097e-01    2.2249e-02
  302.5    2.1912e+00    2.5324e+00   -1.3473e-01    1.7492e-02
  305.5    1.6803e+00    2.5324e+00   -3.3648e-01   -2.3349e-02
  308.5    1.6181e+00    2.5324e+00   -3.6103e-01   -1.0125e-01
  311.5    1.7910e+00    2.5324e+00   -2.9277e-01   -9.8151e-02
  314.5    2.2755e+00    2.5324e+00   -1.0146e-01   -3.2633e-02
  317.5    2.0775e+00    2.5324e+00   -1.7965e-01   -2.3684e-02
  320.5    1.7907e+00    2.5324e+00   -2.9291e-01   -6.6417e-02
  323.5    2.0248e+00    2.5324e+00   -2.0044e-01   -1.2229e-01
  326.5    2.3947e+00    2.5324e+00   -5.4384e-02   -9.9457e-02
  329.5    3.1446e+00    2.5324e+00    2.4175e-01   -6.0398e-02
  332.5    3.2337e+00    2.5324e+00    2.7691e-01    3.9614e-03
  335.5    3.2612e+00    2.5324e+00    2.8779e-01    7.6207e-03
  338.5    3.2485e+00    2.5324e+00    2.8277e-01    4.2370e-02
  341.5    2.7096e+00    2.5324e+00    6.9965e-02    3.3331e-02
  344.5    1.9613e+00    2.5324e+00   -2.2554e-01    1.1143e-02
  347.5    1.6961e+00    2.5324e+00   -3.3024e-01   -1.0755e-02
  350.5    1.9209e+00    2.5324e+00   -2.4150e-01   -7.8019e-02
  353.5    2.6612e+00    2.5324e+00    5.0840e-02    5.9242e-03
  356.5    3.3426e+00    2.5324e+00    3.1991e-01    1.6701e-01
  359.5    3.7686e+00    2.5324e+00    4.8812e-01    2.8854e-01
  19   120  14.31   66.0    1.0    0.0   ----------------------------
    2.5    3.2975e+00    2.4183e+00    3.6358e-01    7.3588e-02
    5.5    2.4915e+00    2.4183e+00    3.0279e-02   -3.1075e-03
    8.5    1.6617e+00    2.4183e+00   -3.1283e-01   -6.6903e-02
   11.5    1.5001e+00    2.4183e+00   -3.7969e-01   -4.6389e-02
   14.5    2.0161e+00    2.4183e+00   -1.6632e-01    2.2073e-02
   17.5    2.8794e+00    2.4183e+00    1.9067e-01    1.0089e-01
   20.5    3.4410e+00    2.4183e+00    4.2294e-01    1.9259e-01
   23.5    3.3252e+00    2.4183e+00    3.7504e-01    8.0941e-02
   26.5    3.0245e+00    2.4183e+00    2.5068e-01    4.6396e-02
   29.5    2.3931e+00    2.4183e+00   -1.0416e-02    3.2035e-02
   32.5    1.5760e+00    2.4183e+00   -3.4828e-01   -1.0765e-01
   35.5    1.2496e+00    2.4183e+00   -4.8324e-01   -9.2682e-02
   38.5    1.5041e+00    2.4183e+00   -3.7803e-01   -1.5610e-01
   41.5    2.3233e+00    2.4183e+00   -3.9261e-02   -4.9532e-02
   44.5    2.7242e+00    2.4183e+00    1.2650e-01    4.6051e-02
   47.5    2.2378e+00    2.4183e+00   -7.4643e-02    5.4386e-02
   50.5    1.7057e+00    2.4183e+00   -2.9466e-01   -7.2344e-02
   53.5    1.3599e+00    2.4183e+00   -4.3766e-01   -8.1433e-02
   56.5    1.1589e+00    2.4183e+00   -5.2077e-01   -1.4613e-01
   59.5    1.8980e+00    2.4183e+00   -2.1512e-01   -6.1841e-02
   62.5    2.6973e+00    2.4183e+00    1.1538e-01    2.3946e-02
   65.5    3.3609e+00    2.4183e+00    3.8982e-01    2.7018e-02
   68.5    3.8736e+00    2.4183e+00    6.0182e-01    7.9931e-02
   71.5    3.6538e+00    2.4183e+00    5.1092e-01    1.2456e-01
   74.5    2.5850e+00    2.4183e+00    6.8953e-02    1.4634e-01
   77.5    1.6893e+00    2.4183e+00   -3.0143e-01   -8.3820e-04
   80.5    1.4718e+00    2.4183e+00   -3.9138e-01   -1.0596e-01
   83.5    2.0841e+00    2.4183e+00   -1.3818e-01   -6.5530e-02
   86.5    2.9073e+00    2.4183e+00    2.0222e-01    1.3674e-03
   89.5    3.2424e+00    2.4183e+00    3.4080e-01    1.2749e-01
   92.5    3.3258e+00    2.4183e+00    3.7528e-01    7.3588e-02
   95.5    2.6396e+00    2.4183e+00    9.1515e-02   -3.1075e-03
   98.5    1.9105e+00    2.4183e+00   -2.0996e-01   -6.6903e-02
  101.5    1.6517e+00    2.4183e+00   -3.1697e-01   -4.6389e-02
  104.5    2.0636e+00    2.4183e+00   -1.4666e-01    2.2073e-02
  107.5    2.9831e+00    2.4183e+00    2.3358e-01    1.0089e-01
  110.5    3.6034e+00    2.4183e+00    4.9006e-01    1.9259e-01
  113.5    2.9714e+00    2.4183e+00    2.2873e-01    8.0941e-02
  116.5    2.5784e+00    2.4183e+00    6.6221e-02    4.6396e-02
  119.5    2.2016e+00    2.4183e+00   -8.9584e-02    3.2035e-02
  122.5    1.4900e+00    2.4183e+00   -3.8386e-01   -1.0765e-01
  125.5    1.4298e+00    2.4183e+00   -4.0876e-01   -9.2682e-02
  128.5    1.7761e+00    2.4183e+00   -2.6556e-01   -1.5610e-01
  131.5    2.4375e+00    2.4183e+00    7.9727e-03   -4.9532e-02
  134.5    2.9723e+00    2.4183e+00    2.2910e-01    4.6051e-02
  137.5    2.7706e+00    2.4183e+00    1.4571e-01    5.4386e-02
  140.5    1.8946e+00    2.4183e+00   -2.1654e-01   -7.2344e-02
  143.5    1.3365e+00    2.4183e+00   -4.4735e-01   -8.1433e-02
  146.5    1.2654e+00    2.4183e+00   -4.7673e-01   -1.4613e-01
  149.5    2.0161e+00    2.4183e+00   -1.6632e-01   -6.1841e-02
  152.5    2.8079e+00    2.4183e+00    1.6112e-01    2.3946e-02
  155.5    3.4373e+00    2.4183e+00    4.2141e-01    2.7018e-02
  158.5    4.2321e+00    2.4183e+00    7.5008e-01    7.9931e-02
  161.5    4.0498e+00    2.4183e+00    6.7468e-01    1.2456e-01
  164.5    3.0268e+00    2.4183e+00    2.5164e-01    1.4634e-01
  167.5    2.1080e+00    2.4183e+00   -1.2831e-01   -8.3820e-04
  170.5    1.4985e+00    2.4183e+00   -3.8033e-01   -1.0596e-01
  173.5    1.7505e+00    2.4183e+00   -2.7612e-01   -6.5530e-02
  176.5    2.7209e+00    2.4183e+00    1.2515e-01    1.3674e-03
  179.5    3.0992e+00    2.4183e+00    2.8158e-01    1.2749e-01
  182.5    2.7983e+00    2.4183e+00    1.5717e-01    7.3588e-02
  185.5    1.9493e+00    2.4183e+00   -1.9391e-01   -3.1075e-03
  188.5    1.4763e+00    2.4183e+00   -3.8952e-01   -6.6903e-02
  191.5    1.7738e+00    2.4183e+00   -2.6651e-01   -4.6389e-02
  194.5    2.6733e+00    2.4183e+00    1.0545e-01    2.2073e-02
  197.5    3.7858e+00    2.4183e+00    5.6551e-01    1.0089e-01
  200.5    4.4509e+00    2.4183e+00    8.4053e-01    1.9259e-01
  203.5    3.7045e+00    2.4183e+00    5.3189e-01    8.0941e-02
  206.5    2.9615e+00    2.4183e+00    2.2466e-01    4.6396e-02
  209.5    2.2664e+00    2.4183e+00   -6.2801e-02    3.2035e-02
  212.5    1.4004e+00    2.4183e+00   -4.2090e-01   -1.0765e-01
  215.5    1.2089e+00    2.4183e+00   -5.0010e-01   -9.2682e-02
  218.5    1.5790e+00    2.4183e+00   -3.4705e-01   -1.5610e-01
  221.5    2.4558e+00    2.4183e+00    1.5530e-02   -4.9532e-02
  224.5    3.1771e+00    2.4183e+00    3.1381e-01    4.6051e-02
  227.5    2.7116e+00    2.4183e+00    1.2131e-01    5.4386e-02
  230.5    1.8979e+00    2.4183e+00   -2.1516e-01   -7.2344e-02
  233.5    1.3005e+00    2.4183e+00   -4.6223e-01   -8.1433e-02
  236.5    1.2996e+00    2.4183e+00   -4.6259e-01   -1.4613e-01
  239.5    1.9080e+00    2.4183e+00   -2.1101e-01   -6.1841e-02
  242.5    2.4190e+00    2.4183e+00    3.1602e-04    2.3946e-02
  245.5    2.7149e+00    2.4183e+00    1.2267e-01    2.7018e-02
  248.5    3.2025e+00    2.4183e+00    3.2432e-01    7.9931e-02
  251.5    3.2537e+00    2.4183e+00    3.4548e-01    1.2456e-01
  254.5    2.4133e+00    2.4183e+00   -2.0301e-03    1.4634e-01
  257.5    1.7975e+00    2.4183e+00   -2.5671e-01   -8.3820e-04
  260.5    1.7540e+00    2.4183e+00   -2.7468e-01   -1.0596e-01
  263.5    2.3330e+00    2.4183e+00   -3.5250e-02   -6.5530e-02
  266.5    3.1796e+00    2.4183e+00    3.1484e-01    1.3674e-03
  269.5    3.3677e+00    2.4183e+00    3.9259e-01    1.2749e-01
  272.5    3.1324e+00    2.4183e+00    2.9529e-01    7.3588e-02
  275.5    2.3611e+00    2.4183e+00   -2.3651e-02   -3.1075e-03
  278.5    1.5278e+00    2.4183e+00   -3.6821e-01   -6.6903e-02
  281.5    1.4340e+00    2.4183e+00   -4.0702e-01   -4.6389e-02
  284.5    2.2112e+00    2.4183e+00   -8.5616e-02    2.2073e-02
  287.5    3.2841e+00    2.4183e+00    3.5806e-01    1.0089e-01
  290.5    3.7545e+00    2.4183e+00    5.5255e-01    1.9259e-01
  293.5    3.3406e+00    2.4183e+00    3.8139e-01    8.0941e-02
  296.5    2.8999e+00    2.4183e+00    1.9916e-01    4.6396e-02
  299.5    2.3459e+00    2.4183e+00   -2.9916e-02    3.2035e-02
  302.5    1.4688e+00    2.4183e+00   -3.9260e-01   -1.0765e-01
  305.5    1.2629e+00    2.4183e+00   -4.7778e-01   -9.2682e-02
  308.5    1.6161e+00    2.4183e+00   -3.3169e-01   -1.5610e-01
  311.5    2.2605e+00    2.4183e+00   -6.5226e-02   -4.9532e-02
  314.5    2.8385e+00    2.4183e+00    1.7378e-01    4.6051e-02
  317.5    2.5979e+00    2.4183e+00    7.4297e-02    5.4386e-02
  320.5    1.7963e+00    2.4183e+00   -2.5718e-01   -7.2344e-02
  323.5    1.3250e+00    2.4183e+00   -4.5209e-01   -8.1433e-02
  326.5    1.4046e+00    2.4183e+00   -4.1917e-01   -1.4613e-01
  329.5    2.1978e+00    2.4183e+00   -9.1177e-02   -6.1841e-02
  332.5    2.9924e+00    2.4183e+00    2.3743e-01    2.3946e-02
  335.5    3.3001e+00    2.4183e+00    3.6464e-01    2.7018e-02
  338.5    3.4406e+00    2.4183e+00    4.2278e-01    7.9931e-02
  341.5    3.2170e+00    2.4183e+00    3.3028e-01    1.2456e-01
  344.5    2.2848e+00    2.4183e+00   -5.5188e-02    1.4634e-01
  347.5    1.6965e+00    2.4183e+00   -2.9846e-01   -8.3820e-04
  350.5    1.5421e+00    2.4183e+00   -3.6232e-01   -1.0596e-01
  353.5    1.9856e+00    2.4183e+00   -1.7893e-01   -6.5530e-02
  356.5    2.7892e+00    2.4183e+00    1.5340e-01    1.3674e-03
  359.5    3.2865e+00    2.4183e+00    3.5905e-01    1.2749e-01
  20   120  14.31   69.0    1.0    0.0   ----------------------------
    2.5    1.9318e+00    2.2365e+00   -1.3624e-01   -4.7671e-02
    5.5    1.4580e+00    2.2365e+00   -3.4807e-01   -8.8872e-02
    8.5    1.3446e+00    2.2365e+00   -3.9880e-01   -1.6353e-01
   11.5    1.6421e+00    2.2365e+00   -2.6578e-01   -9.7165e-02
   14.5    2.4830e+00    2.2365e+00    1.1020e-01    9.6053e-02
   17.5    3.2777e+00    2.2365e+00    4.6553e-01    2.3431e-01
   20.5    3.1794e+00    2.2365e+00    4.2157e-01    2.1540e-01
   23.5    2.7255e+00    2.2365e+00    2.1863e-01    1.5044e-01
   26.5    2.4667e+00    2.2365e+00    1.0292e-01    5.4903e-03
   29.5    1.7508e+00    2.2365e+00   -2.1716e-01   -5.9775e-02
   32.5    1.2172e+00    2.2365e+00   -4.5577e-01   -1.1543e-01
   35.5    1.2671e+00    2.2365e+00   -4.3344e-01   -9.3086e-02
   38.5    1.6357e+00    2.2365e+00   -2.6864e-01   -5.3358e-02
   41.5    2.6650e+00    2.2365e+00    1.9156e-01   -6.0166e-02
   44.5    3.1283e+00    2.2365e+00    3.9875e-01    3.7386e-02
   47.5    2.7961e+00    2.2365e+00    2.5020e-01    8.8231e-02
   50.5    2.0530e+00    2.2365e+00   -8.2065e-02   -1.4716e-02
   53.5    1.3806e+00    2.2365e+00   -3.8268e-01   -7.5176e-02
   56.5    1.1427e+00    2.2365e+00   -4.8907e-01   -1.0947e-01
   59.5    1.6516e+00    2.2365e+00   -2.6153e-01   -6.5774e-02
   62.5    2.5978e+00    2.2365e+00    1.6153e-01   -2.2550e-04
   65.5    2.9880e+00    2.2365e+00    3.3602e-01    2.7923e-02
   68.5    3.4562e+00    2.2365e+00    5.4535e-01    1.3484e-01
   71.5    4.1195e+00    2.2365e+00    8.4193e-01    3.1734e-01
   74.5    3.3637e+00    2.2365e+00    5.0400e-01    1.4462e-01
   77.5    2.0011e+00    2.2365e+00   -1.0526e-01    1.8507e-02
   80.5    1.2957e+00    2.2365e+00   -4.2066e-01   -1.2644e-01
   83.5    1.2442e+00    2.2365e+00   -4.4370e-01   -8.9352e-02
   86.5    1.8912e+00    2.2365e+00   -1.5440e-01   -2.4512e-02
   89.5    2.3572e+00    2.2365e+00    5.3940e-02   -6.1374e-02
   92.5    2.4354e+00    2.2365e+00    8.8942e-02   -4.7671e-02
   95.5    1.7828e+00    2.2365e+00   -2.0286e-01   -8.8872e-02
   98.5    1.4955e+00    2.2365e+00   -3.3134e-01   -1.6353e-01
  101.5    1.7281e+00    2.2365e+00   -2.2734e-01   -9.7165e-02
  104.5    2.7269e+00    2.2365e+00    2.1927e-01    9.6053e-02
  107.5    3.6631e+00    2.2365e+00    6.3786e-01    2.3431e-01
  110.5    3.1848e+00    2.2365e+00    4.2400e-01    2.1540e-01
  113.5    2.4563e+00    2.2365e+00    9.8252e-02    1.5044e-01
  116.5    2.3019e+00    2.2365e+00    2.9219e-02    5.4903e-03
  119.5    1.8299e+00    2.2365e+00   -1.8180e-01   -5.9775e-02
  122.5    1.2107e+00    2.2365e+00   -4.5867e-01   -1.1543e-01
  125.5    1.1871e+00    2.2365e+00   -4.6923e-01   -9.3086e-02
  128.5    1.7351e+00    2.2365e+00   -2.2419e-01   -5.3358e-02
  131.5    2.6848e+00    2.2365e+00    2.0043e-01   -6.0166e-02
  134.5    3.2844e+00    2.2365e+00    4.6855e-01    3.7386e-02
  137.5    3.0789e+00    2.2365e+00    3.7664e-01    8.8231e-02
  140.5    1.9404e+00    2.2365e+00   -1.3240e-01   -1.4716e-02
  143.5    1.1247e+00    2.2365e+00   -4.9711e-01   -7.5176e-02
  146.5    9.5993e-01    2.2365e+00   -5.7079e-01   -1.0947e-01
  149.5    1.3767e+00    2.2365e+00   -3.8445e-01   -6.5774e-02
  152.5    2.2788e+00    2.2365e+00    1.8919e-02   -2.2550e-04
  155.5    2.9060e+00    2.2365e+00    2.9933e-01    2.7923e-02
  158.5    3.5668e+00    2.2365e+00    5.9481e-01    1.3484e-01
  161.5    4.2255e+00    2.2365e+00    8.8932e-01    3.1734e-01
  164.5    3.5551e+00    2.2365e+00    5.8959e-01    1.4462e-01
  167.5    2.2445e+00    2.2365e+00    3.5646e-03    1.8507e-02
  170.5    1.2946e+00    2.2365e+00   -4.2114e-01   -1.2644e-01
  173.5    1.0928e+00    2.2365e+00   -5.1140e-01   -8.9352e-02
  176.5    1.8981e+00    2.2365e+00   -1.5132e-01   -2.4512e-02
  179.5    2.3630e+00    2.2365e+00    5.6557e-02   -6.1374e-02
  182.5    1.9525e+00    2.2365e+00   -1.2701e-01   -4.7671e-02
  185.5    1.1630e+00    2.2365e+00   -4.8000e-01   -8.8872e-02
  188.5    1.0870e+00    2.2365e+00   -5.1398e-01   -1.6353e-01
  191.5    1.7311e+00    2.2365e+00   -2.2600e-01   -9.7165e-02
  194.5    3.0085e+00    2.2365e+00    3.4516e-01    9.6053e-02
  197.5    4.1546e+00    2.2365e+00    8.5763e-01    2.3431e-01
  200.5    3.9899e+00    2.2365e+00    7.8398e-01    2.1540e-01
  203.5    3.2247e+00    2.2365e+00    4.4186e-01    1.5044e-01
  206.5    2.5740e+00    2.2365e+00    1.5089e-01    5.4903e-03
  209.5    1.5425e+00    2.2365e+00   -3.1033e-01   -5.9775e-02
  212.5    9.6037e-01    2.2365e+00   -5.7059e-01   -1.1543e-01
  215.5    9.4707e-01    2.2365e+00   -5.7654e-01   -9.3086e-02
  218.5    1.5921e+00    2.2365e+00   -2.8812e-01   -5.3358e-02
  221.5    2.8674e+00    2.2365e+00    2.8210e-01   -6.0166e-02
  224.5    3.6743e+00    2.2365e+00    6.4289e-01    3.7386e-02
  227.5    3.1902e+00    2.2365e+00    4.2642e-01    8.8231e-02
  230.5    2.0282e+00    2.2365e+00   -9.3159e-02   -1.4716e-02
  233.5    1.2187e+00    2.2365e+00   -4.5509e-01   -7.5176e-02
  236.5    1.0423e+00    2.2365e+00   -5.3395e-01   -1.0947e-01
  239.5    1.5020e+00    2.2365e+00   -3.2843e-01   -6.5774e-02
  242.5    2.1476e+00    2.2365e+00   -3.9755e-02   -2.2560e-04
  245.5    2.3167e+00    2.2365e+00    3.5875e-02    2.7923e-02
  248.5    3.0172e+00    2.2365e+00    3.4905e-01    1.3484e-01
  251.5    3.8047e+00    2.2365e+00    7.0118e-01    3.1734e-01
  254.5    3.1853e+00    2.2365e+00    4.2421e-01    1.4462e-01
  257.5    1.9577e+00    2.2365e+00   -1.2465e-01    1.8507e-02
  260.5    1.5539e+00    2.2365e+00   -3.0523e-01   -1.2644e-01
  263.5    1.6247e+00    2.2365e+00   -2.7355e-01   -8.9352e-02
  266.5    2.1561e+00    2.2365e+00   -3.5940e-02   -2.4512e-02
  269.5    2.3821e+00    2.2365e+00    6.5077e-02   -6.1374e-02
  272.5    2.1436e+00    2.2365e+00   -4.1532e-02   -4.7671e-02
  275.5    1.5332e+00    2.2365e+00   -3.1448e-01   -8.8872e-02
  278.5    1.1928e+00    2.2365e+00   -4.6665e-01   -1.6353e-01
  281.5    1.6746e+00    2.2365e+00   -2.5124e-01   -9.7165e-02
  284.5    3.0348e+00    2.2365e+00    3.5694e-01    9.6053e-02
  287.5    4.2751e+00    2.2365e+00    9.1152e-01    2.3431e-01
  290.5    3.9344e+00    2.2365e+00    7.5915e-01    2.1540e-01
  293.5    3.0032e+00    2.2365e+00    3.4278e-01    1.5044e-01
  296.5    2.5497e+00    2.2365e+00    1.4004e-01    5.4903e-03
  299.5    1.9335e+00    2.2365e+00   -1.3549e-01   -5.9775e-02
  302.5    1.2387e+00    2.2365e+00   -4.4614e-01   -1.1543e-01
  305.5    1.2139e+00    2.2365e+00   -4.5721e-01   -9.3086e-02
  308.5    1.7558e+00    2.2365e+00   -2.1492e-01   -5.3358e-02
  311.5    2.5752e+00    2.2365e+00    1.5144e-01   -6.0166e-02
  314.5    3.1565e+00    2.2365e+00    4.1134e-01    3.7386e-02
  317.5    2.8471e+00    2.2365e+00    2.7300e-01    8.8231e-02
  320.5    1.7305e+00    2.2365e+00   -2.2624e-01   -1.4716e-02
  323.5    1.1307e+00    2.2365e+00   -4.9443e-01   -7.5176e-02
  326.5    1.0936e+00    2.2365e+00   -5.1103e-01   -1.0947e-01
  329.5    1.5649e+00    2.2365e+00   -3.0030e-01   -6.5774e-02
  332.5    2.2704e+00    2.2365e+00    1.5160e-02   -2.2550e-04
  335.5    2.6667e+00    2.2365e+00    1.9233e-01    2.7923e-02
  338.5    3.0953e+00    2.2365e+00    3.8398e-01    1.3484e-01
  341.5    3.5554e+00    2.2365e+00    5.8971e-01    3.1734e-01
  344.5    2.8984e+00    2.2365e+00    2.9596e-01    1.4462e-01
  347.5    1.9715e+00    2.2365e+00   -1.1849e-01    1.8507e-02
  350.5    1.4625e+00    2.2365e+00   -3.4608e-01   -1.2644e-01
  353.5    1.3633e+00    2.2365e+00   -3.9043e-01   -8.9352e-02
  356.5    1.7660e+00    2.2365e+00   -2.1038e-01   -2.4512e-02
  359.5    2.0300e+00    2.2365e+00   -9.2337e-02   -6.1374e-02

fitted parameters ( nfit =  0  nfollow =  0  )

   r-factora =    0.5582   r-factorb =    0.8042

    0     0.00    105.0    3.037           general vinner tdebye lattice
    1  0.47185  0.66729  0.95000  1.92000  layer spacing length units
    2  0.60000  1.84000  0.94369  0.94369  layer spacing length units
    3  0.56000  0.66729  0.94369  0.94369  layer spacing length units
    4  0.51000  0.89900  0.94369  0.94369  layer spacing length units
    5  0.47000  0.68100  0.94369  0.94369  layer spacing length units
    6  0.47185  0.87800  0.94369  0.94369  layer spacing length units
    7  0.57491  0.89562  1.00000  1.90912  layer spacing length units
    8  0.01581  0.03820  1.00000  1.90912  layer spacing length units
    9  0.01581  0.66184  1.00000  1.90912  layer spacing length units
                                           unit: lattice constant

   r-factora=sum((chic-chie)*(chic-chie))/(sum(chic*chic+chie*chie)
   r-factorb=sum(chic*chic-chie*chie)/sum(chic*chic+chie*chie)

This calculation took   47 processor minutes on   12 Linux Cluster
     starting on Thu Aug  6 17:25:39 2026
   and ending on Thu Aug  6 17:29:42 2026

