-----------------------------------------------------------------
Calculation of photoelectron diffraction and dichroism
MSCD Parallel  Version 1.37 Yufeng Chen and Michel A Van Hove
Lawrence Berkeley National Laboratory (LBNL), Berkeley, CA 94720
Copyright (c) Van Hove Group 1997-1998. All rights reserved
-----------------------------------------------------------------


_____________________________________
Job   1 of   1

       0      20       6       4   linitial lnum msorder raorder
     316       7       3       9   natoms emiters katoms nlayer
     223       0       0    2400   scanmode nfit nfollow npoint

Analyzing, please wait ...
Reanalyzing, please wait ...
Reanalyzing, please wait ...
Reanalyzing, please wait ...
Reanalyzing, please wait ...
Reanalyzing, please wait ...
Reanalyzing, please wait ...
Reanalyzing, please wait ...
Reanalyzing, please wait ...
Reanalyzing, please wait ...
Reanalyzing, please wait ...

This job allocated 3462.6 megabytes memory in    4 processors


Multiple scattering calculation (msorder=6 raorder=4)

    0.00% of try   1, job   1 of   1 completed.

number           kout          theta            phi      intensity
     1          14.31          12.00           2.50      2.7599185
    0.04% of job   1 of   1 completed.

number           kout          theta            phi      intensity
     2          14.31          12.00           5.50      2.7578204
    0.08% of job   1 of   1 completed.

number           kout          theta            phi      intensity
     3          14.31          12.00           8.50      2.7318099
    0.12% of job   1 of   1 completed.

number           kout          theta            phi      intensity
     4          14.31          12.00          11.50      2.7250164
    0.17% of job   1 of   1 completed.

number           kout          theta            phi      intensity
     5          14.31          12.00          14.50      2.7037735
    0.21% of job   1 of   1 completed.

number           kout          theta            phi      intensity
     6          14.31          12.00          17.50      2.7059460
    0.25% of job   1 of   1 completed.

number           kout          theta            phi      intensity
     7          14.31          12.00          20.50      2.7040589
    0.29% of job   1 of   1 completed.

number           kout          theta            phi      intensity
     8          14.31          12.00          23.50      2.7328784
    0.33% of job   1 of   1 completed.

number           kout          theta            phi      intensity
     9          14.31          12.00          26.50      2.7160518
    0.38% of job   1 of   1 completed.

number           kout          theta            phi      intensity
    10          14.31          12.00          29.50      2.7597170
    0.42% of job   1 of   1 completed.

number           kout          theta            phi      intensity
    11          14.31          12.00          32.50      2.7799642
    0.46% of job   1 of   1 completed.

number           kout          theta            phi      intensity
    12          14.31          12.00          35.50      2.8223450
    0.50% of job   1 of   1 completed.

number           kout          theta            phi      intensity
    13          14.31          12.00          38.50      2.8486726
    0.54% of job   1 of   1 completed.

number           kout          theta            phi      intensity
    14          14.31          12.00          41.50      2.8694658
    0.58% of job   1 of   1 completed.

number           kout          theta            phi      intensity
    15          14.31          12.00          44.50      2.8779824
    0.62% of job   1 of   1 completed.

number           kout          theta            phi      intensity
    16          14.31          12.00          47.50      2.8779557
    0.67% of job   1 of   1 completed.

number           kout          theta            phi      intensity
    17          14.31          12.00          50.50      2.8708782
    0.71% of job   1 of   1 completed.

number           kout          theta            phi      intensity
    18          14.31          12.00          53.50      2.8592882
    0.75% of job   1 of   1 completed.

number           kout          theta            phi      intensity
    19          14.31          12.00          56.50      2.8486586
    0.79% of job   1 of   1 completed.

number           kout          theta            phi      intensity
    20          14.31          12.00          59.50      2.8151150
    0.83% of job   1 of   1 completed.

number           kout          theta            phi      intensity
    21          14.31          12.00          62.50      2.7944381
    0.88% of job   1 of   1 completed.

number           kout          theta            phi      intensity
    22          14.31          12.00          65.50      2.7731755
    0.92% of job   1 of   1 completed.

number           kout          theta            phi      intensity
    23          14.31          12.00          68.50      2.7474415
    0.96% of job   1 of   1 completed.

number           kout          theta            phi      intensity
    24          14.31          12.00          71.50      2.7064998
    1.00% of job   1 of   1 completed.

number           kout          theta            phi      intensity
    25          14.31          12.00          74.50      2.6407235
    1.04% of job   1 of   1 completed.

number           kout          theta            phi      intensity
    26          14.31          12.00          77.50      2.5818636
    1.08% of job   1 of   1 completed.

number           kout          theta            phi      intensity
    27          14.31          12.00          80.50      2.5290205
    1.12% of job   1 of   1 completed.

number           kout          theta            phi      intensity
    28          14.31          12.00          83.50      2.4576383
    1.17% of job   1 of   1 completed.

number           kout          theta            phi      intensity
    29          14.31          12.00          86.50      2.4784582
    1.21% of job   1 of   1 completed.

number           kout          theta            phi      intensity
    30          14.31          12.00          89.50      2.4524939
    1.25% of job   1 of   1 completed.

number           kout          theta            phi      intensity
    31          14.31          12.00          92.50      2.4119794
    1.29% of job   1 of   1 completed.

number           kout          theta            phi      intensity
    32          14.31          12.00          95.50      2.4313922
    1.33% of job   1 of   1 completed.

number           kout          theta            phi      intensity
    33          14.31          12.00          98.50      2.4348240
    1.38% of job   1 of   1 completed.

number           kout          theta            phi      intensity
    34          14.31          12.00         101.50      2.5074794
    1.42% of job   1 of   1 completed.

number           kout          theta            phi      intensity
    35          14.31          12.00         104.50      2.5597813
    1.46% of job   1 of   1 completed.

number           kout          theta            phi      intensity
    36          14.31          12.00         107.50      2.6217816
    1.50% of job   1 of   1 completed.

number           kout          theta            phi      intensity
    37          14.31          12.00         110.50      2.7027357
    1.54% of job   1 of   1 completed.

number           kout          theta            phi      intensity
    38          14.31          12.00         113.50      2.7857449
    1.58% of job   1 of   1 completed.

number           kout          theta            phi      intensity
    39          14.31          12.00         116.50      2.8821509
    1.62% of job   1 of   1 completed.

number           kout          theta            phi      intensity
    40          14.31          12.00         119.50      2.9752324
    1.67% of job   1 of   1 completed.

number           kout          theta            phi      intensity
    41          14.31          12.00         122.50      3.0654125
    1.71% of job   1 of   1 completed.

number           kout          theta            phi      intensity
    42          14.31          12.00         125.50      3.1447084
    1.75% of job   1 of   1 completed.

number           kout          theta            phi      intensity
    43          14.31          12.00         128.50      3.2147007
    1.79% of job   1 of   1 completed.

number           kout          theta            phi      intensity
    44          14.31          12.00         131.50      3.2677500
    1.83% of job   1 of   1 completed.

number           kout          theta            phi      intensity
    45          14.31          12.00         134.50      3.2641964
    1.88% of job   1 of   1 completed.

number           kout          theta            phi      intensity
    46          14.31          12.00         137.50      3.2272775
    1.92% of job   1 of   1 completed.

number           kout          theta            phi      intensity
    47          14.31          12.00         140.50      3.1774781
    1.96% of job   1 of   1 completed.

number           kout          theta            phi      intensity
    48          14.31          12.00         143.50      3.1190786
    2.00% of job   1 of   1 completed.

number           kout          theta            phi      intensity
    49          14.31          12.00         146.50      3.0567439
    2.04% of job   1 of   1 completed.

number           kout          theta            phi      intensity
    50          14.31          12.00         149.50      2.9389699
    2.08% of job   1 of   1 completed.

number           kout          theta            phi      intensity
    51          14.31          12.00         152.50      2.8425605
    2.12% of job   1 of   1 completed.

number           kout          theta            phi      intensity
    52          14.31          12.00         155.50      2.7896774
    2.17% of job   1 of   1 completed.

number           kout          theta            phi      intensity
    53          14.31          12.00         158.50      2.6851797
    2.21% of job   1 of   1 completed.

number           kout          theta            phi      intensity
    54          14.31          12.00         161.50      2.6396115
    2.25% of job   1 of   1 completed.

number           kout          theta            phi      intensity
    55          14.31          12.00         164.50      2.6004944
    2.29% of job   1 of   1 completed.

number           kout          theta            phi      intensity
    56          14.31          12.00         167.50      2.6216457
    2.33% of job   1 of   1 completed.

number           kout          theta            phi      intensity
    57          14.31          12.00         170.50      2.6008580
    2.38% of job   1 of   1 completed.

number           kout          theta            phi      intensity
    58          14.31          12.00         173.50      2.6266892
    2.42% of job   1 of   1 completed.

number           kout          theta            phi      intensity
    59          14.31          12.00         176.50      2.6035352
    2.46% of job   1 of   1 completed.

number           kout          theta            phi      intensity
    60          14.31          12.00         179.50      2.6299133
    2.50% of job   1 of   1 completed.

number           kout          theta            phi      intensity
    61          14.31          12.00         182.50      2.6626737
    2.54% of job   1 of   1 completed.

number           kout          theta            phi      intensity
    62          14.31          12.00         185.50      2.6198938
    2.58% of job   1 of   1 completed.

number           kout          theta            phi      intensity
    63          14.31          12.00         188.50      2.6414268
    2.62% of job   1 of   1 completed.

number           kout          theta            phi      intensity
    64          14.31          12.00         191.50      2.5854867
    2.67% of job   1 of   1 completed.

number           kout          theta            phi      intensity
    65          14.31          12.00         194.50      2.5754654
    2.71% of job   1 of   1 completed.

number           kout          theta            phi      intensity
    66          14.31          12.00         197.50      2.5978165
    2.75% of job   1 of   1 completed.

number           kout          theta            phi      intensity
    67          14.31          12.00         200.50      2.6184080
    2.79% of job   1 of   1 completed.

number           kout          theta            phi      intensity
    68          14.31          12.00         203.50      2.6774337
    2.83% of job   1 of   1 completed.

number           kout          theta            phi      intensity
    69          14.31          12.00         206.50      2.7351954
    2.88% of job   1 of   1 completed.

number           kout          theta            phi      intensity
    70          14.31          12.00         209.50      2.7910583
    2.92% of job   1 of   1 completed.

number           kout          theta            phi      intensity
    71          14.31          12.00         212.50      2.8612471
    2.96% of job   1 of   1 completed.

number           kout          theta            phi      intensity
    72          14.31          12.00         215.50      2.9606864
    3.00% of job   1 of   1 completed.

number           kout          theta            phi      intensity
    73          14.31          12.00         218.50      3.0462015
    3.04% of job   1 of   1 completed.

number           kout          theta            phi      intensity
    74          14.31          12.00         221.50      3.0849276
    3.08% of job   1 of   1 completed.

number           kout          theta            phi      intensity
    75          14.31          12.00         224.50      3.1225710
    3.12% of job   1 of   1 completed.

number           kout          theta            phi      intensity
    76          14.31          12.00         227.50      3.1286805
    3.17% of job   1 of   1 completed.

number           kout          theta            phi      intensity
    77          14.31          12.00         230.50      3.1002772
    3.21% of job   1 of   1 completed.

number           kout          theta            phi      intensity
    78          14.31          12.00         233.50      3.0564563
    3.25% of job   1 of   1 completed.

number           kout          theta            phi      intensity
    79          14.31          12.00         236.50      2.9645698
    3.29% of job   1 of   1 completed.

number           kout          theta            phi      intensity
    80          14.31          12.00         239.50      2.8572521
    3.33% of job   1 of   1 completed.

number           kout          theta            phi      intensity
    81          14.31          12.00         242.50      2.7759268
    3.38% of job   1 of   1 completed.

number           kout          theta            phi      intensity
    82          14.31          12.00         245.50      2.6959450
    3.42% of job   1 of   1 completed.

number           kout          theta            phi      intensity
    83          14.31          12.00         248.50      2.6110952
    3.46% of job   1 of   1 completed.

number           kout          theta            phi      intensity
    84          14.31          12.00         251.50      2.5363038
    3.50% of job   1 of   1 completed.

number           kout          theta            phi      intensity
    85          14.31          12.00         254.50      2.4800406
    3.54% of job   1 of   1 completed.

number           kout          theta            phi      intensity
    86          14.31          12.00         257.50      2.4042330
    3.58% of job   1 of   1 completed.

number           kout          theta            phi      intensity
    87          14.31          12.00         260.50      2.3708360
    3.62% of job   1 of   1 completed.

number           kout          theta            phi      intensity
    88          14.31          12.00         263.50      2.3564856
    3.67% of job   1 of   1 completed.

number           kout          theta            phi      intensity
    89          14.31          12.00         266.50      2.3375483
    3.71% of job   1 of   1 completed.

number           kout          theta            phi      intensity
    90          14.31          12.00         269.50      2.3541627
    3.75% of job   1 of   1 completed.

number           kout          theta            phi      intensity
    91          14.31          12.00         272.50      2.3595035
    3.79% of job   1 of   1 completed.

number           kout          theta            phi      intensity
    92          14.31          12.00         275.50      2.3941252
    3.83% of job   1 of   1 completed.

number           kout          theta            phi      intensity
    93          14.31          12.00         278.50      2.4286983
    3.88% of job   1 of   1 completed.

number           kout          theta            phi      intensity
    94          14.31          12.00         281.50      2.4872286
    3.92% of job   1 of   1 completed.

number           kout          theta            phi      intensity
    95          14.31          12.00         284.50      2.5385947
    3.96% of job   1 of   1 completed.

number           kout          theta            phi      intensity
    96          14.31          12.00         287.50      2.6074641
    4.00% of job   1 of   1 completed.

number           kout          theta            phi      intensity
    97          14.31          12.00         290.50      2.6205812
    4.04% of job   1 of   1 completed.

number           kout          theta            phi      intensity
    98          14.31          12.00         293.50      2.6535366
    4.08% of job   1 of   1 completed.

number           kout          theta            phi      intensity
    99          14.31          12.00         296.50      2.6754484
    4.12% of job   1 of   1 completed.

number           kout          theta            phi      intensity
   100          14.31          12.00         299.50      2.6938913
    4.17% of job   1 of   1 completed.

number           kout          theta            phi      intensity
   101          14.31          12.00         302.50      2.7223585
    4.21% of job   1 of   1 completed.

number           kout          theta            phi      intensity
   102          14.31          12.00         305.50      2.7282994
    4.25% of job   1 of   1 completed.

number           kout          theta            phi      intensity
   103          14.31          12.00         308.50      2.7520735
    4.29% of job   1 of   1 completed.

number           kout          theta            phi      intensity
   104          14.31          12.00         311.50      2.7784526
    4.33% of job   1 of   1 completed.

number           kout          theta            phi      intensity
   105          14.31          12.00         314.50      2.7829854
    4.38% of job   1 of   1 completed.

number           kout          theta            phi      intensity
   106          14.31          12.00         317.50      2.7784636
    4.42% of job   1 of   1 completed.

number           kout          theta            phi      intensity
   107          14.31          12.00         320.50      2.7619534
    4.46% of job   1 of   1 completed.

number           kout          theta            phi      intensity
   108          14.31          12.00         323.50      2.7382109
    4.50% of job   1 of   1 completed.

number           kout          theta            phi      intensity
   109          14.31          12.00         326.50      2.7010038
    4.54% of job   1 of   1 completed.

number           kout          theta            phi      intensity
   110          14.31          12.00         329.50      2.6641481
    4.58% of job   1 of   1 completed.

number           kout          theta            phi      intensity
   111          14.31          12.00         332.50      2.6528542
    4.62% of job   1 of   1 completed.

number           kout          theta            phi      intensity
   112          14.31          12.00         335.50      2.6573560
    4.67% of job   1 of   1 completed.

number           kout          theta            phi      intensity
   113          14.31          12.00         338.50      2.6650083
    4.71% of job   1 of   1 completed.

number           kout          theta            phi      intensity
   114          14.31          12.00         341.50      2.6619163
    4.75% of job   1 of   1 completed.

number           kout          theta            phi      intensity
   115          14.31          12.00         344.50      2.7041233
    4.79% of job   1 of   1 completed.

number           kout          theta            phi      intensity
   116          14.31          12.00         347.50      2.7116337
    4.83% of job   1 of   1 completed.

number           kout          theta            phi      intensity
   117          14.31          12.00         350.50      2.7397349
    4.88% of job   1 of   1 completed.

number           kout          theta            phi      intensity
   118          14.31          12.00         353.50      2.7404878
    4.92% of job   1 of   1 completed.

number           kout          theta            phi      intensity
   119          14.31          12.00         356.50      2.7626011
    4.96% of job   1 of   1 completed.

number           kout          theta            phi      intensity
   120          14.31          12.00         359.50      2.7688386
    5.00% of job   1 of   1 completed.

number           kout          theta            phi      intensity
   121          14.31          15.00           2.50      2.9748783
    5.04% of job   1 of   1 completed.

number           kout          theta            phi      intensity
   122          14.31          15.00           5.50      2.9278805
    5.08% of job   1 of   1 completed.

number           kout          theta            phi      intensity
   123          14.31          15.00           8.50      2.8981087
    5.12% of job   1 of   1 completed.

number           kout          theta            phi      intensity
   124          14.31          15.00          11.50      2.8765004
    5.17% of job   1 of   1 completed.

number           kout          theta            phi      intensity
   125          14.31          15.00          14.50      2.8232133
    5.21% of job   1 of   1 completed.

number           kout          theta            phi      intensity
   126          14.31          15.00          17.50      2.8323669
    5.25% of job   1 of   1 completed.

number           kout          theta            phi      intensity
   127          14.31          15.00          20.50      2.8903055
    5.29% of job   1 of   1 completed.

number           kout          theta            phi      intensity
   128          14.31          15.00          23.50      2.9526751
    5.33% of job   1 of   1 completed.

number           kout          theta            phi      intensity
   129          14.31          15.00          26.50      3.0459158
    5.38% of job   1 of   1 completed.

number           kout          theta            phi      intensity
   130          14.31          15.00          29.50      3.1737766
    5.42% of job   1 of   1 completed.

number           kout          theta            phi      intensity
   131          14.31          15.00          32.50      3.3304369
    5.46% of job   1 of   1 completed.

number           kout          theta            phi      intensity
   132          14.31          15.00          35.50      3.4889631
    5.50% of job   1 of   1 completed.

number           kout          theta            phi      intensity
   133          14.31          15.00          38.50      3.6227000
    5.54% of job   1 of   1 completed.

number           kout          theta            phi      intensity
   134          14.31          15.00          41.50      3.7080109
    5.58% of job   1 of   1 completed.

number           kout          theta            phi      intensity
   135          14.31          15.00          44.50      3.6819811
    5.62% of job   1 of   1 completed.

number           kout          theta            phi      intensity
   136          14.31          15.00          47.50      3.6069167
    5.67% of job   1 of   1 completed.

number           kout          theta            phi      intensity
   137          14.31          15.00          50.50      3.4927568
    5.71% of job   1 of   1 completed.

number           kout          theta            phi      intensity
   138          14.31          15.00          53.50      3.3812349
    5.75% of job   1 of   1 completed.

number           kout          theta            phi      intensity
   139          14.31          15.00          56.50      3.2445631
    5.79% of job   1 of   1 completed.

number           kout          theta            phi      intensity
   140          14.31          15.00          59.50      3.1414890
    5.83% of job   1 of   1 completed.

number           kout          theta            phi      intensity
   141          14.31          15.00          62.50      3.0897954
    5.88% of job   1 of   1 completed.

number           kout          theta            phi      intensity
   142          14.31          15.00          65.50      3.0109560
    5.92% of job   1 of   1 completed.

number           kout          theta            phi      intensity
   143          14.31          15.00          68.50      3.0016277
    5.96% of job   1 of   1 completed.

number           kout          theta            phi      intensity
   144          14.31          15.00          71.50      2.9453609
    6.00% of job   1 of   1 completed.

number           kout          theta            phi      intensity
   145          14.31          15.00          74.50      2.8969755
    6.04% of job   1 of   1 completed.

number           kout          theta            phi      intensity
   146          14.31          15.00          77.50      2.8292181
    6.08% of job   1 of   1 completed.

number           kout          theta            phi      intensity
   147          14.31          15.00          80.50      2.7816842
    6.12% of job   1 of   1 completed.

number           kout          theta            phi      intensity
   148          14.31          15.00          83.50      2.7116234
    6.17% of job   1 of   1 completed.

number           kout          theta            phi      intensity
   149          14.31          15.00          86.50      2.7146323
    6.21% of job   1 of   1 completed.

number           kout          theta            phi      intensity
   150          14.31          15.00          89.50      2.6838510
    6.25% of job   1 of   1 completed.

number           kout          theta            phi      intensity
   151          14.31          15.00          92.50      2.6010892
    6.29% of job   1 of   1 completed.

number           kout          theta            phi      intensity
   152          14.31          15.00          95.50      2.5524204
    6.33% of job   1 of   1 completed.

number           kout          theta            phi      intensity
   153          14.31          15.00          98.50      2.5576742
    6.38% of job   1 of   1 completed.

number           kout          theta            phi      intensity
   154          14.31          15.00         101.50      2.5847070
    6.42% of job   1 of   1 completed.

number           kout          theta            phi      intensity
   155          14.31          15.00         104.50      2.6425905
    6.46% of job   1 of   1 completed.

number           kout          theta            phi      intensity
   156          14.31          15.00         107.50      2.7416489
    6.50% of job   1 of   1 completed.

number           kout          theta            phi      intensity
   157          14.31          15.00         110.50      2.8791459
    6.54% of job   1 of   1 completed.

number           kout          theta            phi      intensity
   158          14.31          15.00         113.50      3.0836241
    6.58% of job   1 of   1 completed.

number           kout          theta            phi      intensity
   159          14.31          15.00         116.50      3.3000677
    6.62% of job   1 of   1 completed.

number           kout          theta            phi      intensity
   160          14.31          15.00         119.50      3.5084629
    6.67% of job   1 of   1 completed.

number           kout          theta            phi      intensity
   161          14.31          15.00         122.50      3.8461275
    6.71% of job   1 of   1 completed.

number           kout          theta            phi      intensity
   162          14.31          15.00         125.50      4.0836053
    6.75% of job   1 of   1 completed.

number           kout          theta            phi      intensity
   163          14.31          15.00         128.50      4.2990613
    6.79% of job   1 of   1 completed.

number           kout          theta            phi      intensity
   164          14.31          15.00         131.50      4.4837070
    6.83% of job   1 of   1 completed.

number           kout          theta            phi      intensity
   165          14.31          15.00         134.50      4.5673618
    6.88% of job   1 of   1 completed.

number           kout          theta            phi      intensity
   166          14.31          15.00         137.50      4.4853339
    6.92% of job   1 of   1 completed.

number           kout          theta            phi      intensity
   167          14.31          15.00         140.50      4.3028970
    6.96% of job   1 of   1 completed.

number           kout          theta            phi      intensity
   168          14.31          15.00         143.50      4.0239844
    7.00% of job   1 of   1 completed.

number           kout          theta            phi      intensity
   169          14.31          15.00         146.50      3.6927109
    7.04% of job   1 of   1 completed.

number           kout          theta            phi      intensity
   170          14.31          15.00         149.50      3.4157896
    7.08% of job   1 of   1 completed.

number           kout          theta            phi      intensity
   171          14.31          15.00         152.50      3.1534853
    7.12% of job   1 of   1 completed.

number           kout          theta            phi      intensity
   172          14.31          15.00         155.50      2.9599373
    7.17% of job   1 of   1 completed.

number           kout          theta            phi      intensity
   173          14.31          15.00         158.50      2.8460114
    7.21% of job   1 of   1 completed.

number           kout          theta            phi      intensity
   174          14.31          15.00         161.50      2.7267663
    7.25% of job   1 of   1 completed.

number           kout          theta            phi      intensity
   175          14.31          15.00         164.50      2.6897900
    7.29% of job   1 of   1 completed.

number           kout          theta            phi      intensity
   176          14.31          15.00         167.50      2.7048781
    7.33% of job   1 of   1 completed.

number           kout          theta            phi      intensity
   177          14.31          15.00         170.50      2.7332792
    7.38% of job   1 of   1 completed.

number           kout          theta            phi      intensity
   178          14.31          15.00         173.50      2.7580693
    7.42% of job   1 of   1 completed.

number           kout          theta            phi      intensity
   179          14.31          15.00         176.50      2.8304708
    7.46% of job   1 of   1 completed.

number           kout          theta            phi      intensity
   180          14.31          15.00         179.50      2.8714714
    7.50% of job   1 of   1 completed.

number           kout          theta            phi      intensity
   181          14.31          15.00         182.50      2.8712349
    7.54% of job   1 of   1 completed.

number           kout          theta            phi      intensity
   182          14.31          15.00         185.50      2.8299329
    7.58% of job   1 of   1 completed.

number           kout          theta            phi      intensity
   183          14.31          15.00         188.50      2.7883689
    7.62% of job   1 of   1 completed.

number           kout          theta            phi      intensity
   184          14.31          15.00         191.50      2.7219746
    7.67% of job   1 of   1 completed.

number           kout          theta            phi      intensity
   185          14.31          15.00         194.50      2.6530271
    7.71% of job   1 of   1 completed.

number           kout          theta            phi      intensity
   186          14.31          15.00         197.50      2.7005119
    7.75% of job   1 of   1 completed.

number           kout          theta            phi      intensity
   187          14.31          15.00         200.50      2.7472570
    7.79% of job   1 of   1 completed.

number           kout          theta            phi      intensity
   188          14.31          15.00         203.50      2.8505201
    7.83% of job   1 of   1 completed.

number           kout          theta            phi      intensity
   189          14.31          15.00         206.50      3.0040095
    7.88% of job   1 of   1 completed.

number           kout          theta            phi      intensity
   190          14.31          15.00         209.50      3.1518240
    7.92% of job   1 of   1 completed.

number           kout          theta            phi      intensity
   191          14.31          15.00         212.50      3.4515574
    7.96% of job   1 of   1 completed.

number           kout          theta            phi      intensity
   192          14.31          15.00         215.50      3.7282155
    8.00% of job   1 of   1 completed.

number           kout          theta            phi      intensity
   193          14.31          15.00         218.50      4.0163312
    8.04% of job   1 of   1 completed.

number           kout          theta            phi      intensity
   194          14.31          15.00         221.50      4.2425761
    8.08% of job   1 of   1 completed.

number           kout          theta            phi      intensity
   195          14.31          15.00         224.50      4.3312893
    8.12% of job   1 of   1 completed.

number           kout          theta            phi      intensity
   196          14.31          15.00         227.50      4.4036183
    8.17% of job   1 of   1 completed.

number           kout          theta            phi      intensity
   197          14.31          15.00         230.50      4.3334680
    8.21% of job   1 of   1 completed.

number           kout          theta            phi      intensity
   198          14.31          15.00         233.50      4.1391330
    8.25% of job   1 of   1 completed.

number           kout          theta            phi      intensity
   199          14.31          15.00         236.50      3.9540408
    8.29% of job   1 of   1 completed.

number           kout          theta            phi      intensity
   200          14.31          15.00         239.50      3.6832170
    8.33% of job   1 of   1 completed.

number           kout          theta            phi      intensity
   201          14.31          15.00         242.50      3.3648174
    8.38% of job   1 of   1 completed.

number           kout          theta            phi      intensity
   202          14.31          15.00         245.50      3.1667061
    8.42% of job   1 of   1 completed.

number           kout          theta            phi      intensity
   203          14.31          15.00         248.50      2.9932911
    8.46% of job   1 of   1 completed.

number           kout          theta            phi      intensity
   204          14.31          15.00         251.50      2.8046658
    8.50% of job   1 of   1 completed.

number           kout          theta            phi      intensity
   205          14.31          15.00         254.50      2.6874683
    8.54% of job   1 of   1 completed.

number           kout          theta            phi      intensity
   206          14.31          15.00         257.50      2.6047814
    8.58% of job   1 of   1 completed.

number           kout          theta            phi      intensity
   207          14.31          15.00         260.50      2.5479476
    8.62% of job   1 of   1 completed.

number           kout          theta            phi      intensity
   208          14.31          15.00         263.50      2.5479527
    8.67% of job   1 of   1 completed.

number           kout          theta            phi      intensity
   209          14.31          15.00         266.50      2.5552690
    8.71% of job   1 of   1 completed.

number           kout          theta            phi      intensity
   210          14.31          15.00         269.50      2.5969799
    8.75% of job   1 of   1 completed.

number           kout          theta            phi      intensity
   211          14.31          15.00         272.50      2.6770065
    8.79% of job   1 of   1 completed.

number           kout          theta            phi      intensity
   212          14.31          15.00         275.50      2.6965063
    8.83% of job   1 of   1 completed.

number           kout          theta            phi      intensity
   213          14.31          15.00         278.50      2.7264490
    8.88% of job   1 of   1 completed.

number           kout          theta            phi      intensity
   214          14.31          15.00         281.50      2.7705176
    8.92% of job   1 of   1 completed.

number           kout          theta            phi      intensity
   215          14.31          15.00         284.50      2.8588526
    8.96% of job   1 of   1 completed.

number           kout          theta            phi      intensity
   216          14.31          15.00         287.50      2.8941348
    9.00% of job   1 of   1 completed.

number           kout          theta            phi      intensity
   217          14.31          15.00         290.50      2.9284992
    9.04% of job   1 of   1 completed.

number           kout          theta            phi      intensity
   218          14.31          15.00         293.50      2.9812548
    9.08% of job   1 of   1 completed.

number           kout          theta            phi      intensity
   219          14.31          15.00         296.50      3.0066195
    9.12% of job   1 of   1 completed.

number           kout          theta            phi      intensity
   220          14.31          15.00         299.50      3.0879803
    9.17% of job   1 of   1 completed.

number           kout          theta            phi      intensity
   221          14.31          15.00         302.50      3.1846592
    9.21% of job   1 of   1 completed.

number           kout          theta            phi      intensity
   222          14.31          15.00         305.50      3.2883329
    9.25% of job   1 of   1 completed.

number           kout          theta            phi      intensity
   223          14.31          15.00         308.50      3.3981276
    9.29% of job   1 of   1 completed.

number           kout          theta            phi      intensity
   224          14.31          15.00         311.50      3.5452337
    9.33% of job   1 of   1 completed.

number           kout          theta            phi      intensity
   225          14.31          15.00         314.50      3.6063306
    9.38% of job   1 of   1 completed.

number           kout          theta            phi      intensity
   226          14.31          15.00         317.50      3.6181507
    9.42% of job   1 of   1 completed.

number           kout          theta            phi      intensity
   227          14.31          15.00         320.50      3.5213528
    9.46% of job   1 of   1 completed.

number           kout          theta            phi      intensity
   228          14.31          15.00         323.50      3.4120629
    9.50% of job   1 of   1 completed.

number           kout          theta            phi      intensity
   229          14.31          15.00         326.50      3.2605131
    9.54% of job   1 of   1 completed.

number           kout          theta            phi      intensity
   230          14.31          15.00         329.50      3.0717447
    9.58% of job   1 of   1 completed.

number           kout          theta            phi      intensity
   231          14.31          15.00         332.50      2.9717989
    9.62% of job   1 of   1 completed.

number           kout          theta            phi      intensity
   232          14.31          15.00         335.50      2.8887939
    9.67% of job   1 of   1 completed.

number           kout          theta            phi      intensity
   233          14.31          15.00         338.50      2.8360093
    9.71% of job   1 of   1 completed.

number           kout          theta            phi      intensity
   234          14.31          15.00         341.50      2.8129349
    9.75% of job   1 of   1 completed.

number           kout          theta            phi      intensity
   235          14.31          15.00         344.50      2.8091059
    9.79% of job   1 of   1 completed.

number           kout          theta            phi      intensity
   236          14.31          15.00         347.50      2.8610106
    9.83% of job   1 of   1 completed.

number           kout          theta            phi      intensity
   237          14.31          15.00         350.50      2.9143848
    9.88% of job   1 of   1 completed.

number           kout          theta            phi      intensity
   238          14.31          15.00         353.50      2.9610493
    9.92% of job   1 of   1 completed.

number           kout          theta            phi      intensity
   239          14.31          15.00         356.50      2.9650888
    9.96% of job   1 of   1 completed.

number           kout          theta            phi      intensity
   240          14.31          15.00         359.50      2.9891720
   10.00% of job   1 of   1 completed.

number           kout          theta            phi      intensity
   241          14.31          18.00           2.50      3.5875499
   10.04% of job   1 of   1 completed.

number           kout          theta            phi      intensity
   242          14.31          18.00           5.50      3.4537890
   10.08% of job   1 of   1 completed.

number           kout          theta            phi      intensity
   243          14.31          18.00           8.50      3.3002527
   10.12% of job   1 of   1 completed.

number           kout          theta            phi      intensity
   244          14.31          18.00          11.50      3.1733639
   10.17% of job   1 of   1 completed.

number           kout          theta            phi      intensity
   245          14.31          18.00          14.50      3.1129911
   10.21% of job   1 of   1 completed.

number           kout          theta            phi      intensity
   246          14.31          18.00          17.50      3.0711820
   10.25% of job   1 of   1 completed.

number           kout          theta            phi      intensity
   247          14.31          18.00          20.50      3.0930922
   10.29% of job   1 of   1 completed.

number           kout          theta            phi      intensity
   248          14.31          18.00          23.50      3.1927402
   10.33% of job   1 of   1 completed.

number           kout          theta            phi      intensity
   249          14.31          18.00          26.50      3.3324578
   10.38% of job   1 of   1 completed.

number           kout          theta            phi      intensity
   250          14.31          18.00          29.50      3.5759277
   10.42% of job   1 of   1 completed.

number           kout          theta            phi      intensity
   251          14.31          18.00          32.50      3.8783462
   10.46% of job   1 of   1 completed.

number           kout          theta            phi      intensity
   252          14.31          18.00          35.50      4.2824736
   10.50% of job   1 of   1 completed.

number           kout          theta            phi      intensity
   253          14.31          18.00          38.50      4.5611329
   10.54% of job   1 of   1 completed.

number           kout          theta            phi      intensity
   254          14.31          18.00          41.50      4.7343836
   10.58% of job   1 of   1 completed.

number           kout          theta            phi      intensity
   255          14.31          18.00          44.50      4.7334971
   10.62% of job   1 of   1 completed.

number           kout          theta            phi      intensity
   256          14.31          18.00          47.50      4.5740047
   10.67% of job   1 of   1 completed.

number           kout          theta            phi      intensity
   257          14.31          18.00          50.50      4.2893476
   10.71% of job   1 of   1 completed.

number           kout          theta            phi      intensity
   258          14.31          18.00          53.50      3.9790313
   10.75% of job   1 of   1 completed.

number           kout          theta            phi      intensity
   259          14.31          18.00          56.50      3.7114289
   10.79% of job   1 of   1 completed.

number           kout          theta            phi      intensity
   260          14.31          18.00          59.50      3.4753971
   10.83% of job   1 of   1 completed.

number           kout          theta            phi      intensity
   261          14.31          18.00          62.50      3.3842399
   10.88% of job   1 of   1 completed.

number           kout          theta            phi      intensity
   262          14.31          18.00          65.50      3.3794401
   10.92% of job   1 of   1 completed.

number           kout          theta            phi      intensity
   263          14.31          18.00          68.50      3.3731573
   10.96% of job   1 of   1 completed.

number           kout          theta            phi      intensity
   264          14.31          18.00          71.50      3.4464471
   11.00% of job   1 of   1 completed.

number           kout          theta            phi      intensity
   265          14.31          18.00          74.50      3.4877195
   11.04% of job   1 of   1 completed.

number           kout          theta            phi      intensity
   266          14.31          18.00          77.50      3.5184410
   11.08% of job   1 of   1 completed.

number           kout          theta            phi      intensity
   267          14.31          18.00          80.50      3.5765717
   11.12% of job   1 of   1 completed.

number           kout          theta            phi      intensity
   268          14.31          18.00          83.50      3.6111536
   11.17% of job   1 of   1 completed.

number           kout          theta            phi      intensity
   269          14.31          18.00          86.50      3.6771936
   11.21% of job   1 of   1 completed.

number           kout          theta            phi      intensity
   270          14.31          18.00          89.50      3.5924828
   11.25% of job   1 of   1 completed.

number           kout          theta            phi      intensity
   271          14.31          18.00          92.50      3.4729178
   11.29% of job   1 of   1 completed.

number           kout          theta            phi      intensity
   272          14.31          18.00          95.50      3.3187237
   11.33% of job   1 of   1 completed.

number           kout          theta            phi      intensity
   273          14.31          18.00          98.50      3.2026885
   11.38% of job   1 of   1 completed.

number           kout          theta            phi      intensity
   274          14.31          18.00         101.50      3.1085348
   11.42% of job   1 of   1 completed.

number           kout          theta            phi      intensity
   275          14.31          18.00         104.50      3.0722139
   11.46% of job   1 of   1 completed.

number           kout          theta            phi      intensity
   276          14.31          18.00         107.50      3.1185005
   11.50% of job   1 of   1 completed.

number           kout          theta            phi      intensity
   277          14.31          18.00         110.50      3.2108850
   11.54% of job   1 of   1 completed.

number           kout          theta            phi      intensity
   278          14.31          18.00         113.50      3.3628585
   11.58% of job   1 of   1 completed.

number           kout          theta            phi      intensity
   279          14.31          18.00         116.50      3.5283575
   11.62% of job   1 of   1 completed.

number           kout          theta            phi      intensity
   280          14.31          18.00         119.50      3.8195903
   11.67% of job   1 of   1 completed.

number           kout          theta            phi      intensity
   281          14.31          18.00         122.50      4.2424531
   11.71% of job   1 of   1 completed.

number           kout          theta            phi      intensity
   282          14.31          18.00         125.50      4.6907763
   11.75% of job   1 of   1 completed.

number           kout          theta            phi      intensity
   283          14.31          18.00         128.50      5.1576495
   11.79% of job   1 of   1 completed.

number           kout          theta            phi      intensity
   284          14.31          18.00         131.50      5.5236430
   11.83% of job   1 of   1 completed.

number           kout          theta            phi      intensity
   285          14.31          18.00         134.50      5.7032452
   11.88% of job   1 of   1 completed.

number           kout          theta            phi      intensity
   286          14.31          18.00         137.50      5.7125211
   11.92% of job   1 of   1 completed.

number           kout          theta            phi      intensity
   287          14.31          18.00         140.50      5.2154107
   11.96% of job   1 of   1 completed.

number           kout          theta            phi      intensity
   288          14.31          18.00         143.50      4.8179917
   12.00% of job   1 of   1 completed.

number           kout          theta            phi      intensity
   289          14.31          18.00         146.50      4.2747579
   12.04% of job   1 of   1 completed.

number           kout          theta            phi      intensity
   290          14.31          18.00         149.50      3.8056393
   12.08% of job   1 of   1 completed.

number           kout          theta            phi      intensity
   291          14.31          18.00         152.50      3.4236536
   12.12% of job   1 of   1 completed.

number           kout          theta            phi      intensity
   292          14.31          18.00         155.50      3.2016113
   12.17% of job   1 of   1 completed.

number           kout          theta            phi      intensity
   293          14.31          18.00         158.50      3.0575192
   12.21% of job   1 of   1 completed.

number           kout          theta            phi      intensity
   294          14.31          18.00         161.50      2.9520123
   12.25% of job   1 of   1 completed.

number           kout          theta            phi      intensity
   295          14.31          18.00         164.50      2.9474630
   12.29% of job   1 of   1 completed.

number           kout          theta            phi      intensity
   296          14.31          18.00         167.50      2.9919367
   12.33% of job   1 of   1 completed.

number           kout          theta            phi      intensity
   297          14.31          18.00         170.50      3.1769590
   12.38% of job   1 of   1 completed.

number           kout          theta            phi      intensity
   298          14.31          18.00         173.50      3.3802030
   12.42% of job   1 of   1 completed.

number           kout          theta            phi      intensity
   299          14.31          18.00         176.50      3.5955381
   12.46% of job   1 of   1 completed.

number           kout          theta            phi      intensity
   300          14.31          18.00         179.50      3.7225740
   12.50% of job   1 of   1 completed.

number           kout          theta            phi      intensity
   301          14.31          18.00         182.50      3.7115495
   12.54% of job   1 of   1 completed.

number           kout          theta            phi      intensity
   302          14.31          18.00         185.50      3.5430346
   12.58% of job   1 of   1 completed.

number           kout          theta            phi      intensity
   303          14.31          18.00         188.50      3.2989550
   12.62% of job   1 of   1 completed.

number           kout          theta            phi      intensity
   304          14.31          18.00         191.50      3.1371372
   12.67% of job   1 of   1 completed.

number           kout          theta            phi      intensity
   305          14.31          18.00         194.50      2.9785812
   12.71% of job   1 of   1 completed.

number           kout          theta            phi      intensity
   306          14.31          18.00         197.50      2.9240704
   12.75% of job   1 of   1 completed.

number           kout          theta            phi      intensity
   307          14.31          18.00         200.50      2.9740455
   12.79% of job   1 of   1 completed.

number           kout          theta            phi      intensity
   308          14.31          18.00         203.50      3.0917768
   12.83% of job   1 of   1 completed.

number           kout          theta            phi      intensity
   309          14.31          18.00         206.50      3.2774220
   12.88% of job   1 of   1 completed.

number           kout          theta            phi      intensity
   310          14.31          18.00         209.50      3.5419204
   12.92% of job   1 of   1 completed.

number           kout          theta            phi      intensity
   311          14.31          18.00         212.50      3.9405329
   12.96% of job   1 of   1 completed.

number           kout          theta            phi      intensity
   312          14.31          18.00         215.50      4.3793187
   13.00% of job   1 of   1 completed.

number           kout          theta            phi      intensity
   313          14.31          18.00         218.50      4.9029899
   13.04% of job   1 of   1 completed.

number           kout          theta            phi      intensity
   314          14.31          18.00         221.50      5.3838382
   13.08% of job   1 of   1 completed.

number           kout          theta            phi      intensity
   315          14.31          18.00         224.50      5.5179620
   13.12% of job   1 of   1 completed.

number           kout          theta            phi      intensity
   316          14.31          18.00         227.50      5.5311394
   13.17% of job   1 of   1 completed.

number           kout          theta            phi      intensity
   317          14.31          18.00         230.50      5.3261905
   13.21% of job   1 of   1 completed.

number           kout          theta            phi      intensity
   318          14.31          18.00         233.50      4.9545813
   13.25% of job   1 of   1 completed.

number           kout          theta            phi      intensity
   319          14.31          18.00         236.50      4.5120258
   13.29% of job   1 of   1 completed.

number           kout          theta            phi      intensity
   320          14.31          18.00         239.50      4.0466971
   13.33% of job   1 of   1 completed.

number           kout          theta            phi      intensity
   321          14.31          18.00         242.50      3.6844013
   13.38% of job   1 of   1 completed.

number           kout          theta            phi      intensity
   322          14.31          18.00         245.50      3.4578402
   13.42% of job   1 of   1 completed.

number           kout          theta            phi      intensity
   323          14.31          18.00         248.50      3.2738450
   13.46% of job   1 of   1 completed.

number           kout          theta            phi      intensity
   324          14.31          18.00         251.50      3.1574004
   13.50% of job   1 of   1 completed.

number           kout          theta            phi      intensity
   325          14.31          18.00         254.50      3.0721996
   13.54% of job   1 of   1 completed.

number           kout          theta            phi      intensity
   326          14.31          18.00         257.50      3.0757906
   13.58% of job   1 of   1 completed.

number           kout          theta            phi      intensity
   327          14.31          18.00         260.50      3.1234140
   13.62% of job   1 of   1 completed.

number           kout          theta            phi      intensity
   328          14.31          18.00         263.50      3.2175753
   13.67% of job   1 of   1 completed.

number           kout          theta            phi      intensity
   329          14.31          18.00         266.50      3.2808421
   13.71% of job   1 of   1 completed.

number           kout          theta            phi      intensity
   330          14.31          18.00         269.50      3.4150593
   13.75% of job   1 of   1 completed.

number           kout          theta            phi      intensity
   331          14.31          18.00         272.50      3.5258729
   13.79% of job   1 of   1 completed.

number           kout          theta            phi      intensity
   332          14.31          18.00         275.50      3.5314751
   13.83% of job   1 of   1 completed.

number           kout          theta            phi      intensity
   333          14.31          18.00         278.50      3.5254288
   13.88% of job   1 of   1 completed.

number           kout          theta            phi      intensity
   334          14.31          18.00         281.50      3.5436409
   13.92% of job   1 of   1 completed.

number           kout          theta            phi      intensity
   335          14.31          18.00         284.50      3.5253313
   13.96% of job   1 of   1 completed.

number           kout          theta            phi      intensity
   336          14.31          18.00         287.50      3.4714577
   14.00% of job   1 of   1 completed.

number           kout          theta            phi      intensity
   337          14.31          18.00         290.50      3.4167814
   14.04% of job   1 of   1 completed.

number           kout          theta            phi      intensity
   338          14.31          18.00         293.50      3.3817251
   14.08% of job   1 of   1 completed.

number           kout          theta            phi      intensity
   339          14.31          18.00         296.50      3.4013147
   14.12% of job   1 of   1 completed.

number           kout          theta            phi      intensity
   340          14.31          18.00         299.50      3.4975271
   14.17% of job   1 of   1 completed.

number           kout          theta            phi      intensity
   341          14.31          18.00         302.50      3.6887627
   14.21% of job   1 of   1 completed.

number           kout          theta            phi      intensity
   342          14.31          18.00         305.50      3.9503114
   14.25% of job   1 of   1 completed.

number           kout          theta            phi      intensity
   343          14.31          18.00         308.50      4.2157407
   14.29% of job   1 of   1 completed.

number           kout          theta            phi      intensity
   344          14.31          18.00         311.50      4.5221043
   14.33% of job   1 of   1 completed.

number           kout          theta            phi      intensity
   345          14.31          18.00         314.50      4.6651568
   14.38% of job   1 of   1 completed.

number           kout          theta            phi      intensity
   346          14.31          18.00         317.50      4.5991559
   14.42% of job   1 of   1 completed.

number           kout          theta            phi      intensity
   347          14.31          18.00         320.50      4.4565763
   14.46% of job   1 of   1 completed.

number           kout          theta            phi      intensity
   348          14.31          18.00         323.50      4.1703010
   14.50% of job   1 of   1 completed.

number           kout          theta            phi      intensity
   349          14.31          18.00         326.50      3.7661703
   14.54% of job   1 of   1 completed.

number           kout          theta            phi      intensity
   350          14.31          18.00         329.50      3.4991291
   14.58% of job   1 of   1 completed.

number           kout          theta            phi      intensity
   351          14.31          18.00         332.50      3.2809782
   14.62% of job   1 of   1 completed.

number           kout          theta            phi      intensity
   352          14.31          18.00         335.50      3.1412084
   14.67% of job   1 of   1 completed.

number           kout          theta            phi      intensity
   353          14.31          18.00         338.50      3.0719092
   14.71% of job   1 of   1 completed.

number           kout          theta            phi      intensity
   354          14.31          18.00         341.50      3.0523758
   14.75% of job   1 of   1 completed.

number           kout          theta            phi      intensity
   355          14.31          18.00         344.50      3.1012104
   14.79% of job   1 of   1 completed.

number           kout          theta            phi      intensity
   356          14.31          18.00         347.50      3.2018013
   14.83% of job   1 of   1 completed.

number           kout          theta            phi      intensity
   357          14.31          18.00         350.50      3.3445461
   14.88% of job   1 of   1 completed.

number           kout          theta            phi      intensity
   358          14.31          18.00         353.50      3.5033123
   14.92% of job   1 of   1 completed.

number           kout          theta            phi      intensity
   359          14.31          18.00         356.50      3.6256225
   14.96% of job   1 of   1 completed.

number           kout          theta            phi      intensity
   360          14.31          18.00         359.50      3.6648214
   15.00% of job   1 of   1 completed.

number           kout          theta            phi      intensity
   361          14.31          21.00           2.50      4.4749990
   15.04% of job   1 of   1 completed.

number           kout          theta            phi      intensity
   362          14.31          21.00           5.50      4.2605796
   15.08% of job   1 of   1 completed.

number           kout          theta            phi      intensity
   363          14.31          21.00           8.50      3.9908009
   15.12% of job   1 of   1 completed.

number           kout          theta            phi      intensity
   364          14.31          21.00          11.50      3.8054698
   15.17% of job   1 of   1 completed.

number           kout          theta            phi      intensity
   365          14.31          21.00          14.50      3.6493464
   15.21% of job   1 of   1 completed.

number           kout          theta            phi      intensity
   366          14.31          21.00          17.50      3.4837952
   15.25% of job   1 of   1 completed.

number           kout          theta            phi      intensity
   367          14.31          21.00          20.50      3.4213922
   15.29% of job   1 of   1 completed.

number           kout          theta            phi      intensity
   368          14.31          21.00          23.50      3.4287643
   15.33% of job   1 of   1 completed.

number           kout          theta            phi      intensity
   369          14.31          21.00          26.50      3.5463333
   15.38% of job   1 of   1 completed.

number           kout          theta            phi      intensity
   370          14.31          21.00          29.50      3.7299778
   15.42% of job   1 of   1 completed.

number           kout          theta            phi      intensity
   371          14.31          21.00          32.50      4.0903583
   15.46% of job   1 of   1 completed.

number           kout          theta            phi      intensity
   372          14.31          21.00          35.50      4.5749960
   15.50% of job   1 of   1 completed.

number           kout          theta            phi      intensity
   373          14.31          21.00          38.50      5.0416245
   15.54% of job   1 of   1 completed.

number           kout          theta            phi      intensity
   374          14.31          21.00          41.50      5.3186383
   15.58% of job   1 of   1 completed.

number           kout          theta            phi      intensity
   375          14.31          21.00          44.50      5.4261498
   15.62% of job   1 of   1 completed.

number           kout          theta            phi      intensity
   376          14.31          21.00          47.50      5.2395873
   15.67% of job   1 of   1 completed.

number           kout          theta            phi      intensity
   377          14.31          21.00          50.50      4.8646860
   15.71% of job   1 of   1 completed.

number           kout          theta            phi      intensity
   378          14.31          21.00          53.50      4.4184170
   15.75% of job   1 of   1 completed.

number           kout          theta            phi      intensity
   379          14.31          21.00          56.50      4.0396752
   15.79% of job   1 of   1 completed.

number           kout          theta            phi      intensity
   380          14.31          21.00          59.50      3.8169925
   15.83% of job   1 of   1 completed.

number           kout          theta            phi      intensity
   381          14.31          21.00          62.50      3.6796319
   15.88% of job   1 of   1 completed.

number           kout          theta            phi      intensity
   382          14.31          21.00          65.50      3.7741215
   15.92% of job   1 of   1 completed.

number           kout          theta            phi      intensity
   383          14.31          21.00          68.50      3.8782864
   15.96% of job   1 of   1 completed.

number           kout          theta            phi      intensity
   384          14.31          21.00          71.50      4.0556512
   16.00% of job   1 of   1 completed.

number           kout          theta            phi      intensity
   385          14.31          21.00          74.50      4.2613401
   16.04% of job   1 of   1 completed.

number           kout          theta            phi      intensity
   386          14.31          21.00          77.50      4.4416747
   16.08% of job   1 of   1 completed.

number           kout          theta            phi      intensity
   387          14.31          21.00          80.50      4.5472941
   16.12% of job   1 of   1 completed.

number           kout          theta            phi      intensity
   388          14.31          21.00          83.50      4.6646543
   16.17% of job   1 of   1 completed.

number           kout          theta            phi      intensity
   389          14.31          21.00          86.50      4.6821046
   16.21% of job   1 of   1 completed.

number           kout          theta            phi      intensity
   390          14.31          21.00          89.50      4.6183085
   16.25% of job   1 of   1 completed.

number           kout          theta            phi      intensity
   391          14.31          21.00          92.50      4.4548097
   16.29% of job   1 of   1 completed.

number           kout          theta            phi      intensity
   392          14.31          21.00          95.50      4.2700658
   16.33% of job   1 of   1 completed.

number           kout          theta            phi      intensity
   393          14.31          21.00          98.50      4.0347443
   16.38% of job   1 of   1 completed.

number           kout          theta            phi      intensity
   394          14.31          21.00         101.50      3.8654859
   16.42% of job   1 of   1 completed.

number           kout          theta            phi      intensity
   395          14.31          21.00         104.50      3.7795105
   16.46% of job   1 of   1 completed.

number           kout          theta            phi      intensity
   396          14.31          21.00         107.50      3.6678426
   16.50% of job   1 of   1 completed.

number           kout          theta            phi      intensity
   397          14.31          21.00         110.50      3.6582966
   16.54% of job   1 of   1 completed.

number           kout          theta            phi      intensity
   398          14.31          21.00         113.50      3.6610487
   16.58% of job   1 of   1 completed.

number           kout          theta            phi      intensity
   399          14.31          21.00         116.50      3.7424042
   16.62% of job   1 of   1 completed.

number           kout          theta            phi      intensity
   400          14.31          21.00         119.50      3.9585686
   16.67% of job   1 of   1 completed.

number           kout          theta            phi      intensity
   401          14.31          21.00         122.50      4.2875319
   16.71% of job   1 of   1 completed.

number           kout          theta            phi      intensity
   402          14.31          21.00         125.50      4.7209001
   16.75% of job   1 of   1 completed.

number           kout          theta            phi      intensity
   403          14.31          21.00         128.50      5.3118734
   16.79% of job   1 of   1 completed.

number           kout          theta            phi      intensity
   404          14.31          21.00         131.50      5.8199134
   16.83% of job   1 of   1 completed.

number           kout          theta            phi      intensity
   405          14.31          21.00         134.50      6.1109815
   16.88% of job   1 of   1 completed.

number           kout          theta            phi      intensity
   406          14.31          21.00         137.50      6.0908279
   16.92% of job   1 of   1 completed.

number           kout          theta            phi      intensity
   407          14.31          21.00         140.50      5.6138206
   16.96% of job   1 of   1 completed.

number           kout          theta            phi      intensity
   408          14.31          21.00         143.50      5.0583854
   17.00% of job   1 of   1 completed.

number           kout          theta            phi      intensity
   409          14.31          21.00         146.50      4.5249877
   17.04% of job   1 of   1 completed.

number           kout          theta            phi      intensity
   410          14.31          21.00         149.50      4.0130143
   17.08% of job   1 of   1 completed.

number           kout          theta            phi      intensity
   411          14.31          21.00         152.50      3.6373882
   17.12% of job   1 of   1 completed.

number           kout          theta            phi      intensity
   412          14.31          21.00         155.50      3.4244444
   17.17% of job   1 of   1 completed.

number           kout          theta            phi      intensity
   413          14.31          21.00         158.50      3.3019943
   17.21% of job   1 of   1 completed.

number           kout          theta            phi      intensity
   414          14.31          21.00         161.50      3.2668190
   17.25% of job   1 of   1 completed.

number           kout          theta            phi      intensity
   415          14.31          21.00         164.50      3.4063828
   17.29% of job   1 of   1 completed.

number           kout          theta            phi      intensity
   416          14.31          21.00         167.50      3.6083372
   17.33% of job   1 of   1 completed.

number           kout          theta            phi      intensity
   417          14.31          21.00         170.50      3.9652634
   17.38% of job   1 of   1 completed.

number           kout          theta            phi      intensity
   418          14.31          21.00         173.50      4.4057798
   17.42% of job   1 of   1 completed.

number           kout          theta            phi      intensity
   419          14.31          21.00         176.50      4.8261542
   17.46% of job   1 of   1 completed.

number           kout          theta            phi      intensity
   420          14.31          21.00         179.50      5.0032849
   17.50% of job   1 of   1 completed.

number           kout          theta            phi      intensity
   421          14.31          21.00         182.50      4.9776649
   17.54% of job   1 of   1 completed.

number           kout          theta            phi      intensity
   422          14.31          21.00         185.50      4.6896424
   17.58% of job   1 of   1 completed.

number           kout          theta            phi      intensity
   423          14.31          21.00         188.50      4.2576799
   17.62% of job   1 of   1 completed.

number           kout          theta            phi      intensity
   424          14.31          21.00         191.50      3.8525088
   17.67% of job   1 of   1 completed.

number           kout          theta            phi      intensity
   425          14.31          21.00         194.50      3.4974854
   17.71% of job   1 of   1 completed.

number           kout          theta            phi      intensity
   426          14.31          21.00         197.50      3.2920570
   17.75% of job   1 of   1 completed.

number           kout          theta            phi      intensity
   427          14.31          21.00         200.50      3.2206581
   17.79% of job   1 of   1 completed.

number           kout          theta            phi      intensity
   428          14.31          21.00         203.50      3.3150122
   17.83% of job   1 of   1 completed.

number           kout          theta            phi      intensity
   429          14.31          21.00         206.50      3.4705946
   17.88% of job   1 of   1 completed.

number           kout          theta            phi      intensity
   430          14.31          21.00         209.50      3.7575200
   17.92% of job   1 of   1 completed.

number           kout          theta            phi      intensity
   431          14.31          21.00         212.50      4.1992087
   17.96% of job   1 of   1 completed.

number           kout          theta            phi      intensity
   432          14.31          21.00         215.50      4.7716913
   18.00% of job   1 of   1 completed.

number           kout          theta            phi      intensity
   433          14.31          21.00         218.50      5.3025088
   18.04% of job   1 of   1 completed.

number           kout          theta            phi      intensity
   434          14.31          21.00         221.50      5.8713584
   18.08% of job   1 of   1 completed.

number           kout          theta            phi      intensity
   435          14.31          21.00         224.50      6.0592155
   18.12% of job   1 of   1 completed.

number           kout          theta            phi      intensity
   436          14.31          21.00         227.50      5.9973731
   18.17% of job   1 of   1 completed.

number           kout          theta            phi      intensity
   437          14.31          21.00         230.50      5.6347384
   18.21% of job   1 of   1 completed.

number           kout          theta            phi      intensity
   438          14.31          21.00         233.50      5.1220112
   18.25% of job   1 of   1 completed.

number           kout          theta            phi      intensity
   439          14.31          21.00         236.50      4.5560575
   18.29% of job   1 of   1 completed.

number           kout          theta            phi      intensity
   440          14.31          21.00         239.50      4.0741305
   18.33% of job   1 of   1 completed.

number           kout          theta            phi      intensity
   441          14.31          21.00         242.50      3.8200023
   18.38% of job   1 of   1 completed.

number           kout          theta            phi      intensity
   442          14.31          21.00         245.50      3.6831324
   18.42% of job   1 of   1 completed.

number           kout          theta            phi      intensity
   443          14.31          21.00         248.50      3.6271515
   18.46% of job   1 of   1 completed.

number           kout          theta            phi      intensity
   444          14.31          21.00         251.50      3.6562455
   18.50% of job   1 of   1 completed.

number           kout          theta            phi      intensity
   445          14.31          21.00         254.50      3.7432168
   18.54% of job   1 of   1 completed.

number           kout          theta            phi      intensity
   446          14.31          21.00         257.50      3.7986279
   18.58% of job   1 of   1 completed.

number           kout          theta            phi      intensity
   447          14.31          21.00         260.50      3.9091065
   18.62% of job   1 of   1 completed.

number           kout          theta            phi      intensity
   448          14.31          21.00         263.50      4.0553231
   18.67% of job   1 of   1 completed.

number           kout          theta            phi      intensity
   449          14.31          21.00         266.50      4.2915564
   18.71% of job   1 of   1 completed.

number           kout          theta            phi      intensity
   450          14.31          21.00         269.50      4.4602294
   18.75% of job   1 of   1 completed.

number           kout          theta            phi      intensity
   451          14.31          21.00         272.50      4.5967469
   18.79% of job   1 of   1 completed.

number           kout          theta            phi      intensity
   452          14.31          21.00         275.50      4.5716090
   18.83% of job   1 of   1 completed.

number           kout          theta            phi      intensity
   453          14.31          21.00         278.50      4.5449686
   18.88% of job   1 of   1 completed.

number           kout          theta            phi      intensity
   454          14.31          21.00         281.50      4.4254103
   18.92% of job   1 of   1 completed.

number           kout          theta            phi      intensity
   455          14.31          21.00         284.50      4.3130903
   18.96% of job   1 of   1 completed.

number           kout          theta            phi      intensity
   456          14.31          21.00         287.50      4.1160278
   19.00% of job   1 of   1 completed.

number           kout          theta            phi      intensity
   457          14.31          21.00         290.50      3.9197280
   19.04% of job   1 of   1 completed.

number           kout          theta            phi      intensity
   458          14.31          21.00         293.50      3.7843053
   19.08% of job   1 of   1 completed.

number           kout          theta            phi      intensity
   459          14.31          21.00         296.50      3.6918576
   19.12% of job   1 of   1 completed.

number           kout          theta            phi      intensity
   460          14.31          21.00         299.50      3.7410467
   19.17% of job   1 of   1 completed.

number           kout          theta            phi      intensity
   461          14.31          21.00         302.50      3.9420607
   19.21% of job   1 of   1 completed.

number           kout          theta            phi      intensity
   462          14.31          21.00         305.50      4.2938218
   19.25% of job   1 of   1 completed.

number           kout          theta            phi      intensity
   463          14.31          21.00         308.50      4.7536788
   19.29% of job   1 of   1 completed.

number           kout          theta            phi      intensity
   464          14.31          21.00         311.50      5.1301818
   19.33% of job   1 of   1 completed.

number           kout          theta            phi      intensity
   465          14.31          21.00         314.50      5.2927489
   19.38% of job   1 of   1 completed.

number           kout          theta            phi      intensity
   466          14.31          21.00         317.50      5.2100396
   19.42% of job   1 of   1 completed.

number           kout          theta            phi      intensity
   467          14.31          21.00         320.50      4.9376564
   19.46% of job   1 of   1 completed.

number           kout          theta            phi      intensity
   468          14.31          21.00         323.50      4.5036340
   19.50% of job   1 of   1 completed.

number           kout          theta            phi      intensity
   469          14.31          21.00         326.50      3.9613564
   19.54% of job   1 of   1 completed.

number           kout          theta            phi      intensity
   470          14.31          21.00         329.50      3.6512902
   19.58% of job   1 of   1 completed.

number           kout          theta            phi      intensity
   471          14.31          21.00         332.50      3.4582119
   19.62% of job   1 of   1 completed.

number           kout          theta            phi      intensity
   472          14.31          21.00         335.50      3.3740358
   19.67% of job   1 of   1 completed.

number           kout          theta            phi      intensity
   473          14.31          21.00         338.50      3.3621387
   19.71% of job   1 of   1 completed.

number           kout          theta            phi      intensity
   474          14.31          21.00         341.50      3.4391434
   19.75% of job   1 of   1 completed.

number           kout          theta            phi      intensity
   475          14.31          21.00         344.50      3.6231146
   19.79% of job   1 of   1 completed.

number           kout          theta            phi      intensity
   476          14.31          21.00         347.50      3.7919836
   19.83% of job   1 of   1 completed.

number           kout          theta            phi      intensity
   477          14.31          21.00         350.50      4.0312672
   19.88% of job   1 of   1 completed.

number           kout          theta            phi      intensity
   478          14.31          21.00         353.50      4.2896948
   19.92% of job   1 of   1 completed.

number           kout          theta            phi      intensity
   479          14.31          21.00         356.50      4.4757509
   19.96% of job   1 of   1 completed.

number           kout          theta            phi      intensity
   480          14.31          21.00         359.50      4.5389094
   20.00% of job   1 of   1 completed.

number           kout          theta            phi      intensity
   481          14.31          24.00           2.50      4.4828496
   20.04% of job   1 of   1 completed.

number           kout          theta            phi      intensity
   482          14.31          24.00           5.50      4.4190402
   20.08% of job   1 of   1 completed.

number           kout          theta            phi      intensity
   483          14.31          24.00           8.50      4.2840090
   20.12% of job   1 of   1 completed.

number           kout          theta            phi      intensity
   484          14.31          24.00          11.50      4.1588984
   20.17% of job   1 of   1 completed.

number           kout          theta            phi      intensity
   485          14.31          24.00          14.50      4.0257993
   20.21% of job   1 of   1 completed.

number           kout          theta            phi      intensity
   486          14.31          24.00          17.50      3.9356434
   20.25% of job   1 of   1 completed.

number           kout          theta            phi      intensity
   487          14.31          24.00          20.50      3.8612664
   20.29% of job   1 of   1 completed.

number           kout          theta            phi      intensity
   488          14.31          24.00          23.50      3.9197752
   20.33% of job   1 of   1 completed.

number           kout          theta            phi      intensity
   489          14.31          24.00          26.50      4.0533643
   20.38% of job   1 of   1 completed.

number           kout          theta            phi      intensity
   490          14.31          24.00          29.50      4.2676415
   20.42% of job   1 of   1 completed.

number           kout          theta            phi      intensity
   491          14.31          24.00          32.50      4.5956311
   20.46% of job   1 of   1 completed.

number           kout          theta            phi      intensity
   492          14.31          24.00          35.50      5.0266547
   20.50% of job   1 of   1 completed.

number           kout          theta            phi      intensity
   493          14.31          24.00          38.50      5.5001731
   20.54% of job   1 of   1 completed.

number           kout          theta            phi      intensity
   494          14.31          24.00          41.50      5.9169755
   20.58% of job   1 of   1 completed.

number           kout          theta            phi      intensity
   495          14.31          24.00          44.50      6.1734366
   20.62% of job   1 of   1 completed.

number           kout          theta            phi      intensity
   496          14.31          24.00          47.50      5.9946427
   20.67% of job   1 of   1 completed.

number           kout          theta            phi      intensity
   497          14.31          24.00          50.50      5.6071706
   20.71% of job   1 of   1 completed.

number           kout          theta            phi      intensity
   498          14.31          24.00          53.50      5.1716866
   20.75% of job   1 of   1 completed.

number           kout          theta            phi      intensity
   499          14.31          24.00          56.50      4.7287755
   20.79% of job   1 of   1 completed.

number           kout          theta            phi      intensity
   500          14.31          24.00          59.50      4.3841405
   20.83% of job   1 of   1 completed.

number           kout          theta            phi      intensity
   501          14.31          24.00          62.50      4.1192060
   20.88% of job   1 of   1 completed.

number           kout          theta            phi      intensity
   502          14.31          24.00          65.50      4.0635676
   20.92% of job   1 of   1 completed.

number           kout          theta            phi      intensity
   503          14.31          24.00          68.50      4.0343308
   20.96% of job   1 of   1 completed.

number           kout          theta            phi      intensity
   504          14.31          24.00          71.50      4.1148453
   21.00% of job   1 of   1 completed.

number           kout          theta            phi      intensity
   505          14.31          24.00          74.50      4.2822757
   21.04% of job   1 of   1 completed.

number           kout          theta            phi      intensity
   506          14.31          24.00          77.50      4.4608397
   21.08% of job   1 of   1 completed.

number           kout          theta            phi      intensity
   507          14.31          24.00          80.50      4.6743426
   21.12% of job   1 of   1 completed.

number           kout          theta            phi      intensity
   508          14.31          24.00          83.50      4.7253985
   21.17% of job   1 of   1 completed.

number           kout          theta            phi      intensity
   509          14.31          24.00          86.50      4.8197112
   21.21% of job   1 of   1 completed.

number           kout          theta            phi      intensity
   510          14.31          24.00          89.50      4.8515821
   21.25% of job   1 of   1 completed.

number           kout          theta            phi      intensity
   511          14.31          24.00          92.50      4.7806983
   21.29% of job   1 of   1 completed.

number           kout          theta            phi      intensity
   512          14.31          24.00          95.50      4.6086416
   21.33% of job   1 of   1 completed.

number           kout          theta            phi      intensity
   513          14.31          24.00          98.50      4.4865184
   21.38% of job   1 of   1 completed.

number           kout          theta            phi      intensity
   514          14.31          24.00         101.50      4.3207855
   21.42% of job   1 of   1 completed.

number           kout          theta            phi      intensity
   515          14.31          24.00         104.50      4.0623279
   21.46% of job   1 of   1 completed.

number           kout          theta            phi      intensity
   516          14.31          24.00         107.50      3.9327734
   21.50% of job   1 of   1 completed.

number           kout          theta            phi      intensity
   517          14.31          24.00         110.50      3.9238007
   21.54% of job   1 of   1 completed.

number           kout          theta            phi      intensity
   518          14.31          24.00         113.50      4.0210323
   21.58% of job   1 of   1 completed.

number           kout          theta            phi      intensity
   519          14.31          24.00         116.50      4.1440883
   21.62% of job   1 of   1 completed.

number           kout          theta            phi      intensity
   520          14.31          24.00         119.50      4.4482198
   21.67% of job   1 of   1 completed.

number           kout          theta            phi      intensity
   521          14.31          24.00         122.50      4.8662629
   21.71% of job   1 of   1 completed.

number           kout          theta            phi      intensity
   522          14.31          24.00         125.50      5.3219190
   21.75% of job   1 of   1 completed.

number           kout          theta            phi      intensity
   523          14.31          24.00         128.50      5.8791451
   21.79% of job   1 of   1 completed.

number           kout          theta            phi      intensity
   524          14.31          24.00         131.50      6.3246789
   21.83% of job   1 of   1 completed.

number           kout          theta            phi      intensity
   525          14.31          24.00         134.50      6.6203494
   21.88% of job   1 of   1 completed.

number           kout          theta            phi      intensity
   526          14.31          24.00         137.50      6.5651069
   21.92% of job   1 of   1 completed.

number           kout          theta            phi      intensity
   527          14.31          24.00         140.50      6.1551871
   21.96% of job   1 of   1 completed.

number           kout          theta            phi      intensity
   528          14.31          24.00         143.50      5.5633559
   22.00% of job   1 of   1 completed.

number           kout          theta            phi      intensity
   529          14.31          24.00         146.50      5.0149751
   22.04% of job   1 of   1 completed.

number           kout          theta            phi      intensity
   530          14.31          24.00         149.50      4.4618306
   22.08% of job   1 of   1 completed.

number           kout          theta            phi      intensity
   531          14.31          24.00         152.50      4.0530000
   22.12% of job   1 of   1 completed.

number           kout          theta            phi      intensity
   532          14.31          24.00         155.50      3.7805574
   22.17% of job   1 of   1 completed.

number           kout          theta            phi      intensity
   533          14.31          24.00         158.50      3.5605600
   22.21% of job   1 of   1 completed.

number           kout          theta            phi      intensity
   534          14.31          24.00         161.50      3.5293629
   22.25% of job   1 of   1 completed.

number           kout          theta            phi      intensity
   535          14.31          24.00         164.50      3.6454613
   22.29% of job   1 of   1 completed.

number           kout          theta            phi      intensity
   536          14.31          24.00         167.50      3.8852370
   22.33% of job   1 of   1 completed.

number           kout          theta            phi      intensity
   537          14.31          24.00         170.50      4.2871704
   22.38% of job   1 of   1 completed.

number           kout          theta            phi      intensity
   538          14.31          24.00         173.50      4.7227178
   22.42% of job   1 of   1 completed.

number           kout          theta            phi      intensity
   539          14.31          24.00         176.50      5.0179114
   22.46% of job   1 of   1 completed.

number           kout          theta            phi      intensity
   540          14.31          24.00         179.50      5.1946216
   22.50% of job   1 of   1 completed.

number           kout          theta            phi      intensity
   541          14.31          24.00         182.50      5.1536074
   22.54% of job   1 of   1 completed.

number           kout          theta            phi      intensity
   542          14.31          24.00         185.50      4.9160967
   22.58% of job   1 of   1 completed.

number           kout          theta            phi      intensity
   543          14.31          24.00         188.50      4.5642915
   22.62% of job   1 of   1 completed.

number           kout          theta            phi      intensity
   544          14.31          24.00         191.50      4.0999455
   22.67% of job   1 of   1 completed.

number           kout          theta            phi      intensity
   545          14.31          24.00         194.50      3.7236078
   22.71% of job   1 of   1 completed.

number           kout          theta            phi      intensity
   546          14.31          24.00         197.50      3.5269539
   22.75% of job   1 of   1 completed.

number           kout          theta            phi      intensity
   547          14.31          24.00         200.50      3.4460003
   22.79% of job   1 of   1 completed.

number           kout          theta            phi      intensity
   548          14.31          24.00         203.50      3.5887816
   22.83% of job   1 of   1 completed.

number           kout          theta            phi      intensity
   549          14.31          24.00         206.50      3.8204663
   22.88% of job   1 of   1 completed.

number           kout          theta            phi      intensity
   550          14.31          24.00         209.50      4.2043190
   22.92% of job   1 of   1 completed.

number           kout          theta            phi      intensity
   551          14.31          24.00         212.50      4.6948867
   22.96% of job   1 of   1 completed.

number           kout          theta            phi      intensity
   552          14.31          24.00         215.50      5.2716217
   23.00% of job   1 of   1 completed.

number           kout          theta            phi      intensity
   553          14.31          24.00         218.50      5.8868108
   23.04% of job   1 of   1 completed.

number           kout          theta            phi      intensity
   554          14.31          24.00         221.50      6.3910604
   23.08% of job   1 of   1 completed.

number           kout          theta            phi      intensity
   555          14.31          24.00         224.50      6.6776996
   23.12% of job   1 of   1 completed.

number           kout          theta            phi      intensity
   556          14.31          24.00         227.50      6.5837531
   23.17% of job   1 of   1 completed.

number           kout          theta            phi      intensity
   557          14.31          24.00         230.50      6.1961784
   23.21% of job   1 of   1 completed.

number           kout          theta            phi      intensity
   558          14.31          24.00         233.50      5.6989255
   23.25% of job   1 of   1 completed.

number           kout          theta            phi      intensity
   559          14.31          24.00         236.50      5.1137152
   23.29% of job   1 of   1 completed.

number           kout          theta            phi      intensity
   560          14.31          24.00         239.50      4.6059871
   23.33% of job   1 of   1 completed.

number           kout          theta            phi      intensity
   561          14.31          24.00         242.50      4.2416024
   23.38% of job   1 of   1 completed.

number           kout          theta            phi      intensity
   562          14.31          24.00         245.50      4.0820823
   23.42% of job   1 of   1 completed.

number           kout          theta            phi      intensity
   563          14.31          24.00         248.50      3.9523580
   23.46% of job   1 of   1 completed.

number           kout          theta            phi      intensity
   564          14.31          24.00         251.50      3.9501495
   23.50% of job   1 of   1 completed.

number           kout          theta            phi      intensity
   565          14.31          24.00         254.50      3.9957497
   23.54% of job   1 of   1 completed.

number           kout          theta            phi      intensity
   566          14.31          24.00         257.50      4.1419883
   23.58% of job   1 of   1 completed.

number           kout          theta            phi      intensity
   567          14.31          24.00         260.50      4.3749537
   23.62% of job   1 of   1 completed.

number           kout          theta            phi      intensity
   568          14.31          24.00         263.50      4.4826379
   23.67% of job   1 of   1 completed.

number           kout          theta            phi      intensity
   569          14.31          24.00         266.50      4.6376586
   23.71% of job   1 of   1 completed.

number           kout          theta            phi      intensity
   570          14.31          24.00         269.50      4.7373843
   23.75% of job   1 of   1 completed.

number           kout          theta            phi      intensity
   571          14.31          24.00         272.50      4.7840457
   23.79% of job   1 of   1 completed.

number           kout          theta            phi      intensity
   572          14.31          24.00         275.50      4.7016873
   23.83% of job   1 of   1 completed.

number           kout          theta            phi      intensity
   573          14.31          24.00         278.50      4.6650815
   23.88% of job   1 of   1 completed.

number           kout          theta            phi      intensity
   574          14.31          24.00         281.50      4.5487876
   23.92% of job   1 of   1 completed.

number           kout          theta            phi      intensity
   575          14.31          24.00         284.50      4.3348584
   23.96% of job   1 of   1 completed.

number           kout          theta            phi      intensity
   576          14.31          24.00         287.50      4.1758676
   24.00% of job   1 of   1 completed.

number           kout          theta            phi      intensity
   577          14.31          24.00         290.50      4.0313244
   24.04% of job   1 of   1 completed.

number           kout          theta            phi      intensity
   578          14.31          24.00         293.50      4.0186968
   24.08% of job   1 of   1 completed.

number           kout          theta            phi      intensity
   579          14.31          24.00         296.50      4.0914764
   24.12% of job   1 of   1 completed.

number           kout          theta            phi      intensity
   580          14.31          24.00         299.50      4.2580037
   24.17% of job   1 of   1 completed.

number           kout          theta            phi      intensity
   581          14.31          24.00         302.50      4.5944004
   24.21% of job   1 of   1 completed.

number           kout          theta            phi      intensity
   582          14.31          24.00         305.50      5.0225849
   24.25% of job   1 of   1 completed.

number           kout          theta            phi      intensity
   583          14.31          24.00         308.50      5.5543246
   24.29% of job   1 of   1 completed.

number           kout          theta            phi      intensity
   584          14.31          24.00         311.50      6.0012131
   24.33% of job   1 of   1 completed.

number           kout          theta            phi      intensity
   585          14.31          24.00         314.50      6.1464067
   24.38% of job   1 of   1 completed.

number           kout          theta            phi      intensity
   586          14.31          24.00         317.50      5.9577713
   24.42% of job   1 of   1 completed.

number           kout          theta            phi      intensity
   587          14.31          24.00         320.50      5.5041413
   24.46% of job   1 of   1 completed.

number           kout          theta            phi      intensity
   588          14.31          24.00         323.50      5.0046773
   24.50% of job   1 of   1 completed.

number           kout          theta            phi      intensity
   589          14.31          24.00         326.50      4.5715184
   24.54% of job   1 of   1 completed.

number           kout          theta            phi      intensity
   590          14.31          24.00         329.50      4.1804414
   24.58% of job   1 of   1 completed.

number           kout          theta            phi      intensity
   591          14.31          24.00         332.50      3.9704778
   24.62% of job   1 of   1 completed.

number           kout          theta            phi      intensity
   592          14.31          24.00         335.50      3.8277464
   24.67% of job   1 of   1 completed.

number           kout          theta            phi      intensity
   593          14.31          24.00         338.50      3.8237994
   24.71% of job   1 of   1 completed.

number           kout          theta            phi      intensity
   594          14.31          24.00         341.50      3.9256401
   24.75% of job   1 of   1 completed.

number           kout          theta            phi      intensity
   595          14.31          24.00         344.50      4.0259929
   24.79% of job   1 of   1 completed.

number           kout          theta            phi      intensity
   596          14.31          24.00         347.50      4.1824641
   24.83% of job   1 of   1 completed.

number           kout          theta            phi      intensity
   597          14.31          24.00         350.50      4.3572965
   24.88% of job   1 of   1 completed.

number           kout          theta            phi      intensity
   598          14.31          24.00         353.50      4.4027047
   24.92% of job   1 of   1 completed.

number           kout          theta            phi      intensity
   599          14.31          24.00         356.50      4.4956455
   24.96% of job   1 of   1 completed.

number           kout          theta            phi      intensity
   600          14.31          24.00         359.50      4.5219216
   25.00% of job   1 of   1 completed.

number           kout          theta            phi      intensity
   601          14.31          27.00           2.50      4.3204331
   25.04% of job   1 of   1 completed.

number           kout          theta            phi      intensity
   602          14.31          27.00           5.50      4.3442903
   25.08% of job   1 of   1 completed.

number           kout          theta            phi      intensity
   603          14.31          27.00           8.50      4.3057780
   25.12% of job   1 of   1 completed.

number           kout          theta            phi      intensity
   604          14.31          27.00          11.50      4.1707797
   25.17% of job   1 of   1 completed.

number           kout          theta            phi      intensity
   605          14.31          27.00          14.50      4.0241904
   25.21% of job   1 of   1 completed.

number           kout          theta            phi      intensity
   606          14.31          27.00          17.50      3.9483774
   25.25% of job   1 of   1 completed.

number           kout          theta            phi      intensity
   607          14.31          27.00          20.50      3.9215984
   25.29% of job   1 of   1 completed.

number           kout          theta            phi      intensity
   608          14.31          27.00          23.50      4.1668906
   25.33% of job   1 of   1 completed.

number           kout          theta            phi      intensity
   609          14.31          27.00          26.50      4.4253082
   25.38% of job   1 of   1 completed.

number           kout          theta            phi      intensity
   610          14.31          27.00          29.50      4.5772634
   25.42% of job   1 of   1 completed.

number           kout          theta            phi      intensity
   611          14.31          27.00          32.50      4.6613564
   25.46% of job   1 of   1 completed.

number           kout          theta            phi      intensity
   612          14.31          27.00          35.50      4.7761507
   25.50% of job   1 of   1 completed.

number           kout          theta            phi      intensity
   613          14.31          27.00          38.50      5.0108094
   25.54% of job   1 of   1 completed.

number           kout          theta            phi      intensity
   614          14.31          27.00          41.50      5.2389793
   25.58% of job   1 of   1 completed.

number           kout          theta            phi      intensity
   615          14.31          27.00          44.50      5.4887557
   25.62% of job   1 of   1 completed.

number           kout          theta            phi      intensity
   616          14.31          27.00          47.50      5.4225993
   25.67% of job   1 of   1 completed.

number           kout          theta            phi      intensity
   617          14.31          27.00          50.50      5.1769385
   25.71% of job   1 of   1 completed.

number           kout          theta            phi      intensity
   618          14.31          27.00          53.50      4.8496919
   25.75% of job   1 of   1 completed.

number           kout          theta            phi      intensity
   619          14.31          27.00          56.50      4.5228100
   25.79% of job   1 of   1 completed.

number           kout          theta            phi      intensity
   620          14.31          27.00          59.50      4.1945376
   25.83% of job   1 of   1 completed.

number           kout          theta            phi      intensity
   621          14.31          27.00          62.50      3.9734738
   25.88% of job   1 of   1 completed.

number           kout          theta            phi      intensity
   622          14.31          27.00          65.50      3.7064731
   25.92% of job   1 of   1 completed.

number           kout          theta            phi      intensity
   623          14.31          27.00          68.50      3.4512119
   25.96% of job   1 of   1 completed.

number           kout          theta            phi      intensity
   624          14.31          27.00          71.50      3.4066696
   26.00% of job   1 of   1 completed.

number           kout          theta            phi      intensity
   625          14.31          27.00          74.50      3.4839230
   26.04% of job   1 of   1 completed.

number           kout          theta            phi      intensity
   626          14.31          27.00          77.50      3.8119252
   26.08% of job   1 of   1 completed.

number           kout          theta            phi      intensity
   627          14.31          27.00          80.50      4.0074568
   26.12% of job   1 of   1 completed.

number           kout          theta            phi      intensity
   628          14.31          27.00          83.50      4.1762452
   26.17% of job   1 of   1 completed.

number           kout          theta            phi      intensity
   629          14.31          27.00          86.50      4.3621092
   26.21% of job   1 of   1 completed.

number           kout          theta            phi      intensity
   630          14.31          27.00          89.50      4.5534449
   26.25% of job   1 of   1 completed.

number           kout          theta            phi      intensity
   631          14.31          27.00          92.50      4.6008878
   26.29% of job   1 of   1 completed.

number           kout          theta            phi      intensity
   632          14.31          27.00          95.50      4.5441670
   26.33% of job   1 of   1 completed.

number           kout          theta            phi      intensity
   633          14.31          27.00          98.50      4.4026036
   26.38% of job   1 of   1 completed.

number           kout          theta            phi      intensity
   634          14.31          27.00         101.50      4.0126400
   26.42% of job   1 of   1 completed.

number           kout          theta            phi      intensity
   635          14.31          27.00         104.50      3.6735430
   26.46% of job   1 of   1 completed.

number           kout          theta            phi      intensity
   636          14.31          27.00         107.50      3.4381697
   26.50% of job   1 of   1 completed.

number           kout          theta            phi      intensity
   637          14.31          27.00         110.50      3.3577139
   26.54% of job   1 of   1 completed.

number           kout          theta            phi      intensity
   638          14.31          27.00         113.50      3.6136217
   26.58% of job   1 of   1 completed.

number           kout          theta            phi      intensity
   639          14.31          27.00         116.50      3.9793470
   26.62% of job   1 of   1 completed.

number           kout          theta            phi      intensity
   640          14.31          27.00         119.50      4.3838201
   26.67% of job   1 of   1 completed.

number           kout          theta            phi      intensity
   641          14.31          27.00         122.50      4.7828150
   26.71% of job   1 of   1 completed.

number           kout          theta            phi      intensity
   642          14.31          27.00         125.50      5.2710395
   26.75% of job   1 of   1 completed.

number           kout          theta            phi      intensity
   643          14.31          27.00         128.50      5.5495496
   26.79% of job   1 of   1 completed.

number           kout          theta            phi      intensity
   644          14.31          27.00         131.50      5.8242946
   26.83% of job   1 of   1 completed.

number           kout          theta            phi      intensity
   645          14.31          27.00         134.50      5.9825225
   26.88% of job   1 of   1 completed.

number           kout          theta            phi      intensity
   646          14.31          27.00         137.50      5.9596801
   26.92% of job   1 of   1 completed.

number           kout          theta            phi      intensity
   647          14.31          27.00         140.50      5.6468048
   26.96% of job   1 of   1 completed.

number           kout          theta            phi      intensity
   648          14.31          27.00         143.50      5.3471217
   27.00% of job   1 of   1 completed.

number           kout          theta            phi      intensity
   649          14.31          27.00         146.50      4.9163270
   27.04% of job   1 of   1 completed.

number           kout          theta            phi      intensity
   650          14.31          27.00         149.50      4.4974046
   27.08% of job   1 of   1 completed.

number           kout          theta            phi      intensity
   651          14.31          27.00         152.50      4.0848484
   27.12% of job   1 of   1 completed.

number           kout          theta            phi      intensity
   652          14.31          27.00         155.50      3.7267206
   27.17% of job   1 of   1 completed.

number           kout          theta            phi      intensity
   653          14.31          27.00         158.50      3.3758268
   27.21% of job   1 of   1 completed.

number           kout          theta            phi      intensity
   654          14.31          27.00         161.50      3.2677982
   27.25% of job   1 of   1 completed.

number           kout          theta            phi      intensity
   655          14.31          27.00         164.50      3.3843651
   27.29% of job   1 of   1 completed.

number           kout          theta            phi      intensity
   656          14.31          27.00         167.50      3.6487601
   27.33% of job   1 of   1 completed.

number           kout          theta            phi      intensity
   657          14.31          27.00         170.50      4.0251203
   27.38% of job   1 of   1 completed.

number           kout          theta            phi      intensity
   658          14.31          27.00         173.50      4.3086143
   27.42% of job   1 of   1 completed.

number           kout          theta            phi      intensity
   659          14.31          27.00         176.50      4.5529184
   27.46% of job   1 of   1 completed.

number           kout          theta            phi      intensity
   660          14.31          27.00         179.50      4.7061658
   27.50% of job   1 of   1 completed.

number           kout          theta            phi      intensity
   661          14.31          27.00         182.50      4.6490083
   27.54% of job   1 of   1 completed.

number           kout          theta            phi      intensity
   662          14.31          27.00         185.50      4.4505301
   27.58% of job   1 of   1 completed.

number           kout          theta            phi      intensity
   663          14.31          27.00         188.50      4.1917815
   27.62% of job   1 of   1 completed.

number           kout          theta            phi      intensity
   664          14.31          27.00         191.50      3.8017778
   27.67% of job   1 of   1 completed.

number           kout          theta            phi      intensity
   665          14.31          27.00         194.50      3.5371656
   27.71% of job   1 of   1 completed.

number           kout          theta            phi      intensity
   666          14.31          27.00         197.50      3.3359315
   27.75% of job   1 of   1 completed.

number           kout          theta            phi      intensity
   667          14.31          27.00         200.50      3.2995014
   27.79% of job   1 of   1 completed.

number           kout          theta            phi      intensity
   668          14.31          27.00         203.50      3.5035610
   27.83% of job   1 of   1 completed.

number           kout          theta            phi      intensity
   669          14.31          27.00         206.50      3.8206217
   27.88% of job   1 of   1 completed.

number           kout          theta            phi      intensity
   670          14.31          27.00         209.50      4.2100873
   27.92% of job   1 of   1 completed.

number           kout          theta            phi      intensity
   671          14.31          27.00         212.50      4.7297235
   27.96% of job   1 of   1 completed.

number           kout          theta            phi      intensity
   672          14.31          27.00         215.50      5.1393480
   28.00% of job   1 of   1 completed.

number           kout          theta            phi      intensity
   673          14.31          27.00         218.50      5.5382667
   28.04% of job   1 of   1 completed.

number           kout          theta            phi      intensity
   674          14.31          27.00         221.50      5.8001266
   28.08% of job   1 of   1 completed.

number           kout          theta            phi      intensity
   675          14.31          27.00         224.50      6.0225682
   28.12% of job   1 of   1 completed.

number           kout          theta            phi      intensity
   676          14.31          27.00         227.50      5.9939380
   28.17% of job   1 of   1 completed.

number           kout          theta            phi      intensity
   677          14.31          27.00         230.50      5.7850327
   28.21% of job   1 of   1 completed.

number           kout          theta            phi      intensity
   678          14.31          27.00         233.50      5.4623570
   28.25% of job   1 of   1 completed.

number           kout          theta            phi      intensity
   679          14.31          27.00         236.50      5.1137242
   28.29% of job   1 of   1 completed.

number           kout          theta            phi      intensity
   680          14.31          27.00         239.50      4.7017722
   28.33% of job   1 of   1 completed.

number           kout          theta            phi      intensity
   681          14.31          27.00         242.50      4.2257190
   28.38% of job   1 of   1 completed.

number           kout          theta            phi      intensity
   682          14.31          27.00         245.50      3.8441801
   28.42% of job   1 of   1 completed.

number           kout          theta            phi      intensity
   683          14.31          27.00         248.50      3.5129814
   28.46% of job   1 of   1 completed.

number           kout          theta            phi      intensity
   684          14.31          27.00         251.50      3.4274061
   28.50% of job   1 of   1 completed.

number           kout          theta            phi      intensity
   685          14.31          27.00         254.50      3.6121280
   28.54% of job   1 of   1 completed.

number           kout          theta            phi      intensity
   686          14.31          27.00         257.50      3.8979988
   28.58% of job   1 of   1 completed.

number           kout          theta            phi      intensity
   687          14.31          27.00         260.50      4.2589226
   28.62% of job   1 of   1 completed.

number           kout          theta            phi      intensity
   688          14.31          27.00         263.50      4.4206481
   28.67% of job   1 of   1 completed.

number           kout          theta            phi      intensity
   689          14.31          27.00         266.50      4.5591254
   28.71% of job   1 of   1 completed.

number           kout          theta            phi      intensity
   690          14.31          27.00         269.50      4.5367250
   28.75% of job   1 of   1 completed.

number           kout          theta            phi      intensity
   691          14.31          27.00         272.50      4.3899126
   28.79% of job   1 of   1 completed.

number           kout          theta            phi      intensity
   692          14.31          27.00         275.50      4.2483273
   28.83% of job   1 of   1 completed.

number           kout          theta            phi      intensity
   693          14.31          27.00         278.50      4.1168585
   28.88% of job   1 of   1 completed.

number           kout          theta            phi      intensity
   694          14.31          27.00         281.50      3.8478832
   28.92% of job   1 of   1 completed.

number           kout          theta            phi      intensity
   695          14.31          27.00         284.50      3.6485720
   28.96% of job   1 of   1 completed.

number           kout          theta            phi      intensity
   696          14.31          27.00         287.50      3.5185111
   29.00% of job   1 of   1 completed.

number           kout          theta            phi      intensity
   697          14.31          27.00         290.50      3.4954424
   29.04% of job   1 of   1 completed.

number           kout          theta            phi      intensity
   698          14.31          27.00         293.50      3.7351856
   29.08% of job   1 of   1 completed.

number           kout          theta            phi      intensity
   699          14.31          27.00         296.50      3.9809351
   29.12% of job   1 of   1 completed.

number           kout          theta            phi      intensity
   700          14.31          27.00         299.50      4.2813358
   29.17% of job   1 of   1 completed.

number           kout          theta            phi      intensity
   701          14.31          27.00         302.50      4.5612354
   29.21% of job   1 of   1 completed.

number           kout          theta            phi      intensity
   702          14.31          27.00         305.50      4.8409867
   29.25% of job   1 of   1 completed.

number           kout          theta            phi      intensity
   703          14.31          27.00         308.50      5.2614450
   29.29% of job   1 of   1 completed.

number           kout          theta            phi      intensity
   704          14.31          27.00         311.50      5.4568839
   29.33% of job   1 of   1 completed.

number           kout          theta            phi      intensity
   705          14.31          27.00         314.50      5.6219769
   29.38% of job   1 of   1 completed.

number           kout          theta            phi      intensity
   706          14.31          27.00         317.50      5.4003444
   29.42% of job   1 of   1 completed.

number           kout          theta            phi      intensity
   707          14.31          27.00         320.50      5.0863643
   29.46% of job   1 of   1 completed.

number           kout          theta            phi      intensity
   708          14.31          27.00         323.50      4.8421226
   29.50% of job   1 of   1 completed.

number           kout          theta            phi      intensity
   709          14.31          27.00         326.50      4.7068486
   29.54% of job   1 of   1 completed.

number           kout          theta            phi      intensity
   710          14.31          27.00         329.50      4.5780053
   29.58% of job   1 of   1 completed.

number           kout          theta            phi      intensity
   711          14.31          27.00         332.50      4.4031901
   29.62% of job   1 of   1 completed.

number           kout          theta            phi      intensity
   712          14.31          27.00         335.50      4.2238069
   29.67% of job   1 of   1 completed.

number           kout          theta            phi      intensity
   713          14.31          27.00         338.50      4.0134869
   29.71% of job   1 of   1 completed.

number           kout          theta            phi      intensity
   714          14.31          27.00         341.50      3.9435256
   29.75% of job   1 of   1 completed.

number           kout          theta            phi      intensity
   715          14.31          27.00         344.50      4.0215578
   29.79% of job   1 of   1 completed.

number           kout          theta            phi      intensity
   716          14.31          27.00         347.50      4.1770897
   29.83% of job   1 of   1 completed.

number           kout          theta            phi      intensity
   717          14.31          27.00         350.50      4.3232732
   29.88% of job   1 of   1 completed.

number           kout          theta            phi      intensity
   718          14.31          27.00         353.50      4.3585272
   29.92% of job   1 of   1 completed.

number           kout          theta            phi      intensity
   719          14.31          27.00         356.50      4.3052649
   29.96% of job   1 of   1 completed.

number           kout          theta            phi      intensity
   720          14.31          27.00         359.50      4.3390412
   30.00% of job   1 of   1 completed.

number           kout          theta            phi      intensity
   721          14.31          30.00           2.50      3.8058093
   30.04% of job   1 of   1 completed.

number           kout          theta            phi      intensity
   722          14.31          30.00           5.50      3.8296878
   30.08% of job   1 of   1 completed.

number           kout          theta            phi      intensity
   723          14.31          30.00           8.50      3.7677934
   30.12% of job   1 of   1 completed.

number           kout          theta            phi      intensity
   724          14.31          30.00          11.50      3.7629042
   30.17% of job   1 of   1 completed.

number           kout          theta            phi      intensity
   725          14.31          30.00          14.50      3.6831739
   30.21% of job   1 of   1 completed.

number           kout          theta            phi      intensity
   726          14.31          30.00          17.50      3.6587927
   30.25% of job   1 of   1 completed.

number           kout          theta            phi      intensity
   727          14.31          30.00          20.50      3.6895645
   30.29% of job   1 of   1 completed.

number           kout          theta            phi      intensity
   728          14.31          30.00          23.50      3.7823379
   30.33% of job   1 of   1 completed.

number           kout          theta            phi      intensity
   729          14.31          30.00          26.50      3.9488704
   30.38% of job   1 of   1 completed.

number           kout          theta            phi      intensity
   730          14.31          30.00          29.50      4.0977411
   30.42% of job   1 of   1 completed.

number           kout          theta            phi      intensity
   731          14.31          30.00          32.50      4.2664003
   30.46% of job   1 of   1 completed.

number           kout          theta            phi      intensity
   732          14.31          30.00          35.50      4.2937803
   30.50% of job   1 of   1 completed.

number           kout          theta            phi      intensity
   733          14.31          30.00          38.50      4.1589456
   30.54% of job   1 of   1 completed.

number           kout          theta            phi      intensity
   734          14.31          30.00          41.50      4.2128458
   30.58% of job   1 of   1 completed.

number           kout          theta            phi      intensity
   735          14.31          30.00          44.50      4.1786351
   30.62% of job   1 of   1 completed.

number           kout          theta            phi      intensity
   736          14.31          30.00          47.50      4.1753225
   30.67% of job   1 of   1 completed.

number           kout          theta            phi      intensity
   737          14.31          30.00          50.50      4.1062284
   30.71% of job   1 of   1 completed.

number           kout          theta            phi      intensity
   738          14.31          30.00          53.50      3.9570482
   30.75% of job   1 of   1 completed.

number           kout          theta            phi      intensity
   739          14.31          30.00          56.50      3.7307608
   30.79% of job   1 of   1 completed.

number           kout          theta            phi      intensity
   740          14.31          30.00          59.50      3.4972703
   30.83% of job   1 of   1 completed.

number           kout          theta            phi      intensity
   741          14.31          30.00          62.50      3.3835704
   30.88% of job   1 of   1 completed.

number           kout          theta            phi      intensity
   742          14.31          30.00          65.50      3.1881819
   30.92% of job   1 of   1 completed.

number           kout          theta            phi      intensity
   743          14.31          30.00          68.50      3.0049314
   30.96% of job   1 of   1 completed.

number           kout          theta            phi      intensity
   744          14.31          30.00          71.50      2.8931110
   31.00% of job   1 of   1 completed.

number           kout          theta            phi      intensity
   745          14.31          30.00          74.50      2.9457572
   31.04% of job   1 of   1 completed.

number           kout          theta            phi      intensity
   746          14.31          30.00          77.50      3.1172125
   31.08% of job   1 of   1 completed.

number           kout          theta            phi      intensity
   747          14.31          30.00          80.50      3.2834818
   31.12% of job   1 of   1 completed.

number           kout          theta            phi      intensity
   748          14.31          30.00          83.50      3.5166523
   31.17% of job   1 of   1 completed.

number           kout          theta            phi      intensity
   749          14.31          30.00          86.50      3.6252279
   31.21% of job   1 of   1 completed.

number           kout          theta            phi      intensity
   750          14.31          30.00          89.50      3.7921450
   31.25% of job   1 of   1 completed.

number           kout          theta            phi      intensity
   751          14.31          30.00          92.50      3.7809045
   31.29% of job   1 of   1 completed.

number           kout          theta            phi      intensity
   752          14.31          30.00          95.50      3.5900800
   31.33% of job   1 of   1 completed.

number           kout          theta            phi      intensity
   753          14.31          30.00          98.50      3.5533638
   31.38% of job   1 of   1 completed.

number           kout          theta            phi      intensity
   754          14.31          30.00         101.50      3.2622302
   31.42% of job   1 of   1 completed.

number           kout          theta            phi      intensity
   755          14.31          30.00         104.50      2.9752617
   31.46% of job   1 of   1 completed.

number           kout          theta            phi      intensity
   756          14.31          30.00         107.50      2.8132079
   31.50% of job   1 of   1 completed.

number           kout          theta            phi      intensity
   757          14.31          30.00         110.50      2.7665510
   31.54% of job   1 of   1 completed.

number           kout          theta            phi      intensity
   758          14.31          30.00         113.50      3.0556047
   31.58% of job   1 of   1 completed.

number           kout          theta            phi      intensity
   759          14.31          30.00         116.50      3.2496088
   31.62% of job   1 of   1 completed.

number           kout          theta            phi      intensity
   760          14.31          30.00         119.50      3.6077311
   31.67% of job   1 of   1 completed.

number           kout          theta            phi      intensity
   761          14.31          30.00         122.50      4.0028729
   31.71% of job   1 of   1 completed.

number           kout          theta            phi      intensity
   762          14.31          30.00         125.50      4.2282338
   31.75% of job   1 of   1 completed.

number           kout          theta            phi      intensity
   763          14.31          30.00         128.50      4.3276339
   31.79% of job   1 of   1 completed.

number           kout          theta            phi      intensity
   764          14.31          30.00         131.50      4.3195148
   31.83% of job   1 of   1 completed.

number           kout          theta            phi      intensity
   765          14.31          30.00         134.50      4.3733358
   31.88% of job   1 of   1 completed.

number           kout          theta            phi      intensity
   766          14.31          30.00         137.50      4.4153409
   31.92% of job   1 of   1 completed.

number           kout          theta            phi      intensity
   767          14.31          30.00         140.50      4.3749828
   31.96% of job   1 of   1 completed.

number           kout          theta            phi      intensity
   768          14.31          30.00         143.50      4.3450456
   32.00% of job   1 of   1 completed.

number           kout          theta            phi      intensity
   769          14.31          30.00         146.50      4.1492620
   32.04% of job   1 of   1 completed.

number           kout          theta            phi      intensity
   770          14.31          30.00         149.50      3.8282254
   32.08% of job   1 of   1 completed.

number           kout          theta            phi      intensity
   771          14.31          30.00         152.50      3.5907049
   32.12% of job   1 of   1 completed.

number           kout          theta            phi      intensity
   772          14.31          30.00         155.50      3.4420230
   32.17% of job   1 of   1 completed.

number           kout          theta            phi      intensity
   773          14.31          30.00         158.50      3.3497455
   32.21% of job   1 of   1 completed.

number           kout          theta            phi      intensity
   774          14.31          30.00         161.50      3.2969997
   32.25% of job   1 of   1 completed.

number           kout          theta            phi      intensity
   775          14.31          30.00         164.50      3.3455455
   32.29% of job   1 of   1 completed.

number           kout          theta            phi      intensity
   776          14.31          30.00         167.50      3.4637840
   32.33% of job   1 of   1 completed.

number           kout          theta            phi      intensity
   777          14.31          30.00         170.50      3.5979331
   32.38% of job   1 of   1 completed.

number           kout          theta            phi      intensity
   778          14.31          30.00         173.50      3.6822703
   32.42% of job   1 of   1 completed.

number           kout          theta            phi      intensity
   779          14.31          30.00         176.50      3.9547942
   32.46% of job   1 of   1 completed.

number           kout          theta            phi      intensity
   780          14.31          30.00         179.50      4.0906191
   32.50% of job   1 of   1 completed.

number           kout          theta            phi      intensity
   781          14.31          30.00         182.50      4.0783601
   32.54% of job   1 of   1 completed.

number           kout          theta            phi      intensity
   782          14.31          30.00         185.50      3.8747733
   32.58% of job   1 of   1 completed.

number           kout          theta            phi      intensity
   783          14.31          30.00         188.50      3.7051547
   32.62% of job   1 of   1 completed.

number           kout          theta            phi      intensity
   784          14.31          30.00         191.50      3.5093901
   32.67% of job   1 of   1 completed.

number           kout          theta            phi      intensity
   785          14.31          30.00         194.50      3.4274702
   32.71% of job   1 of   1 completed.

number           kout          theta            phi      intensity
   786          14.31          30.00         197.50      3.3678815
   32.75% of job   1 of   1 completed.

number           kout          theta            phi      intensity
   787          14.31          30.00         200.50      3.3190849
   32.79% of job   1 of   1 completed.

number           kout          theta            phi      intensity
   788          14.31          30.00         203.50      3.3736713
   32.83% of job   1 of   1 completed.

number           kout          theta            phi      intensity
   789          14.31          30.00         206.50      3.5087574
   32.88% of job   1 of   1 completed.

number           kout          theta            phi      intensity
   790          14.31          30.00         209.50      3.7331181
   32.92% of job   1 of   1 completed.

number           kout          theta            phi      intensity
   791          14.31          30.00         212.50      4.0698748
   32.96% of job   1 of   1 completed.

number           kout          theta            phi      intensity
   792          14.31          30.00         215.50      4.2561526
   33.00% of job   1 of   1 completed.

number           kout          theta            phi      intensity
   793          14.31          30.00         218.50      4.4821305
   33.04% of job   1 of   1 completed.

number           kout          theta            phi      intensity
   794          14.31          30.00         221.50      4.4949307
   33.08% of job   1 of   1 completed.

number           kout          theta            phi      intensity
   795          14.31          30.00         224.50      4.4628663
   33.12% of job   1 of   1 completed.

number           kout          theta            phi      intensity
   796          14.31          30.00         227.50      4.5350127
   33.17% of job   1 of   1 completed.

number           kout          theta            phi      intensity
   797          14.31          30.00         230.50      4.5251751
   33.21% of job   1 of   1 completed.

number           kout          theta            phi      intensity
   798          14.31          30.00         233.50      4.5001693
   33.25% of job   1 of   1 completed.

number           kout          theta            phi      intensity
   799          14.31          30.00         236.50      4.3421502
   33.29% of job   1 of   1 completed.

number           kout          theta            phi      intensity
   800          14.31          30.00         239.50      3.9319315
   33.33% of job   1 of   1 completed.

number           kout          theta            phi      intensity
   801          14.31          30.00         242.50      3.4631879
   33.38% of job   1 of   1 completed.

number           kout          theta            phi      intensity
   802          14.31          30.00         245.50      3.1011431
   33.42% of job   1 of   1 completed.

number           kout          theta            phi      intensity
   803          14.31          30.00         248.50      2.8861248
   33.46% of job   1 of   1 completed.

number           kout          theta            phi      intensity
   804          14.31          30.00         251.50      2.8073866
   33.50% of job   1 of   1 completed.

number           kout          theta            phi      intensity
   805          14.31          30.00         254.50      2.9489658
   33.54% of job   1 of   1 completed.

number           kout          theta            phi      intensity
   806          14.31          30.00         257.50      3.1629827
   33.58% of job   1 of   1 completed.

number           kout          theta            phi      intensity
   807          14.31          30.00         260.50      3.5077772
   33.62% of job   1 of   1 completed.

number           kout          theta            phi      intensity
   808          14.31          30.00         263.50      3.6208446
   33.67% of job   1 of   1 completed.

number           kout          theta            phi      intensity
   809          14.31          30.00         266.50      3.8109200
   33.71% of job   1 of   1 completed.

number           kout          theta            phi      intensity
   810          14.31          30.00         269.50      3.9047902
   33.75% of job   1 of   1 completed.

number           kout          theta            phi      intensity
   811          14.31          30.00         272.50      3.7976577
   33.79% of job   1 of   1 completed.

number           kout          theta            phi      intensity
   812          14.31          30.00         275.50      3.5632763
   33.83% of job   1 of   1 completed.

number           kout          theta            phi      intensity
   813          14.31          30.00         278.50      3.3918469
   33.88% of job   1 of   1 completed.

number           kout          theta            phi      intensity
   814          14.31          30.00         281.50      3.1650374
   33.92% of job   1 of   1 completed.

number           kout          theta            phi      intensity
   815          14.31          30.00         284.50      3.0211213
   33.96% of job   1 of   1 completed.

number           kout          theta            phi      intensity
   816          14.31          30.00         287.50      2.9308517
   34.00% of job   1 of   1 completed.

number           kout          theta            phi      intensity
   817          14.31          30.00         290.50      2.9489267
   34.04% of job   1 of   1 completed.

number           kout          theta            phi      intensity
   818          14.31          30.00         293.50      3.1927645
   34.08% of job   1 of   1 completed.

number           kout          theta            phi      intensity
   819          14.31          30.00         296.50      3.3768361
   34.12% of job   1 of   1 completed.

number           kout          theta            phi      intensity
   820          14.31          30.00         299.50      3.6069725
   34.17% of job   1 of   1 completed.

number           kout          theta            phi      intensity
   821          14.31          30.00         302.50      3.8310471
   34.21% of job   1 of   1 completed.

number           kout          theta            phi      intensity
   822          14.31          30.00         305.50      4.1021676
   34.25% of job   1 of   1 completed.

number           kout          theta            phi      intensity
   823          14.31          30.00         308.50      4.1805878
   34.29% of job   1 of   1 completed.

number           kout          theta            phi      intensity
   824          14.31          30.00         311.50      4.2873111
   34.33% of job   1 of   1 completed.

number           kout          theta            phi      intensity
   825          14.31          30.00         314.50      4.3166065
   34.38% of job   1 of   1 completed.

number           kout          theta            phi      intensity
   826          14.31          30.00         317.50      4.2391715
   34.42% of job   1 of   1 completed.

number           kout          theta            phi      intensity
   827          14.31          30.00         320.50      4.3221879
   34.46% of job   1 of   1 completed.

number           kout          theta            phi      intensity
   828          14.31          30.00         323.50      4.3151865
   34.50% of job   1 of   1 completed.

number           kout          theta            phi      intensity
   829          14.31          30.00         326.50      4.3852096
   34.54% of job   1 of   1 completed.

number           kout          theta            phi      intensity
   830          14.31          30.00         329.50      4.2101722
   34.58% of job   1 of   1 completed.

number           kout          theta            phi      intensity
   831          14.31          30.00         332.50      3.9876888
   34.62% of job   1 of   1 completed.

number           kout          theta            phi      intensity
   832          14.31          30.00         335.50      3.8799219
   34.67% of job   1 of   1 completed.

number           kout          theta            phi      intensity
   833          14.31          30.00         338.50      3.7078421
   34.71% of job   1 of   1 completed.

number           kout          theta            phi      intensity
   834          14.31          30.00         341.50      3.7535532
   34.75% of job   1 of   1 completed.

number           kout          theta            phi      intensity
   835          14.31          30.00         344.50      3.7482073
   34.79% of job   1 of   1 completed.

number           kout          theta            phi      intensity
   836          14.31          30.00         347.50      3.7548330
   34.83% of job   1 of   1 completed.

number           kout          theta            phi      intensity
   837          14.31          30.00         350.50      3.7790363
   34.88% of job   1 of   1 completed.

number           kout          theta            phi      intensity
   838          14.31          30.00         353.50      3.8430614
   34.92% of job   1 of   1 completed.

number           kout          theta            phi      intensity
   839          14.31          30.00         356.50      3.7668154
   34.96% of job   1 of   1 completed.

number           kout          theta            phi      intensity
   840          14.31          30.00         359.50      3.8036964
   35.00% of job   1 of   1 completed.

number           kout          theta            phi      intensity
   841          14.31          33.00           2.50      2.8915002
   35.04% of job   1 of   1 completed.

number           kout          theta            phi      intensity
   842          14.31          33.00           5.50      2.9330492
   35.08% of job   1 of   1 completed.

number           kout          theta            phi      intensity
   843          14.31          33.00           8.50      3.0325382
   35.12% of job   1 of   1 completed.

number           kout          theta            phi      intensity
   844          14.31          33.00          11.50      3.1577227
   35.17% of job   1 of   1 completed.

number           kout          theta            phi      intensity
   845          14.31          33.00          14.50      3.2844093
   35.21% of job   1 of   1 completed.

number           kout          theta            phi      intensity
   846          14.31          33.00          17.50      3.3246803
   35.25% of job   1 of   1 completed.

number           kout          theta            phi      intensity
   847          14.31          33.00          20.50      3.1567478
   35.29% of job   1 of   1 completed.

number           kout          theta            phi      intensity
   848          14.31          33.00          23.50      3.0016725
   35.33% of job   1 of   1 completed.

number           kout          theta            phi      intensity
   849          14.31          33.00          26.50      2.9476583
   35.38% of job   1 of   1 completed.

number           kout          theta            phi      intensity
   850          14.31          33.00          29.50      3.0357502
   35.42% of job   1 of   1 completed.

number           kout          theta            phi      intensity
   851          14.31          33.00          32.50      3.3242815
   35.46% of job   1 of   1 completed.

number           kout          theta            phi      intensity
   852          14.31          33.00          35.50      3.5439832
   35.50% of job   1 of   1 completed.

number           kout          theta            phi      intensity
   853          14.31          33.00          38.50      3.7724583
   35.54% of job   1 of   1 completed.

number           kout          theta            phi      intensity
   854          14.31          33.00          41.50      3.9634149
   35.58% of job   1 of   1 completed.

number           kout          theta            phi      intensity
   855          14.31          33.00          44.50      3.9937699
   35.62% of job   1 of   1 completed.

number           kout          theta            phi      intensity
   856          14.31          33.00          47.50      3.8466864
   35.67% of job   1 of   1 completed.

number           kout          theta            phi      intensity
   857          14.31          33.00          50.50      3.5956275
   35.71% of job   1 of   1 completed.

number           kout          theta            phi      intensity
   858          14.31          33.00          53.50      3.3750846
   35.75% of job   1 of   1 completed.

number           kout          theta            phi      intensity
   859          14.31          33.00          56.50      3.1385021
   35.79% of job   1 of   1 completed.

number           kout          theta            phi      intensity
   860          14.31          33.00          59.50      3.0551260
   35.83% of job   1 of   1 completed.

number           kout          theta            phi      intensity
   861          14.31          33.00          62.50      3.0012195
   35.88% of job   1 of   1 completed.

number           kout          theta            phi      intensity
   862          14.31          33.00          65.50      2.9384527
   35.92% of job   1 of   1 completed.

number           kout          theta            phi      intensity
   863          14.31          33.00          68.50      2.9541206
   35.96% of job   1 of   1 completed.

number           kout          theta            phi      intensity
   864          14.31          33.00          71.50      2.8396056
   36.00% of job   1 of   1 completed.

number           kout          theta            phi      intensity
   865          14.31          33.00          74.50      2.8081989
   36.04% of job   1 of   1 completed.

number           kout          theta            phi      intensity
   866          14.31          33.00          77.50      2.8096418
   36.08% of job   1 of   1 completed.

number           kout          theta            phi      intensity
   867          14.31          33.00          80.50      2.9456367
   36.12% of job   1 of   1 completed.

number           kout          theta            phi      intensity
   868          14.31          33.00          83.50      3.0644276
   36.17% of job   1 of   1 completed.

number           kout          theta            phi      intensity
   869          14.31          33.00          86.50      3.1922843
   36.21% of job   1 of   1 completed.

number           kout          theta            phi      intensity
   870          14.31          33.00          89.50      3.2378466
   36.25% of job   1 of   1 completed.

number           kout          theta            phi      intensity
   871          14.31          33.00          92.50      3.1289177
   36.29% of job   1 of   1 completed.

number           kout          theta            phi      intensity
   872          14.31          33.00          95.50      2.9791496
   36.33% of job   1 of   1 completed.

number           kout          theta            phi      intensity
   873          14.31          33.00          98.50      2.8536727
   36.38% of job   1 of   1 completed.

number           kout          theta            phi      intensity
   874          14.31          33.00         101.50      2.7234399
   36.42% of job   1 of   1 completed.

number           kout          theta            phi      intensity
   875          14.31          33.00         104.50      2.7264378
   36.46% of job   1 of   1 completed.

number           kout          theta            phi      intensity
   876          14.31          33.00         107.50      2.7376583
   36.50% of job   1 of   1 completed.

number           kout          theta            phi      intensity
   877          14.31          33.00         110.50      2.6661704
   36.54% of job   1 of   1 completed.

number           kout          theta            phi      intensity
   878          14.31          33.00         113.50      2.6417851
   36.58% of job   1 of   1 completed.

number           kout          theta            phi      intensity
   879          14.31          33.00         116.50      2.7453601
   36.62% of job   1 of   1 completed.

number           kout          theta            phi      intensity
   880          14.31          33.00         119.50      2.9487107
   36.67% of job   1 of   1 completed.

number           kout          theta            phi      intensity
   881          14.31          33.00         122.50      3.1010196
   36.71% of job   1 of   1 completed.

number           kout          theta            phi      intensity
   882          14.31          33.00         125.50      3.3104928
   36.75% of job   1 of   1 completed.

number           kout          theta            phi      intensity
   883          14.31          33.00         128.50      3.4452465
   36.79% of job   1 of   1 completed.

number           kout          theta            phi      intensity
   884          14.31          33.00         131.50      3.5359199
   36.83% of job   1 of   1 completed.

number           kout          theta            phi      intensity
   885          14.31          33.00         134.50      3.7535706
   36.88% of job   1 of   1 completed.

number           kout          theta            phi      intensity
   886          14.31          33.00         137.50      3.7714341
   36.92% of job   1 of   1 completed.

number           kout          theta            phi      intensity
   887          14.31          33.00         140.50      3.6780255
   36.96% of job   1 of   1 completed.

number           kout          theta            phi      intensity
   888          14.31          33.00         143.50      3.5379589
   37.00% of job   1 of   1 completed.

number           kout          theta            phi      intensity
   889          14.31          33.00         146.50      3.3510103
   37.04% of job   1 of   1 completed.

number           kout          theta            phi      intensity
   890          14.31          33.00         149.50      3.2345154
   37.08% of job   1 of   1 completed.

number           kout          theta            phi      intensity
   891          14.31          33.00         152.50      3.1160610
   37.12% of job   1 of   1 completed.

number           kout          theta            phi      intensity
   892          14.31          33.00         155.50      3.2012722
   37.17% of job   1 of   1 completed.

number           kout          theta            phi      intensity
   893          14.31          33.00         158.50      3.2955990
   37.21% of job   1 of   1 completed.

number           kout          theta            phi      intensity
   894          14.31          33.00         161.50      3.4031403
   37.25% of job   1 of   1 completed.

number           kout          theta            phi      intensity
   895          14.31          33.00         164.50      3.3943291
   37.29% of job   1 of   1 completed.

number           kout          theta            phi      intensity
   896          14.31          33.00         167.50      3.2277241
   37.33% of job   1 of   1 completed.

number           kout          theta            phi      intensity
   897          14.31          33.00         170.50      3.0882492
   37.38% of job   1 of   1 completed.

number           kout          theta            phi      intensity
   898          14.31          33.00         173.50      3.0818264
   37.42% of job   1 of   1 completed.

number           kout          theta            phi      intensity
   899          14.31          33.00         176.50      3.1751070
   37.46% of job   1 of   1 completed.

number           kout          theta            phi      intensity
   900          14.31          33.00         179.50      3.3082361
   37.50% of job   1 of   1 completed.

number           kout          theta            phi      intensity
   901          14.31          33.00         182.50      3.2641189
   37.54% of job   1 of   1 completed.

number           kout          theta            phi      intensity
   902          14.31          33.00         185.50      3.1207116
   37.58% of job   1 of   1 completed.

number           kout          theta            phi      intensity
   903          14.31          33.00         188.50      3.1337662
   37.62% of job   1 of   1 completed.

number           kout          theta            phi      intensity
   904          14.31          33.00         191.50      3.1892366
   37.67% of job   1 of   1 completed.

number           kout          theta            phi      intensity
   905          14.31          33.00         194.50      3.3261852
   37.71% of job   1 of   1 completed.

number           kout          theta            phi      intensity
   906          14.31          33.00         197.50      3.4216080
   37.75% of job   1 of   1 completed.

number           kout          theta            phi      intensity
   907          14.31          33.00         200.50      3.3615227
   37.79% of job   1 of   1 completed.

number           kout          theta            phi      intensity
   908          14.31          33.00         203.50      3.2723188
   37.83% of job   1 of   1 completed.

number           kout          theta            phi      intensity
   909          14.31          33.00         206.50      3.1987507
   37.88% of job   1 of   1 completed.

number           kout          theta            phi      intensity
   910          14.31          33.00         209.50      3.1231787
   37.92% of job   1 of   1 completed.

number           kout          theta            phi      intensity
   911          14.31          33.00         212.50      3.2438509
   37.96% of job   1 of   1 completed.

number           kout          theta            phi      intensity
   912          14.31          33.00         215.50      3.5151904
   38.00% of job   1 of   1 completed.

number           kout          theta            phi      intensity
   913          14.31          33.00         218.50      3.6287186
   38.04% of job   1 of   1 completed.

number           kout          theta            phi      intensity
   914          14.31          33.00         221.50      3.6724036
   38.08% of job   1 of   1 completed.

number           kout          theta            phi      intensity
   915          14.31          33.00         224.50      3.7370853
   38.12% of job   1 of   1 completed.

number           kout          theta            phi      intensity
   916          14.31          33.00         227.50      3.6767664
   38.17% of job   1 of   1 completed.

number           kout          theta            phi      intensity
   917          14.31          33.00         230.50      3.5600379
   38.21% of job   1 of   1 completed.

number           kout          theta            phi      intensity
   918          14.31          33.00         233.50      3.4285316
   38.25% of job   1 of   1 completed.

number           kout          theta            phi      intensity
   919          14.31          33.00         236.50      3.2665303
   38.29% of job   1 of   1 completed.

number           kout          theta            phi      intensity
   920          14.31          33.00         239.50      3.0654795
   38.33% of job   1 of   1 completed.

number           kout          theta            phi      intensity
   921          14.31          33.00         242.50      2.7679770
   38.38% of job   1 of   1 completed.

number           kout          theta            phi      intensity
   922          14.31          33.00         245.50      2.6083527
   38.42% of job   1 of   1 completed.

number           kout          theta            phi      intensity
   923          14.31          33.00         248.50      2.6568422
   38.46% of job   1 of   1 completed.

number           kout          theta            phi      intensity
   924          14.31          33.00         251.50      2.6946776
   38.50% of job   1 of   1 completed.

number           kout          theta            phi      intensity
   925          14.31          33.00         254.50      2.7819395
   38.54% of job   1 of   1 completed.

number           kout          theta            phi      intensity
   926          14.31          33.00         257.50      2.7187240
   38.58% of job   1 of   1 completed.

number           kout          theta            phi      intensity
   927          14.31          33.00         260.50      2.8693845
   38.62% of job   1 of   1 completed.

number           kout          theta            phi      intensity
   928          14.31          33.00         263.50      3.0258729
   38.67% of job   1 of   1 completed.

number           kout          theta            phi      intensity
   929          14.31          33.00         266.50      3.1891918
   38.71% of job   1 of   1 completed.

number           kout          theta            phi      intensity
   930          14.31          33.00         269.50      3.3153813
   38.75% of job   1 of   1 completed.

number           kout          theta            phi      intensity
   931          14.31          33.00         272.50      3.3357267
   38.79% of job   1 of   1 completed.

number           kout          theta            phi      intensity
   932          14.31          33.00         275.50      3.1492145
   38.83% of job   1 of   1 completed.

number           kout          theta            phi      intensity
   933          14.31          33.00         278.50      2.9967325
   38.88% of job   1 of   1 completed.

number           kout          theta            phi      intensity
   934          14.31          33.00         281.50      2.8838739
   38.92% of job   1 of   1 completed.

number           kout          theta            phi      intensity
   935          14.31          33.00         284.50      2.8103831
   38.96% of job   1 of   1 completed.

number           kout          theta            phi      intensity
   936          14.31          33.00         287.50      2.7952135
   39.00% of job   1 of   1 completed.

number           kout          theta            phi      intensity
   937          14.31          33.00         290.50      2.9263599
   39.04% of job   1 of   1 completed.

number           kout          theta            phi      intensity
   938          14.31          33.00         293.50      2.9701815
   39.08% of job   1 of   1 completed.

number           kout          theta            phi      intensity
   939          14.31          33.00         296.50      3.0090797
   39.12% of job   1 of   1 completed.

number           kout          theta            phi      intensity
   940          14.31          33.00         299.50      3.0790367
   39.17% of job   1 of   1 completed.

number           kout          theta            phi      intensity
   941          14.31          33.00         302.50      3.2081492
   39.21% of job   1 of   1 completed.

number           kout          theta            phi      intensity
   942          14.31          33.00         305.50      3.4287074
   39.25% of job   1 of   1 completed.

number           kout          theta            phi      intensity
   943          14.31          33.00         308.50      3.7022369
   39.29% of job   1 of   1 completed.

number           kout          theta            phi      intensity
   944          14.31          33.00         311.50      4.0094309
   39.33% of job   1 of   1 completed.

number           kout          theta            phi      intensity
   945          14.31          33.00         314.50      4.1027169
   39.38% of job   1 of   1 completed.

number           kout          theta            phi      intensity
   946          14.31          33.00         317.50      4.0781741
   39.42% of job   1 of   1 completed.

number           kout          theta            phi      intensity
   947          14.31          33.00         320.50      3.9226005
   39.46% of job   1 of   1 completed.

number           kout          theta            phi      intensity
   948          14.31          33.00         323.50      3.7424977
   39.50% of job   1 of   1 completed.

number           kout          theta            phi      intensity
   949          14.31          33.00         326.50      3.5594938
   39.54% of job   1 of   1 completed.

number           kout          theta            phi      intensity
   950          14.31          33.00         329.50      3.2276955
   39.58% of job   1 of   1 completed.

number           kout          theta            phi      intensity
   951          14.31          33.00         332.50      3.0436440
   39.62% of job   1 of   1 completed.

number           kout          theta            phi      intensity
   952          14.31          33.00         335.50      3.0312855
   39.67% of job   1 of   1 completed.

number           kout          theta            phi      intensity
   953          14.31          33.00         338.50      3.1504047
   39.71% of job   1 of   1 completed.

number           kout          theta            phi      intensity
   954          14.31          33.00         341.50      3.3252308
   39.75% of job   1 of   1 completed.

number           kout          theta            phi      intensity
   955          14.31          33.00         344.50      3.3540554
   39.79% of job   1 of   1 completed.

number           kout          theta            phi      intensity
   956          14.31          33.00         347.50      3.1689575
   39.83% of job   1 of   1 completed.

number           kout          theta            phi      intensity
   957          14.31          33.00         350.50      3.0623734
   39.88% of job   1 of   1 completed.

number           kout          theta            phi      intensity
   958          14.31          33.00         353.50      2.9367454
   39.92% of job   1 of   1 completed.

number           kout          theta            phi      intensity
   959          14.31          33.00         356.50      2.8880422
   39.96% of job   1 of   1 completed.

number           kout          theta            phi      intensity
   960          14.31          33.00         359.50      2.9055188
   40.00% of job   1 of   1 completed.

number           kout          theta            phi      intensity
   961          14.31          36.00           2.50      2.9288542
   40.04% of job   1 of   1 completed.

number           kout          theta            phi      intensity
   962          14.31          36.00           5.50      3.1604540
   40.08% of job   1 of   1 completed.

number           kout          theta            phi      intensity
   963          14.31          36.00           8.50      3.3125827
   40.12% of job   1 of   1 completed.

number           kout          theta            phi      intensity
   964          14.31          36.00          11.50      3.2951634
   40.17% of job   1 of   1 completed.

number           kout          theta            phi      intensity
   965          14.31          36.00          14.50      3.1585093
   40.21% of job   1 of   1 completed.

number           kout          theta            phi      intensity
   966          14.31          36.00          17.50      3.0975189
   40.25% of job   1 of   1 completed.

number           kout          theta            phi      intensity
   967          14.31          36.00          20.50      2.9969966
   40.29% of job   1 of   1 completed.

number           kout          theta            phi      intensity
   968          14.31          36.00          23.50      2.7101009
   40.33% of job   1 of   1 completed.

number           kout          theta            phi      intensity
   969          14.31          36.00          26.50      2.3749735
   40.38% of job   1 of   1 completed.

number           kout          theta            phi      intensity
   970          14.31          36.00          29.50      2.1980035
   40.42% of job   1 of   1 completed.

number           kout          theta            phi      intensity
   971          14.31          36.00          32.50      2.3734453
   40.46% of job   1 of   1 completed.

number           kout          theta            phi      intensity
   972          14.31          36.00          35.50      2.7287333
   40.50% of job   1 of   1 completed.

number           kout          theta            phi      intensity
   973          14.31          36.00          38.50      3.2582705
   40.54% of job   1 of   1 completed.

number           kout          theta            phi      intensity
   974          14.31          36.00          41.50      3.7495887
   40.58% of job   1 of   1 completed.

number           kout          theta            phi      intensity
   975          14.31          36.00          44.50      4.1121340
   40.62% of job   1 of   1 completed.

number           kout          theta            phi      intensity
   976          14.31          36.00          47.50      3.7574940
   40.67% of job   1 of   1 completed.

number           kout          theta            phi      intensity
   977          14.31          36.00          50.50      3.1636527
   40.71% of job   1 of   1 completed.

number           kout          theta            phi      intensity
   978          14.31          36.00          53.50      2.7941723
   40.75% of job   1 of   1 completed.

number           kout          theta            phi      intensity
   979          14.31          36.00          56.50      2.7410755
   40.79% of job   1 of   1 completed.

number           kout          theta            phi      intensity
   980          14.31          36.00          59.50      2.6151478
   40.83% of job   1 of   1 completed.

number           kout          theta            phi      intensity
   981          14.31          36.00          62.50      2.6666257
   40.88% of job   1 of   1 completed.

number           kout          theta            phi      intensity
   982          14.31          36.00          65.50      2.8070109
   40.92% of job   1 of   1 completed.

number           kout          theta            phi      intensity
   983          14.31          36.00          68.50      2.9114809
   40.96% of job   1 of   1 completed.

number           kout          theta            phi      intensity
   984          14.31          36.00          71.50      2.8476641
   41.00% of job   1 of   1 completed.

number           kout          theta            phi      intensity
   985          14.31          36.00          74.50      2.7488763
   41.04% of job   1 of   1 completed.

number           kout          theta            phi      intensity
   986          14.31          36.00          77.50      3.0214863
   41.08% of job   1 of   1 completed.

number           kout          theta            phi      intensity
   987          14.31          36.00          80.50      3.5141356
   41.12% of job   1 of   1 completed.

number           kout          theta            phi      intensity
   988          14.31          36.00          83.50      4.0176978
   41.17% of job   1 of   1 completed.

number           kout          theta            phi      intensity
   989          14.31          36.00          86.50      4.0788207
   41.21% of job   1 of   1 completed.

number           kout          theta            phi      intensity
   990          14.31          36.00          89.50      4.0691552
   41.25% of job   1 of   1 completed.

number           kout          theta            phi      intensity
   991          14.31          36.00          92.50      3.9834087
   41.29% of job   1 of   1 completed.

number           kout          theta            phi      intensity
   992          14.31          36.00          95.50      3.8702314
   41.33% of job   1 of   1 completed.

number           kout          theta            phi      intensity
   993          14.31          36.00          98.50      3.6345885
   41.38% of job   1 of   1 completed.

number           kout          theta            phi      intensity
   994          14.31          36.00         101.50      3.3563423
   41.42% of job   1 of   1 completed.

number           kout          theta            phi      intensity
   995          14.31          36.00         104.50      3.0496118
   41.46% of job   1 of   1 completed.

number           kout          theta            phi      intensity
   996          14.31          36.00         107.50      2.9606817
   41.50% of job   1 of   1 completed.

number           kout          theta            phi      intensity
   997          14.31          36.00         110.50      2.7215502
   41.54% of job   1 of   1 completed.

number           kout          theta            phi      intensity
   998          14.31          36.00         113.50      2.7078485
   41.58% of job   1 of   1 completed.

number           kout          theta            phi      intensity
   999          14.31          36.00         116.50      2.6385496
   41.62% of job   1 of   1 completed.

number           kout          theta            phi      intensity
  1000          14.31          36.00         119.50      2.6037049
   41.67% of job   1 of   1 completed.

number           kout          theta            phi      intensity
  1001          14.31          36.00         122.50      2.6622169
   41.71% of job   1 of   1 completed.

number           kout          theta            phi      intensity
  1002          14.31          36.00         125.50      2.7907279
   41.75% of job   1 of   1 completed.

number           kout          theta            phi      intensity
  1003          14.31          36.00         128.50      2.8808954
   41.79% of job   1 of   1 completed.

number           kout          theta            phi      intensity
  1004          14.31          36.00         131.50      3.1354530
   41.83% of job   1 of   1 completed.

number           kout          theta            phi      intensity
  1005          14.31          36.00         134.50      3.2993581
   41.88% of job   1 of   1 completed.

number           kout          theta            phi      intensity
  1006          14.31          36.00         137.50      3.1961644
   41.92% of job   1 of   1 completed.

number           kout          theta            phi      intensity
  1007          14.31          36.00         140.50      3.0008459
   41.96% of job   1 of   1 completed.

number           kout          theta            phi      intensity
  1008          14.31          36.00         143.50      2.9490681
   42.00% of job   1 of   1 completed.

number           kout          theta            phi      intensity
  1009          14.31          36.00         146.50      2.8716004
   42.04% of job   1 of   1 completed.

number           kout          theta            phi      intensity
  1010          14.31          36.00         149.50      2.8197033
   42.08% of job   1 of   1 completed.

number           kout          theta            phi      intensity
  1011          14.31          36.00         152.50      2.8315198
   42.12% of job   1 of   1 completed.

number           kout          theta            phi      intensity
  1012          14.31          36.00         155.50      2.9259121
   42.17% of job   1 of   1 completed.

number           kout          theta            phi      intensity
  1013          14.31          36.00         158.50      2.9849837
   42.21% of job   1 of   1 completed.

number           kout          theta            phi      intensity
  1014          14.31          36.00         161.50      3.0699251
   42.25% of job   1 of   1 completed.

number           kout          theta            phi      intensity
  1015          14.31          36.00         164.50      3.0619743
   42.29% of job   1 of   1 completed.

number           kout          theta            phi      intensity
  1016          14.31          36.00         167.50      3.1087465
   42.33% of job   1 of   1 completed.

number           kout          theta            phi      intensity
  1017          14.31          36.00         170.50      3.1923008
   42.38% of job   1 of   1 completed.

number           kout          theta            phi      intensity
  1018          14.31          36.00         173.50      3.3217952
   42.42% of job   1 of   1 completed.

number           kout          theta            phi      intensity
  1019          14.31          36.00         176.50      3.2985866
   42.46% of job   1 of   1 completed.

number           kout          theta            phi      intensity
  1020          14.31          36.00         179.50      3.3487442
   42.50% of job   1 of   1 completed.

number           kout          theta            phi      intensity
  1021          14.31          36.00         182.50      3.2604752
   42.54% of job   1 of   1 completed.

number           kout          theta            phi      intensity
  1022          14.31          36.00         185.50      3.3037484
   42.58% of job   1 of   1 completed.

number           kout          theta            phi      intensity
  1023          14.31          36.00         188.50      3.2968254
   42.62% of job   1 of   1 completed.

number           kout          theta            phi      intensity
  1024          14.31          36.00         191.50      3.1803398
   42.67% of job   1 of   1 completed.

number           kout          theta            phi      intensity
  1025          14.31          36.00         194.50      3.0987542
   42.71% of job   1 of   1 completed.

number           kout          theta            phi      intensity
  1026          14.31          36.00         197.50      3.1050837
   42.75% of job   1 of   1 completed.

number           kout          theta            phi      intensity
  1027          14.31          36.00         200.50      3.0617177
   42.79% of job   1 of   1 completed.

number           kout          theta            phi      intensity
  1028          14.31          36.00         203.50      2.9678290
   42.83% of job   1 of   1 completed.

number           kout          theta            phi      intensity
  1029          14.31          36.00         206.50      2.8249614
   42.88% of job   1 of   1 completed.

number           kout          theta            phi      intensity
  1030          14.31          36.00         209.50      2.7225294
   42.92% of job   1 of   1 completed.

number           kout          theta            phi      intensity
  1031          14.31          36.00         212.50      2.7955325
   42.96% of job   1 of   1 completed.

number           kout          theta            phi      intensity
  1032          14.31          36.00         215.50      2.7872028
   43.00% of job   1 of   1 completed.

number           kout          theta            phi      intensity
  1033          14.31          36.00         218.50      2.8485947
   43.04% of job   1 of   1 completed.

number           kout          theta            phi      intensity
  1034          14.31          36.00         221.50      3.0464628
   43.08% of job   1 of   1 completed.

number           kout          theta            phi      intensity
  1035          14.31          36.00         224.50      3.2236166
   43.12% of job   1 of   1 completed.

number           kout          theta            phi      intensity
  1036          14.31          36.00         227.50      3.1759794
   43.17% of job   1 of   1 completed.

number           kout          theta            phi      intensity
  1037          14.31          36.00         230.50      2.9433124
   43.21% of job   1 of   1 completed.

number           kout          theta            phi      intensity
  1038          14.31          36.00         233.50      2.7492313
   43.25% of job   1 of   1 completed.

number           kout          theta            phi      intensity
  1039          14.31          36.00         236.50      2.6846769
   43.29% of job   1 of   1 completed.

number           kout          theta            phi      intensity
  1040          14.31          36.00         239.50      2.5859327
   43.33% of job   1 of   1 completed.

number           kout          theta            phi      intensity
  1041          14.31          36.00         242.50      2.5924432
   43.38% of job   1 of   1 completed.

number           kout          theta            phi      intensity
  1042          14.31          36.00         245.50      2.6467376
   43.42% of job   1 of   1 completed.

number           kout          theta            phi      intensity
  1043          14.31          36.00         248.50      2.6441300
   43.46% of job   1 of   1 completed.

number           kout          theta            phi      intensity
  1044          14.31          36.00         251.50      2.8043432
   43.50% of job   1 of   1 completed.

number           kout          theta            phi      intensity
  1045          14.31          36.00         254.50      2.9597933
   43.54% of job   1 of   1 completed.

number           kout          theta            phi      intensity
  1046          14.31          36.00         257.50      3.1478138
   43.58% of job   1 of   1 completed.

number           kout          theta            phi      intensity
  1047          14.31          36.00         260.50      3.4452465
   43.62% of job   1 of   1 completed.

number           kout          theta            phi      intensity
  1048          14.31          36.00         263.50      3.7401388
   43.67% of job   1 of   1 completed.

number           kout          theta            phi      intensity
  1049          14.31          36.00         266.50      3.8223009
   43.71% of job   1 of   1 completed.

number           kout          theta            phi      intensity
  1050          14.31          36.00         269.50      3.8878920
   43.75% of job   1 of   1 completed.

number           kout          theta            phi      intensity
  1051          14.31          36.00         272.50      3.8936701
   43.79% of job   1 of   1 completed.

number           kout          theta            phi      intensity
  1052          14.31          36.00         275.50      3.8626745
   43.83% of job   1 of   1 completed.

number           kout          theta            phi      intensity
  1053          14.31          36.00         278.50      3.5245359
   43.88% of job   1 of   1 completed.

number           kout          theta            phi      intensity
  1054          14.31          36.00         281.50      3.1208508
   43.92% of job   1 of   1 completed.

number           kout          theta            phi      intensity
  1055          14.31          36.00         284.50      2.7914135
   43.96% of job   1 of   1 completed.

number           kout          theta            phi      intensity
  1056          14.31          36.00         287.50      2.7763665
   44.00% of job   1 of   1 completed.

number           kout          theta            phi      intensity
  1057          14.31          36.00         290.50      2.8304875
   44.04% of job   1 of   1 completed.

number           kout          theta            phi      intensity
  1058          14.31          36.00         293.50      2.7681005
   44.08% of job   1 of   1 completed.

number           kout          theta            phi      intensity
  1059          14.31          36.00         296.50      2.8005264
   44.12% of job   1 of   1 completed.

number           kout          theta            phi      intensity
  1060          14.31          36.00         299.50      2.6079438
   44.17% of job   1 of   1 completed.

number           kout          theta            phi      intensity
  1061          14.31          36.00         302.50      2.6550913
   44.21% of job   1 of   1 completed.

number           kout          theta            phi      intensity
  1062          14.31          36.00         305.50      2.8701315
   44.25% of job   1 of   1 completed.

number           kout          theta            phi      intensity
  1063          14.31          36.00         308.50      3.3479910
   44.29% of job   1 of   1 completed.

number           kout          theta            phi      intensity
  1064          14.31          36.00         311.50      3.6708753
   44.33% of job   1 of   1 completed.

number           kout          theta            phi      intensity
  1065          14.31          36.00         314.50      3.9960034
   44.38% of job   1 of   1 completed.

number           kout          theta            phi      intensity
  1066          14.31          36.00         317.50      3.5937853
   44.42% of job   1 of   1 completed.

number           kout          theta            phi      intensity
  1067          14.31          36.00         320.50      3.2196376
   44.46% of job   1 of   1 completed.

number           kout          theta            phi      intensity
  1068          14.31          36.00         323.50      2.7179251
   44.50% of job   1 of   1 completed.

number           kout          theta            phi      intensity
  1069          14.31          36.00         326.50      2.3781013
   44.54% of job   1 of   1 completed.

number           kout          theta            phi      intensity
  1070          14.31          36.00         329.50      2.1460817
   44.58% of job   1 of   1 completed.

number           kout          theta            phi      intensity
  1071          14.31          36.00         332.50      2.2522569
   44.62% of job   1 of   1 completed.

number           kout          theta            phi      intensity
  1072          14.31          36.00         335.50      2.5994666
   44.67% of job   1 of   1 completed.

number           kout          theta            phi      intensity
  1073          14.31          36.00         338.50      2.9341805
   44.71% of job   1 of   1 completed.

number           kout          theta            phi      intensity
  1074          14.31          36.00         341.50      3.0954721
   44.75% of job   1 of   1 completed.

number           kout          theta            phi      intensity
  1075          14.31          36.00         344.50      3.1733382
   44.79% of job   1 of   1 completed.

number           kout          theta            phi      intensity
  1076          14.31          36.00         347.50      3.2518384
   44.83% of job   1 of   1 completed.

number           kout          theta            phi      intensity
  1077          14.31          36.00         350.50      3.2971125
   44.88% of job   1 of   1 completed.

number           kout          theta            phi      intensity
  1078          14.31          36.00         353.50      3.1936672
   44.92% of job   1 of   1 completed.

number           kout          theta            phi      intensity
  1079          14.31          36.00         356.50      2.9727011
   44.96% of job   1 of   1 completed.

number           kout          theta            phi      intensity
  1080          14.31          36.00         359.50      2.9978418
   45.00% of job   1 of   1 completed.

number           kout          theta            phi      intensity
  1081          14.31          39.00           2.50      3.9820335
   45.04% of job   1 of   1 completed.

number           kout          theta            phi      intensity
  1082          14.31          39.00           5.50      4.4198847
   45.08% of job   1 of   1 completed.

number           kout          theta            phi      intensity
  1083          14.31          39.00           8.50      4.4947009
   45.12% of job   1 of   1 completed.

number           kout          theta            phi      intensity
  1084          14.31          39.00          11.50      4.0962958
   45.17% of job   1 of   1 completed.

number           kout          theta            phi      intensity
  1085          14.31          39.00          14.50      3.6088574
   45.21% of job   1 of   1 completed.

number           kout          theta            phi      intensity
  1086          14.31          39.00          17.50      3.5076406
   45.25% of job   1 of   1 completed.

number           kout          theta            phi      intensity
  1087          14.31          39.00          20.50      3.5482588
   45.29% of job   1 of   1 completed.

number           kout          theta            phi      intensity
  1088          14.31          39.00          23.50      3.1497431
   45.33% of job   1 of   1 completed.

number           kout          theta            phi      intensity
  1089          14.31          39.00          26.50      2.4468069
   45.38% of job   1 of   1 completed.

number           kout          theta            phi      intensity
  1090          14.31          39.00          29.50      2.0536692
   45.42% of job   1 of   1 completed.

number           kout          theta            phi      intensity
  1091          14.31          39.00          32.50      2.3006022
   45.46% of job   1 of   1 completed.

number           kout          theta            phi      intensity
  1092          14.31          39.00          35.50      2.8385239
   45.50% of job   1 of   1 completed.

number           kout          theta            phi      intensity
  1093          14.31          39.00          38.50      3.5590475
   45.54% of job   1 of   1 completed.

number           kout          theta            phi      intensity
  1094          14.31          39.00          41.50      4.2934146
   45.58% of job   1 of   1 completed.

number           kout          theta            phi      intensity
  1095          14.31          39.00          44.50      4.8638196
   45.62% of job   1 of   1 completed.

number           kout          theta            phi      intensity
  1096          14.31          39.00          47.50      4.4744325
   45.67% of job   1 of   1 completed.

number           kout          theta            phi      intensity
  1097          14.31          39.00          50.50      3.7506530
   45.71% of job   1 of   1 completed.

number           kout          theta            phi      intensity
  1098          14.31          39.00          53.50      3.0458519
   45.75% of job   1 of   1 completed.

number           kout          theta            phi      intensity
  1099          14.31          39.00          56.50      2.8365486
   45.79% of job   1 of   1 completed.

number           kout          theta            phi      intensity
  1100          14.31          39.00          59.50      2.4909465
   45.83% of job   1 of   1 completed.

number           kout          theta            phi      intensity
  1101          14.31          39.00          62.50      2.5428491
   45.88% of job   1 of   1 completed.

number           kout          theta            phi      intensity
  1102          14.31          39.00          65.50      2.7924995
   45.92% of job   1 of   1 completed.

number           kout          theta            phi      intensity
  1103          14.31          39.00          68.50      3.0293524
   45.96% of job   1 of   1 completed.

number           kout          theta            phi      intensity
  1104          14.31          39.00          71.50      2.9200566
   46.00% of job   1 of   1 completed.

number           kout          theta            phi      intensity
  1105          14.31          39.00          74.50      2.9426088
   46.04% of job   1 of   1 completed.

number           kout          theta            phi      intensity
  1106          14.31          39.00          77.50      3.6774874
   46.08% of job   1 of   1 completed.

number           kout          theta            phi      intensity
  1107          14.31          39.00          80.50      4.7204056
   46.12% of job   1 of   1 completed.

number           kout          theta            phi      intensity
  1108          14.31          39.00          83.50      5.6361065
   46.17% of job   1 of   1 completed.

number           kout          theta            phi      intensity
  1109          14.31          39.00          86.50      5.7542515
   46.21% of job   1 of   1 completed.

number           kout          theta            phi      intensity
  1110          14.31          39.00          89.50      5.7153859
   46.25% of job   1 of   1 completed.

number           kout          theta            phi      intensity
  1111          14.31          39.00          92.50      5.6708655
   46.29% of job   1 of   1 completed.

number           kout          theta            phi      intensity
  1112          14.31          39.00          95.50      5.7061062
   46.33% of job   1 of   1 completed.

number           kout          theta            phi      intensity
  1113          14.31          39.00          98.50      5.2685513
   46.38% of job   1 of   1 completed.

number           kout          theta            phi      intensity
  1114          14.31          39.00         101.50      4.4271350
   46.42% of job   1 of   1 completed.

number           kout          theta            phi      intensity
  1115          14.31          39.00         104.50      3.6502025
   46.46% of job   1 of   1 completed.

number           kout          theta            phi      intensity
  1116          14.31          39.00         107.50      3.4253037
   46.50% of job   1 of   1 completed.

number           kout          theta            phi      intensity
  1117          14.31          39.00         110.50      3.3082845
   46.54% of job   1 of   1 completed.

number           kout          theta            phi      intensity
  1118          14.31          39.00         113.50      3.3200324
   46.58% of job   1 of   1 completed.

number           kout          theta            phi      intensity
  1119          14.31          39.00         116.50      3.0459948
   46.62% of job   1 of   1 completed.

number           kout          theta            phi      intensity
  1120          14.31          39.00         119.50      2.7270832
   46.67% of job   1 of   1 completed.

number           kout          theta            phi      intensity
  1121          14.31          39.00         122.50      2.5919282
   46.71% of job   1 of   1 completed.

number           kout          theta            phi      intensity
  1122          14.31          39.00         125.50      2.5397072
   46.75% of job   1 of   1 completed.

number           kout          theta            phi      intensity
  1123          14.31          39.00         128.50      2.6275399
   46.79% of job   1 of   1 completed.

number           kout          theta            phi      intensity
  1124          14.31          39.00         131.50      2.9073665
   46.83% of job   1 of   1 completed.

number           kout          theta            phi      intensity
  1125          14.31          39.00         134.50      3.0841820
   46.88% of job   1 of   1 completed.

number           kout          theta            phi      intensity
  1126          14.31          39.00         137.50      3.0210495
   46.92% of job   1 of   1 completed.

number           kout          theta            phi      intensity
  1127          14.31          39.00         140.50      2.6919889
   46.96% of job   1 of   1 completed.

number           kout          theta            phi      intensity
  1128          14.31          39.00         143.50      2.5604560
   47.00% of job   1 of   1 completed.

number           kout          theta            phi      intensity
  1129          14.31          39.00         146.50      2.6071932
   47.04% of job   1 of   1 completed.

number           kout          theta            phi      intensity
  1130          14.31          39.00         149.50      2.7086217
   47.08% of job   1 of   1 completed.

number           kout          theta            phi      intensity
  1131          14.31          39.00         152.50      2.7688532
   47.12% of job   1 of   1 completed.

number           kout          theta            phi      intensity
  1132          14.31          39.00         155.50      3.0804985
   47.17% of job   1 of   1 completed.

number           kout          theta            phi      intensity
  1133          14.31          39.00         158.50      3.2864914
   47.21% of job   1 of   1 completed.

number           kout          theta            phi      intensity
  1134          14.31          39.00         161.50      3.1972721
   47.25% of job   1 of   1 completed.

number           kout          theta            phi      intensity
  1135          14.31          39.00         164.50      3.1945384
   47.29% of job   1 of   1 completed.

number           kout          theta            phi      intensity
  1136          14.31          39.00         167.50      3.7307832
   47.33% of job   1 of   1 completed.

number           kout          theta            phi      intensity
  1137          14.31          39.00         170.50      4.2611580
   47.38% of job   1 of   1 completed.

number           kout          theta            phi      intensity
  1138          14.31          39.00         173.50      4.8438797
   47.42% of job   1 of   1 completed.

number           kout          theta            phi      intensity
  1139          14.31          39.00         176.50      4.6860180
   47.46% of job   1 of   1 completed.

number           kout          theta            phi      intensity
  1140          14.31          39.00         179.50      4.5868411
   47.50% of job   1 of   1 completed.

number           kout          theta            phi      intensity
  1141          14.31          39.00         182.50      4.4763103
   47.54% of job   1 of   1 completed.

number           kout          theta            phi      intensity
  1142          14.31          39.00         185.50      4.6749291
   47.58% of job   1 of   1 completed.

number           kout          theta            phi      intensity
  1143          14.31          39.00         188.50      4.7141094
   47.62% of job   1 of   1 completed.

number           kout          theta            phi      intensity
  1144          14.31          39.00         191.50      4.0659494
   47.67% of job   1 of   1 completed.

number           kout          theta            phi      intensity
  1145          14.31          39.00         194.50      3.4293797
   47.71% of job   1 of   1 completed.

number           kout          theta            phi      intensity
  1146          14.31          39.00         197.50      3.2448359
   47.75% of job   1 of   1 completed.

number           kout          theta            phi      intensity
  1147          14.31          39.00         200.50      3.1832135
   47.79% of job   1 of   1 completed.

number           kout          theta            phi      intensity
  1148          14.31          39.00         203.50      3.2078846
   47.83% of job   1 of   1 completed.

number           kout          theta            phi      intensity
  1149          14.31          39.00         206.50      2.9077406
   47.88% of job   1 of   1 completed.

number           kout          theta            phi      intensity
  1150          14.31          39.00         209.50      2.6990216
   47.92% of job   1 of   1 completed.

number           kout          theta            phi      intensity
  1151          14.31          39.00         212.50      2.6662104
   47.96% of job   1 of   1 completed.

number           kout          theta            phi      intensity
  1152          14.31          39.00         215.50      2.6283405
   48.00% of job   1 of   1 completed.

number           kout          theta            phi      intensity
  1153          14.31          39.00         218.50      2.5930793
   48.04% of job   1 of   1 completed.

number           kout          theta            phi      intensity
  1154          14.31          39.00         221.50      2.9035666
   48.08% of job   1 of   1 completed.

number           kout          theta            phi      intensity
  1155          14.31          39.00         224.50      3.2485611
   48.12% of job   1 of   1 completed.

number           kout          theta            phi      intensity
  1156          14.31          39.00         227.50      3.2661009
   48.17% of job   1 of   1 completed.

number           kout          theta            phi      intensity
  1157          14.31          39.00         230.50      2.8328063
   48.21% of job   1 of   1 completed.

number           kout          theta            phi      intensity
  1158          14.31          39.00         233.50      2.5816901
   48.25% of job   1 of   1 completed.

number           kout          theta            phi      intensity
  1159          14.31          39.00         236.50      2.4986389
   48.29% of job   1 of   1 completed.

number           kout          theta            phi      intensity
  1160          14.31          39.00         239.50      2.6202948
   48.33% of job   1 of   1 completed.

number           kout          theta            phi      intensity
  1161          14.31          39.00         242.50      2.8056281
   48.38% of job   1 of   1 completed.

number           kout          theta            phi      intensity
  1162          14.31          39.00         245.50      3.0889091
   48.42% of job   1 of   1 completed.

number           kout          theta            phi      intensity
  1163          14.31          39.00         248.50      3.1983042
   48.46% of job   1 of   1 completed.

number           kout          theta            phi      intensity
  1164          14.31          39.00         251.50      3.2088869
   48.50% of job   1 of   1 completed.

number           kout          theta            phi      intensity
  1165          14.31          39.00         254.50      3.5282612
   48.54% of job   1 of   1 completed.

number           kout          theta            phi      intensity
  1166          14.31          39.00         257.50      4.1143322
   48.58% of job   1 of   1 completed.

number           kout          theta            phi      intensity
  1167          14.31          39.00         260.50      4.7946792
   48.62% of job   1 of   1 completed.

number           kout          theta            phi      intensity
  1168          14.31          39.00         263.50      5.3217154
   48.67% of job   1 of   1 completed.

number           kout          theta            phi      intensity
  1169          14.31          39.00         266.50      5.2609401
   48.71% of job   1 of   1 completed.

number           kout          theta            phi      intensity
  1170          14.31          39.00         269.50      5.3054643
   48.75% of job   1 of   1 completed.

number           kout          theta            phi      intensity
  1171          14.31          39.00         272.50      5.3014393
   48.79% of job   1 of   1 completed.

number           kout          theta            phi      intensity
  1172          14.31          39.00         275.50      5.3996768
   48.83% of job   1 of   1 completed.

number           kout          theta            phi      intensity
  1173          14.31          39.00         278.50      4.7946625
   48.88% of job   1 of   1 completed.

number           kout          theta            phi      intensity
  1174          14.31          39.00         281.50      3.8529732
   48.92% of job   1 of   1 completed.

number           kout          theta            phi      intensity
  1175          14.31          39.00         284.50      3.0448487
   48.96% of job   1 of   1 completed.

number           kout          theta            phi      intensity
  1176          14.31          39.00         287.50      2.8910246
   49.00% of job   1 of   1 completed.

number           kout          theta            phi      intensity
  1177          14.31          39.00         290.50      2.8759196
   49.04% of job   1 of   1 completed.

number           kout          theta            phi      intensity
  1178          14.31          39.00         293.50      2.8391047
   49.08% of job   1 of   1 completed.

number           kout          theta            phi      intensity
  1179          14.31          39.00         296.50      2.5250893
   49.12% of job   1 of   1 completed.

number           kout          theta            phi      intensity
  1180          14.31          39.00         299.50      2.4539895
   49.17% of job   1 of   1 completed.

number           kout          theta            phi      intensity
  1181          14.31          39.00         302.50      2.7363529
   49.21% of job   1 of   1 completed.

number           kout          theta            phi      intensity
  1182          14.31          39.00         305.50      3.1687949
   49.25% of job   1 of   1 completed.

number           kout          theta            phi      intensity
  1183          14.31          39.00         308.50      3.4477513
   49.29% of job   1 of   1 completed.

number           kout          theta            phi      intensity
  1184          14.31          39.00         311.50      3.7775898
   49.33% of job   1 of   1 completed.

number           kout          theta            phi      intensity
  1185          14.31          39.00         314.50      4.1119971
   49.38% of job   1 of   1 completed.

number           kout          theta            phi      intensity
  1186          14.31          39.00         317.50      3.7753808
   49.42% of job   1 of   1 completed.

number           kout          theta            phi      intensity
  1187          14.31          39.00         320.50      3.1828175
   49.46% of job   1 of   1 completed.

number           kout          theta            phi      intensity
  1188          14.31          39.00         323.50      2.6411481
   49.50% of job   1 of   1 completed.

number           kout          theta            phi      intensity
  1189          14.31          39.00         326.50      2.2795894
   49.54% of job   1 of   1 completed.

number           kout          theta            phi      intensity
  1190          14.31          39.00         329.50      2.0794981
   49.58% of job   1 of   1 completed.

number           kout          theta            phi      intensity
  1191          14.31          39.00         332.50      2.2985542
   49.62% of job   1 of   1 completed.

number           kout          theta            phi      intensity
  1192          14.31          39.00         335.50      2.7841346
   49.67% of job   1 of   1 completed.

number           kout          theta            phi      intensity
  1193          14.31          39.00         338.50      3.3734109
   49.71% of job   1 of   1 completed.

number           kout          theta            phi      intensity
  1194          14.31          39.00         341.50      3.4804485
   49.75% of job   1 of   1 completed.

number           kout          theta            phi      intensity
  1195          14.31          39.00         344.50      3.5495741
   49.79% of job   1 of   1 completed.

number           kout          theta            phi      intensity
  1196          14.31          39.00         347.50      3.9404705
   49.83% of job   1 of   1 completed.

number           kout          theta            phi      intensity
  1197          14.31          39.00         350.50      4.4648986
   49.88% of job   1 of   1 completed.

number           kout          theta            phi      intensity
  1198          14.31          39.00         353.50      4.4519811
   49.92% of job   1 of   1 completed.

number           kout          theta            phi      intensity
  1199          14.31          39.00         356.50      3.9914701
   49.96% of job   1 of   1 completed.

number           kout          theta            phi      intensity
  1200          14.31          39.00         359.50      4.0381274
   50.00% of job   1 of   1 completed.

number           kout          theta            phi      intensity
  1201          14.31          42.00           2.50      5.2142692
   50.04% of job   1 of   1 completed.

number           kout          theta            phi      intensity
  1202          14.31          42.00           5.50      5.7726245
   50.08% of job   1 of   1 completed.

number           kout          theta            phi      intensity
  1203          14.31          42.00           8.50      5.5837111
   50.12% of job   1 of   1 completed.

number           kout          theta            phi      intensity
  1204          14.31          42.00          11.50      4.7082028
   50.17% of job   1 of   1 completed.

number           kout          theta            phi      intensity
  1205          14.31          42.00          14.50      3.8987277
   50.21% of job   1 of   1 completed.

number           kout          theta            phi      intensity
  1206          14.31          42.00          17.50      3.7140512
   50.25% of job   1 of   1 completed.

number           kout          theta            phi      intensity
  1207          14.31          42.00          20.50      4.1566701
   50.29% of job   1 of   1 completed.

number           kout          theta            phi      intensity
  1208          14.31          42.00          23.50      3.7493174
   50.33% of job   1 of   1 completed.

number           kout          theta            phi      intensity
  1209          14.31          42.00          26.50      2.9558785
   50.38% of job   1 of   1 completed.

number           kout          theta            phi      intensity
  1210          14.31          42.00          29.50      2.8890097
   50.42% of job   1 of   1 completed.

number           kout          theta            phi      intensity
  1211          14.31          42.00          32.50      3.6659441
   50.46% of job   1 of   1 completed.

number           kout          theta            phi      intensity
  1212          14.31          42.00          35.50      3.9874411
   50.50% of job   1 of   1 completed.

number           kout          theta            phi      intensity
  1213          14.31          42.00          38.50      4.5429640
   50.54% of job   1 of   1 completed.

number           kout          theta            phi      intensity
  1214          14.31          42.00          41.50      5.0023541
   50.58% of job   1 of   1 completed.

number           kout          theta            phi      intensity
  1215          14.31          42.00          44.50      5.4324746
   50.62% of job   1 of   1 completed.

number           kout          theta            phi      intensity
  1216          14.31          42.00          47.50      5.3256364
   50.67% of job   1 of   1 completed.

number           kout          theta            phi      intensity
  1217          14.31          42.00          50.50      4.8398547
   50.71% of job   1 of   1 completed.

number           kout          theta            phi      intensity
  1218          14.31          42.00          53.50      4.2651706
   50.75% of job   1 of   1 completed.

number           kout          theta            phi      intensity
  1219          14.31          42.00          56.50      3.9337094
   50.79% of job   1 of   1 completed.

number           kout          theta            phi      intensity
  1220          14.31          42.00          59.50      3.5057650
   50.83% of job   1 of   1 completed.

number           kout          theta            phi      intensity
  1221          14.31          42.00          62.50      3.1872799
   50.88% of job   1 of   1 completed.

number           kout          theta            phi      intensity
  1222          14.31          42.00          65.50      3.2809365
   50.92% of job   1 of   1 completed.

number           kout          theta            phi      intensity
  1223          14.31          42.00          68.50      3.2089608
   50.96% of job   1 of   1 completed.

number           kout          theta            phi      intensity
  1224          14.31          42.00          71.50      2.9989128
   51.00% of job   1 of   1 completed.

number           kout          theta            phi      intensity
  1225          14.31          42.00          74.50      3.1652453
   51.04% of job   1 of   1 completed.

number           kout          theta            phi      intensity
  1226          14.31          42.00          77.50      3.9956198
   51.08% of job   1 of   1 completed.

number           kout          theta            phi      intensity
  1227          14.31          42.00          80.50      5.3317370
   51.12% of job   1 of   1 completed.

number           kout          theta            phi      intensity
  1228          14.31          42.00          83.50      6.6446877
   51.17% of job   1 of   1 completed.

number           kout          theta            phi      intensity
  1229          14.31          42.00          86.50      6.8348260
   51.21% of job   1 of   1 completed.

number           kout          theta            phi      intensity
  1230          14.31          42.00          89.50      6.8093247
   51.25% of job   1 of   1 completed.

number           kout          theta            phi      intensity
  1231          14.31          42.00          92.50      6.6425509
   51.29% of job   1 of   1 completed.

number           kout          theta            phi      intensity
  1232          14.31          42.00          95.50      6.7793140
   51.33% of job   1 of   1 completed.

number           kout          theta            phi      intensity
  1233          14.31          42.00          98.50      5.9386907
   51.38% of job   1 of   1 completed.

number           kout          theta            phi      intensity
  1234          14.31          42.00         101.50      4.7955976
   51.42% of job   1 of   1 completed.

number           kout          theta            phi      intensity
  1235          14.31          42.00         104.50      3.8459427
   51.46% of job   1 of   1 completed.

number           kout          theta            phi      intensity
  1236          14.31          42.00         107.50      3.5437691
   51.50% of job   1 of   1 completed.

number           kout          theta            phi      intensity
  1237          14.31          42.00         110.50      3.8651469
   51.54% of job   1 of   1 completed.

number           kout          theta            phi      intensity
  1238          14.31          42.00         113.50      3.9475279
   51.58% of job   1 of   1 completed.

number           kout          theta            phi      intensity
  1239          14.31          42.00         116.50      3.5063484
   51.62% of job   1 of   1 completed.

number           kout          theta            phi      intensity
  1240          14.31          42.00         119.50      3.0766556
   51.67% of job   1 of   1 completed.

number           kout          theta            phi      intensity
  1241          14.31          42.00         122.50      2.9019020
   51.71% of job   1 of   1 completed.

number           kout          theta            phi      intensity
  1242          14.31          42.00         125.50      2.7712326
   51.75% of job   1 of   1 completed.

number           kout          theta            phi      intensity
  1243          14.31          42.00         128.50      3.0639441
   51.79% of job   1 of   1 completed.

number           kout          theta            phi      intensity
  1244          14.31          42.00         131.50      3.5287867
   51.83% of job   1 of   1 completed.

number           kout          theta            phi      intensity
  1245          14.31          42.00         134.50      3.7081726
   51.88% of job   1 of   1 completed.

number           kout          theta            phi      intensity
  1246          14.31          42.00         137.50      3.5347176
   51.92% of job   1 of   1 completed.

number           kout          theta            phi      intensity
  1247          14.31          42.00         140.50      3.1281130
   51.96% of job   1 of   1 completed.

number           kout          theta            phi      intensity
  1248          14.31          42.00         143.50      2.8774738
   52.00% of job   1 of   1 completed.

number           kout          theta            phi      intensity
  1249          14.31          42.00         146.50      3.0258572
   52.04% of job   1 of   1 completed.

number           kout          theta            phi      intensity
  1250          14.31          42.00         149.50      3.1764746
   52.08% of job   1 of   1 completed.

number           kout          theta            phi      intensity
  1251          14.31          42.00         152.50      3.4242468
   52.12% of job   1 of   1 completed.

number           kout          theta            phi      intensity
  1252          14.31          42.00         155.50      3.7254741
   52.17% of job   1 of   1 completed.

number           kout          theta            phi      intensity
  1253          14.31          42.00         158.50      3.8409319
   52.21% of job   1 of   1 completed.

number           kout          theta            phi      intensity
  1254          14.31          42.00         161.50      3.5369759
   52.25% of job   1 of   1 completed.

number           kout          theta            phi      intensity
  1255          14.31          42.00         164.50      3.4732103
   52.29% of job   1 of   1 completed.

number           kout          theta            phi      intensity
  1256          14.31          42.00         167.50      4.2323804
   52.33% of job   1 of   1 completed.

number           kout          theta            phi      intensity
  1257          14.31          42.00         170.50      5.2421117
   52.38% of job   1 of   1 completed.

number           kout          theta            phi      intensity
  1258          14.31          42.00         173.50      6.0883298
   52.42% of job   1 of   1 completed.

number           kout          theta            phi      intensity
  1259          14.31          42.00         176.50      6.1080394
   52.46% of job   1 of   1 completed.

number           kout          theta            phi      intensity
  1260          14.31          42.00         179.50      6.0331197
   52.50% of job   1 of   1 completed.

number           kout          theta            phi      intensity
  1261          14.31          42.00         182.50      5.9152088
   52.54% of job   1 of   1 completed.

number           kout          theta            phi      intensity
  1262          14.31          42.00         185.50      6.0940247
   52.58% of job   1 of   1 completed.

number           kout          theta            phi      intensity
  1263          14.31          42.00         188.50      5.8724713
   52.62% of job   1 of   1 completed.

number           kout          theta            phi      intensity
  1264          14.31          42.00         191.50      4.7937474
   52.67% of job   1 of   1 completed.

number           kout          theta            phi      intensity
  1265          14.31          42.00         194.50      3.7054408
   52.71% of job   1 of   1 completed.

number           kout          theta            phi      intensity
  1266          14.31          42.00         197.50      3.4681098
   52.75% of job   1 of   1 completed.

number           kout          theta            phi      intensity
  1267          14.31          42.00         200.50      3.7225332
   52.79% of job   1 of   1 completed.

number           kout          theta            phi      intensity
  1268          14.31          42.00         203.50      3.8213310
   52.83% of job   1 of   1 completed.

number           kout          theta            phi      intensity
  1269          14.31          42.00         206.50      3.5147753
   52.88% of job   1 of   1 completed.

number           kout          theta            phi      intensity
  1270          14.31          42.00         209.50      3.2083137
   52.92% of job   1 of   1 completed.

number           kout          theta            phi      intensity
  1271          14.31          42.00         212.50      3.1562340
   52.96% of job   1 of   1 completed.

number           kout          theta            phi      intensity
  1272          14.31          42.00         215.50      3.0018463
   53.00% of job   1 of   1 completed.

number           kout          theta            phi      intensity
  1273          14.31          42.00         218.50      3.1566896
   53.04% of job   1 of   1 completed.

number           kout          theta            phi      intensity
  1274          14.31          42.00         221.50      3.5688813
   53.08% of job   1 of   1 completed.

number           kout          theta            phi      intensity
  1275          14.31          42.00         224.50      3.9388180
   53.12% of job   1 of   1 completed.

number           kout          theta            phi      intensity
  1276          14.31          42.00         227.50      3.8754308
   53.17% of job   1 of   1 completed.

number           kout          theta            phi      intensity
  1277          14.31          42.00         230.50      3.3611603
   53.21% of job   1 of   1 completed.

number           kout          theta            phi      intensity
  1278          14.31          42.00         233.50      2.9006574
   53.25% of job   1 of   1 completed.

number           kout          theta            phi      intensity
  1279          14.31          42.00         236.50      2.8996441
   53.29% of job   1 of   1 completed.

number           kout          theta            phi      intensity
  1280          14.31          42.00         239.50      3.0076351
   53.33% of job   1 of   1 completed.

number           kout          theta            phi      intensity
  1281          14.31          42.00         242.50      3.2286642
   53.38% of job   1 of   1 completed.

number           kout          theta            phi      intensity
  1282          14.31          42.00         245.50      3.7458456
   53.42% of job   1 of   1 completed.

number           kout          theta            phi      intensity
  1283          14.31          42.00         248.50      3.8054199
   53.46% of job   1 of   1 completed.

number           kout          theta            phi      intensity
  1284          14.31          42.00         251.50      3.5835063
   53.50% of job   1 of   1 completed.

number           kout          theta            phi      intensity
  1285          14.31          42.00         254.50      3.7088461
   53.54% of job   1 of   1 completed.

number           kout          theta            phi      intensity
  1286          14.31          42.00         257.50      4.4011950
   53.58% of job   1 of   1 completed.

number           kout          theta            phi      intensity
  1287          14.31          42.00         260.50      5.5125542
   53.62% of job   1 of   1 completed.

number           kout          theta            phi      intensity
  1288          14.31          42.00         263.50      6.3703861
   53.67% of job   1 of   1 completed.

number           kout          theta            phi      intensity
  1289          14.31          42.00         266.50      6.3461533
   53.71% of job   1 of   1 completed.

number           kout          theta            phi      intensity
  1290          14.31          42.00         269.50      6.4852614
   53.75% of job   1 of   1 completed.

number           kout          theta            phi      intensity
  1291          14.31          42.00         272.50      6.4822659
   53.79% of job   1 of   1 completed.

number           kout          theta            phi      intensity
  1292          14.31          42.00         275.50      6.6009669
   53.83% of job   1 of   1 completed.

number           kout          theta            phi      intensity
  1293          14.31          42.00         278.50      5.8447862
   53.88% of job   1 of   1 completed.

number           kout          theta            phi      intensity
  1294          14.31          42.00         281.50      4.4840302
   53.92% of job   1 of   1 completed.

number           kout          theta            phi      intensity
  1295          14.31          42.00         284.50      3.3227510
   53.96% of job   1 of   1 completed.

number           kout          theta            phi      intensity
  1296          14.31          42.00         287.50      2.9640968
   54.00% of job   1 of   1 completed.

number           kout          theta            phi      intensity
  1297          14.31          42.00         290.50      3.0984209
   54.04% of job   1 of   1 completed.

number           kout          theta            phi      intensity
  1298          14.31          42.00         293.50      3.3377526
   54.08% of job   1 of   1 completed.

number           kout          theta            phi      intensity
  1299          14.31          42.00         296.50      3.2159662
   54.12% of job   1 of   1 completed.

number           kout          theta            phi      intensity
  1300          14.31          42.00         299.50      3.1006136
   54.17% of job   1 of   1 completed.

number           kout          theta            phi      intensity
  1301          14.31          42.00         302.50      3.5214977
   54.21% of job   1 of   1 completed.

number           kout          theta            phi      intensity
  1302          14.31          42.00         305.50      3.8458412
   54.25% of job   1 of   1 completed.

number           kout          theta            phi      intensity
  1303          14.31          42.00         308.50      3.9762151
   54.29% of job   1 of   1 completed.

number           kout          theta            phi      intensity
  1304          14.31          42.00         311.50      4.5368376
   54.33% of job   1 of   1 completed.

number           kout          theta            phi      intensity
  1305          14.31          42.00         314.50      4.7835679
   54.38% of job   1 of   1 completed.

number           kout          theta            phi      intensity
  1306          14.31          42.00         317.50      4.6135011
   54.42% of job   1 of   1 completed.

number           kout          theta            phi      intensity
  1307          14.31          42.00         320.50      4.1123891
   54.46% of job   1 of   1 completed.

number           kout          theta            phi      intensity
  1308          14.31          42.00         323.50      3.4622147
   54.50% of job   1 of   1 completed.

number           kout          theta            phi      intensity
  1309          14.31          42.00         326.50      3.1416743
   54.54% of job   1 of   1 completed.

number           kout          theta            phi      intensity
  1310          14.31          42.00         329.50      2.9053400
   54.58% of job   1 of   1 completed.

number           kout          theta            phi      intensity
  1311          14.31          42.00         332.50      3.0036886
   54.62% of job   1 of   1 completed.

number           kout          theta            phi      intensity
  1312          14.31          42.00         335.50      3.5716736
   54.67% of job   1 of   1 completed.

number           kout          theta            phi      intensity
  1313          14.31          42.00         338.50      3.9792175
   54.71% of job   1 of   1 completed.

number           kout          theta            phi      intensity
  1314          14.31          42.00         341.50      3.7771494
   54.75% of job   1 of   1 completed.

number           kout          theta            phi      intensity
  1315          14.31          42.00         344.50      3.8699331
   54.79% of job   1 of   1 completed.

number           kout          theta            phi      intensity
  1316          14.31          42.00         347.50      4.5471587
   54.83% of job   1 of   1 completed.

number           kout          theta            phi      intensity
  1317          14.31          42.00         350.50      5.4989009
   54.88% of job   1 of   1 completed.

number           kout          theta            phi      intensity
  1318          14.31          42.00         353.50      6.0035815
   54.92% of job   1 of   1 completed.

number           kout          theta            phi      intensity
  1319          14.31          42.00         356.50      5.4465289
   54.96% of job   1 of   1 completed.

number           kout          theta            phi      intensity
  1320          14.31          42.00         359.50      5.2995019
   55.00% of job   1 of   1 completed.

number           kout          theta            phi      intensity
  1321          14.31          45.00           2.50      4.6726661
   55.04% of job   1 of   1 completed.

number           kout          theta            phi      intensity
  1322          14.31          45.00           5.50      5.1746221
   55.08% of job   1 of   1 completed.

number           kout          theta            phi      intensity
  1323          14.31          45.00           8.50      4.9217792
   55.12% of job   1 of   1 completed.

number           kout          theta            phi      intensity
  1324          14.31          45.00          11.50      4.1587515
   55.17% of job   1 of   1 completed.

number           kout          theta            phi      intensity
  1325          14.31          45.00          14.50      3.5807974
   55.21% of job   1 of   1 completed.

number           kout          theta            phi      intensity
  1326          14.31          45.00          17.50      3.7068951
   55.25% of job   1 of   1 completed.

number           kout          theta            phi      intensity
  1327          14.31          45.00          20.50      4.2160635
   55.29% of job   1 of   1 completed.

number           kout          theta            phi      intensity
  1328          14.31          45.00          23.50      3.9771173
   55.33% of job   1 of   1 completed.

number           kout          theta            phi      intensity
  1329          14.31          45.00          26.50      3.7076805
   55.38% of job   1 of   1 completed.

number           kout          theta            phi      intensity
  1330          14.31          45.00          29.50      4.3070121
   55.42% of job   1 of   1 completed.

number           kout          theta            phi      intensity
  1331          14.31          45.00          32.50      4.8279743
   55.46% of job   1 of   1 completed.

number           kout          theta            phi      intensity
  1332          14.31          45.00          35.50      4.9241662
   55.50% of job   1 of   1 completed.

number           kout          theta            phi      intensity
  1333          14.31          45.00          38.50      5.2772765
   55.54% of job   1 of   1 completed.

number           kout          theta            phi      intensity
  1334          14.31          45.00          41.50      5.9157329
   55.58% of job   1 of   1 completed.

number           kout          theta            phi      intensity
  1335          14.31          45.00          44.50      5.7399507
   55.62% of job   1 of   1 completed.

number           kout          theta            phi      intensity
  1336          14.31          45.00          47.50      5.4569969
   55.67% of job   1 of   1 completed.

number           kout          theta            phi      intensity
  1337          14.31          45.00          50.50      4.8965721
   55.71% of job   1 of   1 completed.

number           kout          theta            phi      intensity
  1338          14.31          45.00          53.50      4.7347708
   55.75% of job   1 of   1 completed.

number           kout          theta            phi      intensity
  1339          14.31          45.00          56.50      4.7389474
   55.79% of job   1 of   1 completed.

number           kout          theta            phi      intensity
  1340          14.31          45.00          59.50      4.5685029
   55.83% of job   1 of   1 completed.

number           kout          theta            phi      intensity
  1341          14.31          45.00          62.50      4.0453391
   55.88% of job   1 of   1 completed.

number           kout          theta            phi      intensity
  1342          14.31          45.00          65.50      3.5556555
   55.92% of job   1 of   1 completed.

number           kout          theta            phi      intensity
  1343          14.31          45.00          68.50      3.1262958
   55.96% of job   1 of   1 completed.

number           kout          theta            phi      intensity
  1344          14.31          45.00          71.50      2.7728117
   56.00% of job   1 of   1 completed.

number           kout          theta            phi      intensity
  1345          14.31          45.00          74.50      2.7581224
   56.04% of job   1 of   1 completed.

number           kout          theta            phi      intensity
  1346          14.31          45.00          77.50      3.2755358
   56.08% of job   1 of   1 completed.

number           kout          theta            phi      intensity
  1347          14.31          45.00          80.50      4.2012773
   56.12% of job   1 of   1 completed.

number           kout          theta            phi      intensity
  1348          14.31          45.00          83.50      5.3190875
   56.17% of job   1 of   1 completed.

number           kout          theta            phi      intensity
  1349          14.31          45.00          86.50      5.4569678
   56.21% of job   1 of   1 completed.

number           kout          theta            phi      intensity
  1350          14.31          45.00          89.50      5.4841418
   56.25% of job   1 of   1 completed.

number           kout          theta            phi      intensity
  1351          14.31          45.00          92.50      5.4047208
   56.29% of job   1 of   1 completed.

number           kout          theta            phi      intensity
  1352          14.31          45.00          95.50      5.5494123
   56.33% of job   1 of   1 completed.

number           kout          theta            phi      intensity
  1353          14.31          45.00          98.50      4.7262044
   56.38% of job   1 of   1 completed.

number           kout          theta            phi      intensity
  1354          14.31          45.00         101.50      3.7254975
   56.42% of job   1 of   1 completed.

number           kout          theta            phi      intensity
  1355          14.31          45.00         104.50      3.1843159
   56.46% of job   1 of   1 completed.

number           kout          theta            phi      intensity
  1356          14.31          45.00         107.50      3.2615716
   56.50% of job   1 of   1 completed.

number           kout          theta            phi      intensity
  1357          14.31          45.00         110.50      3.6632338
   56.54% of job   1 of   1 completed.

number           kout          theta            phi      intensity
  1358          14.31          45.00         113.50      4.0915346
   56.58% of job   1 of   1 completed.

number           kout          theta            phi      intensity
  1359          14.31          45.00         116.50      3.8728590
   56.62% of job   1 of   1 completed.

number           kout          theta            phi      intensity
  1360          14.31          45.00         119.50      3.6918383
   56.67% of job   1 of   1 completed.

number           kout          theta            phi      intensity
  1361          14.31          45.00         122.50      3.3883832
   56.71% of job   1 of   1 completed.

number           kout          theta            phi      intensity
  1362          14.31          45.00         125.50      3.1147063
   56.75% of job   1 of   1 completed.

number           kout          theta            phi      intensity
  1363          14.31          45.00         128.50      3.3697548
   56.79% of job   1 of   1 completed.

number           kout          theta            phi      intensity
  1364          14.31          45.00         131.50      4.0214462
   56.83% of job   1 of   1 completed.

number           kout          theta            phi      intensity
  1365          14.31          45.00         134.50      4.2655058
   56.88% of job   1 of   1 completed.

number           kout          theta            phi      intensity
  1366          14.31          45.00         137.50      4.1234312
   56.92% of job   1 of   1 completed.

number           kout          theta            phi      intensity
  1367          14.31          45.00         140.50      3.7879655
   56.96% of job   1 of   1 completed.

number           kout          theta            phi      intensity
  1368          14.31          45.00         143.50      3.3896472
   57.00% of job   1 of   1 completed.

number           kout          theta            phi      intensity
  1369          14.31          45.00         146.50      3.6408927
   57.04% of job   1 of   1 completed.

number           kout          theta            phi      intensity
  1370          14.31          45.00         149.50      4.1006007
   57.08% of job   1 of   1 completed.

number           kout          theta            phi      intensity
  1371          14.31          45.00         152.50      4.2155099
   57.12% of job   1 of   1 completed.

number           kout          theta            phi      intensity
  1372          14.31          45.00         155.50      4.3209596
   57.17% of job   1 of   1 completed.

number           kout          theta            phi      intensity
  1373          14.31          45.00         158.50      3.9357872
   57.21% of job   1 of   1 completed.

number           kout          theta            phi      intensity
  1374          14.31          45.00         161.50      3.3051405
   57.25% of job   1 of   1 completed.

number           kout          theta            phi      intensity
  1375          14.31          45.00         164.50      3.0886774
   57.29% of job   1 of   1 completed.

number           kout          theta            phi      intensity
  1376          14.31          45.00         167.50      3.4802408
   57.33% of job   1 of   1 completed.

number           kout          theta            phi      intensity
  1377          14.31          45.00         170.50      4.4312339
   57.38% of job   1 of   1 completed.

number           kout          theta            phi      intensity
  1378          14.31          45.00         173.50      5.0858636
   57.42% of job   1 of   1 completed.

number           kout          theta            phi      intensity
  1379          14.31          45.00         176.50      5.0529828
   57.46% of job   1 of   1 completed.

number           kout          theta            phi      intensity
  1380          14.31          45.00         179.50      4.9096627
   57.50% of job   1 of   1 completed.

number           kout          theta            phi      intensity
  1381          14.31          45.00         182.50      4.9236779
   57.54% of job   1 of   1 completed.

number           kout          theta            phi      intensity
  1382          14.31          45.00         185.50      5.2151222
   57.58% of job   1 of   1 completed.

number           kout          theta            phi      intensity
  1383          14.31          45.00         188.50      4.8516321
   57.62% of job   1 of   1 completed.

number           kout          theta            phi      intensity
  1384          14.31          45.00         191.50      4.0004449
   57.67% of job   1 of   1 completed.

number           kout          theta            phi      intensity
  1385          14.31          45.00         194.50      3.2394791
   57.71% of job   1 of   1 completed.

number           kout          theta            phi      intensity
  1386          14.31          45.00         197.50      3.1655715
   57.75% of job   1 of   1 completed.

number           kout          theta            phi      intensity
  1387          14.31          45.00         200.50      3.6816585
   57.79% of job   1 of   1 completed.

number           kout          theta            phi      intensity
  1388          14.31          45.00         203.50      4.1354785
   57.83% of job   1 of   1 completed.

number           kout          theta            phi      intensity
  1389          14.31          45.00         206.50      4.2234674
   57.88% of job   1 of   1 completed.

number           kout          theta            phi      intensity
  1390          14.31          45.00         209.50      4.2251163
   57.92% of job   1 of   1 completed.

number           kout          theta            phi      intensity
  1391          14.31          45.00         212.50      4.1093125
   57.96% of job   1 of   1 completed.

number           kout          theta            phi      intensity
  1392          14.31          45.00         215.50      3.5496590
   58.00% of job   1 of   1 completed.

number           kout          theta            phi      intensity
  1393          14.31          45.00         218.50      3.8045540
   58.04% of job   1 of   1 completed.

number           kout          theta            phi      intensity
  1394          14.31          45.00         221.50      4.3750658
   58.08% of job   1 of   1 completed.

number           kout          theta            phi      intensity
  1395          14.31          45.00         224.50      4.5524669
   58.12% of job   1 of   1 completed.

number           kout          theta            phi      intensity
  1396          14.31          45.00         227.50      4.4199104
   58.17% of job   1 of   1 completed.

number           kout          theta            phi      intensity
  1397          14.31          45.00         230.50      3.9697094
   58.21% of job   1 of   1 completed.

number           kout          theta            phi      intensity
  1398          14.31          45.00         233.50      3.4469793
   58.25% of job   1 of   1 completed.

number           kout          theta            phi      intensity
  1399          14.31          45.00         236.50      3.3522797
   58.29% of job   1 of   1 completed.

number           kout          theta            phi      intensity
  1400          14.31          45.00         239.50      3.6443939
   58.33% of job   1 of   1 completed.

number           kout          theta            phi      intensity
  1401          14.31          45.00         242.50      3.6851416
   58.38% of job   1 of   1 completed.

number           kout          theta            phi      intensity
  1402          14.31          45.00         245.50      3.9623296
   58.42% of job   1 of   1 completed.

number           kout          theta            phi      intensity
  1403          14.31          45.00         248.50      3.7827806
   58.46% of job   1 of   1 completed.

number           kout          theta            phi      intensity
  1404          14.31          45.00         251.50      3.3487442
   58.50% of job   1 of   1 completed.

number           kout          theta            phi      intensity
  1405          14.31          45.00         254.50      3.0928333
   58.54% of job   1 of   1 completed.

number           kout          theta            phi      intensity
  1406          14.31          45.00         257.50      3.4870751
   58.58% of job   1 of   1 completed.

number           kout          theta            phi      intensity
  1407          14.31          45.00         260.50      4.3798399
   58.62% of job   1 of   1 completed.

number           kout          theta            phi      intensity
  1408          14.31          45.00         263.50      5.2898307
   58.67% of job   1 of   1 completed.

number           kout          theta            phi      intensity
  1409          14.31          45.00         266.50      5.3048534
   58.71% of job   1 of   1 completed.

number           kout          theta            phi      intensity
  1410          14.31          45.00         269.50      5.4340496
   58.75% of job   1 of   1 completed.

number           kout          theta            phi      intensity
  1411          14.31          45.00         272.50      5.4547176
   58.79% of job   1 of   1 completed.

number           kout          theta            phi      intensity
  1412          14.31          45.00         275.50      5.4350362
   58.83% of job   1 of   1 completed.

number           kout          theta            phi      intensity
  1413          14.31          45.00         278.50      4.6990008
   58.88% of job   1 of   1 completed.

number           kout          theta            phi      intensity
  1414          14.31          45.00         281.50      3.6005518
   58.92% of job   1 of   1 completed.

number           kout          theta            phi      intensity
  1415          14.31          45.00         284.50      2.8448789
   58.96% of job   1 of   1 completed.

number           kout          theta            phi      intensity
  1416          14.31          45.00         287.50      2.7109756
   59.00% of job   1 of   1 completed.

number           kout          theta            phi      intensity
  1417          14.31          45.00         290.50      3.0929050
   59.04% of job   1 of   1 completed.

number           kout          theta            phi      intensity
  1418          14.31          45.00         293.50      3.6492727
   59.08% of job   1 of   1 completed.

number           kout          theta            phi      intensity
  1419          14.31          45.00         296.50      3.9170086
   59.12% of job   1 of   1 completed.

number           kout          theta            phi      intensity
  1420          14.31          45.00         299.50      4.2220140
   59.17% of job   1 of   1 completed.

number           kout          theta            phi      intensity
  1421          14.31          45.00         302.50      4.5903754
   59.21% of job   1 of   1 completed.

number           kout          theta            phi      intensity
  1422          14.31          45.00         305.50      4.5794778
   59.25% of job   1 of   1 completed.

number           kout          theta            phi      intensity
  1423          14.31          45.00         308.50      4.3717666
   59.29% of job   1 of   1 completed.

number           kout          theta            phi      intensity
  1424          14.31          45.00         311.50      4.8110347
   59.33% of job   1 of   1 completed.

number           kout          theta            phi      intensity
  1425          14.31          45.00         314.50      5.0578341
   59.38% of job   1 of   1 completed.

number           kout          theta            phi      intensity
  1426          14.31          45.00         317.50      5.0672679
   59.42% of job   1 of   1 completed.

number           kout          theta            phi      intensity
  1427          14.31          45.00         320.50      4.4409652
   59.46% of job   1 of   1 completed.

number           kout          theta            phi      intensity
  1428          14.31          45.00         323.50      3.9815772
   59.50% of job   1 of   1 completed.

number           kout          theta            phi      intensity
  1429          14.31          45.00         326.50      3.9219646
   59.54% of job   1 of   1 completed.

number           kout          theta            phi      intensity
  1430          14.31          45.00         329.50      3.8586867
   59.58% of job   1 of   1 completed.

number           kout          theta            phi      intensity
  1431          14.31          45.00         332.50      3.8067605
   59.62% of job   1 of   1 completed.

number           kout          theta            phi      intensity
  1432          14.31          45.00         335.50      3.9071407
   59.67% of job   1 of   1 completed.

number           kout          theta            phi      intensity
  1433          14.31          45.00         338.50      3.9332931
   59.71% of job   1 of   1 completed.

number           kout          theta            phi      intensity
  1434          14.31          45.00         341.50      3.7523839
   59.75% of job   1 of   1 completed.

number           kout          theta            phi      intensity
  1435          14.31          45.00         344.50      3.6462271
   59.79% of job   1 of   1 completed.

number           kout          theta            phi      intensity
  1436          14.31          45.00         347.50      4.0201473
   59.83% of job   1 of   1 completed.

number           kout          theta            phi      intensity
  1437          14.31          45.00         350.50      4.8727956
   59.88% of job   1 of   1 completed.

number           kout          theta            phi      intensity
  1438          14.31          45.00         353.50      5.3452353
   59.92% of job   1 of   1 completed.

number           kout          theta            phi      intensity
  1439          14.31          45.00         356.50      4.8473005
   59.96% of job   1 of   1 completed.

number           kout          theta            phi      intensity
  1440          14.31          45.00         359.50      4.6353621
   60.00% of job   1 of   1 completed.

number           kout          theta            phi      intensity
  1441          14.31          48.00           2.50      3.1367676
   60.04% of job   1 of   1 completed.

number           kout          theta            phi      intensity
  1442          14.31          48.00           5.50      3.5815401
   60.08% of job   1 of   1 completed.

number           kout          theta            phi      intensity
  1443          14.31          48.00           8.50      3.5192473
   60.12% of job   1 of   1 completed.

number           kout          theta            phi      intensity
  1444          14.31          48.00          11.50      3.2546942
   60.17% of job   1 of   1 completed.

number           kout          theta            phi      intensity
  1445          14.31          48.00          14.50      3.3668654
   60.21% of job   1 of   1 completed.

number           kout          theta            phi      intensity
  1446          14.31          48.00          17.50      3.5894849
   60.25% of job   1 of   1 completed.

number           kout          theta            phi      intensity
  1447          14.31          48.00          20.50      3.5453985
   60.29% of job   1 of   1 completed.

number           kout          theta            phi      intensity
  1448          14.31          48.00          23.50      3.2154939
   60.33% of job   1 of   1 completed.

number           kout          theta            phi      intensity
  1449          14.31          48.00          26.50      3.4227302
   60.38% of job   1 of   1 completed.

number           kout          theta            phi      intensity
  1450          14.31          48.00          29.50      4.2519603
   60.42% of job   1 of   1 completed.

number           kout          theta            phi      intensity
  1451          14.31          48.00          32.50      4.5769420
   60.46% of job   1 of   1 completed.

number           kout          theta            phi      intensity
  1452          14.31          48.00          35.50      4.9479184
   60.50% of job   1 of   1 completed.

number           kout          theta            phi      intensity
  1453          14.31          48.00          38.50      5.9900069
   60.54% of job   1 of   1 completed.

number           kout          theta            phi      intensity
  1454          14.31          48.00          41.50      7.2990704
   60.58% of job   1 of   1 completed.

number           kout          theta            phi      intensity
  1455          14.31          48.00          44.50      7.3712974
   60.62% of job   1 of   1 completed.

number           kout          theta            phi      intensity
  1456          14.31          48.00          47.50      6.5337200
   60.67% of job   1 of   1 completed.

number           kout          theta            phi      intensity
  1457          14.31          48.00          50.50      5.2341690
   60.71% of job   1 of   1 completed.

number           kout          theta            phi      intensity
  1458          14.31          48.00          53.50      4.3256674
   60.75% of job   1 of   1 completed.

number           kout          theta            phi      intensity
  1459          14.31          48.00          56.50      4.3438754
   60.79% of job   1 of   1 completed.

number           kout          theta            phi      intensity
  1460          14.31          48.00          59.50      4.3179178
   60.83% of job   1 of   1 completed.

number           kout          theta            phi      intensity
  1461          14.31          48.00          62.50      3.8935049
   60.88% of job   1 of   1 completed.

number           kout          theta            phi      intensity
  1462          14.31          48.00          65.50      3.4355171
   60.92% of job   1 of   1 completed.

number           kout          theta            phi      intensity
  1463          14.31          48.00          68.50      3.3602493
   60.96% of job   1 of   1 completed.

number           kout          theta            phi      intensity
  1464          14.31          48.00          71.50      3.0815125
   61.00% of job   1 of   1 completed.

number           kout          theta            phi      intensity
  1465          14.31          48.00          74.50      2.7690961
   61.04% of job   1 of   1 completed.

number           kout          theta            phi      intensity
  1466          14.31          48.00          77.50      2.6044981
   61.08% of job   1 of   1 completed.

number           kout          theta            phi      intensity
  1467          14.31          48.00          80.50      2.8536727
   61.12% of job   1 of   1 completed.

number           kout          theta            phi      intensity
  1468          14.31          48.00          83.50      3.4724581
   61.17% of job   1 of   1 completed.

number           kout          theta            phi      intensity
  1469          14.31          48.00          86.50      3.3469687
   61.21% of job   1 of   1 completed.

number           kout          theta            phi      intensity
  1470          14.31          48.00          89.50      3.3470125
   61.25% of job   1 of   1 completed.

number           kout          theta            phi      intensity
  1471          14.31          48.00          92.50      3.3631656
   61.29% of job   1 of   1 completed.

number           kout          theta            phi      intensity
  1472          14.31          48.00          95.50      3.6133947
   61.33% of job   1 of   1 completed.

number           kout          theta            phi      intensity
  1473          14.31          48.00          98.50      3.2327340
   61.38% of job   1 of   1 completed.

number           kout          theta            phi      intensity
  1474          14.31          48.00         101.50      2.8880568
   61.42% of job   1 of   1 completed.

number           kout          theta            phi      intensity
  1475          14.31          48.00         104.50      2.9548481
   61.46% of job   1 of   1 completed.

number           kout          theta            phi      intensity
  1476          14.31          48.00         107.50      3.2502213
   61.50% of job   1 of   1 completed.

number           kout          theta            phi      intensity
  1477          14.31          48.00         110.50      3.5398958
   61.54% of job   1 of   1 completed.

number           kout          theta            phi      intensity
  1478          14.31          48.00         113.50      3.5806081
   61.58% of job   1 of   1 completed.

number           kout          theta            phi      intensity
  1479          14.31          48.00         116.50      3.6637852
   61.62% of job   1 of   1 completed.

number           kout          theta            phi      intensity
  1480          14.31          48.00         119.50      3.4837952
   61.67% of job   1 of   1 completed.

number           kout          theta            phi      intensity
  1481          14.31          48.00         122.50      3.0370617
   61.71% of job   1 of   1 completed.

number           kout          theta            phi      intensity
  1482          14.31          48.00         125.50      3.1164424
   61.75% of job   1 of   1 completed.

number           kout          theta            phi      intensity
  1483          14.31          48.00         128.50      3.8827190
   61.79% of job   1 of   1 completed.

number           kout          theta            phi      intensity
  1484          14.31          48.00         131.50      4.9619961
   61.83% of job   1 of   1 completed.

number           kout          theta            phi      intensity
  1485          14.31          48.00         134.50      5.5896645
   61.88% of job   1 of   1 completed.

number           kout          theta            phi      intensity
  1486          14.31          48.00         137.50      5.2393484
   61.92% of job   1 of   1 completed.

number           kout          theta            phi      intensity
  1487          14.31          48.00         140.50      4.2207780
   61.96% of job   1 of   1 completed.

number           kout          theta            phi      intensity
  1488          14.31          48.00         143.50      3.4735107
   62.00% of job   1 of   1 completed.

number           kout          theta            phi      intensity
  1489          14.31          48.00         146.50      3.4661274
   62.04% of job   1 of   1 completed.

number           kout          theta            phi      intensity
  1490          14.31          48.00         149.50      3.8806155
   62.08% of job   1 of   1 completed.

number           kout          theta            phi      intensity
  1491          14.31          48.00         152.50      3.9904354
   62.12% of job   1 of   1 completed.

number           kout          theta            phi      intensity
  1492          14.31          48.00         155.50      3.8557723
   62.17% of job   1 of   1 completed.

number           kout          theta            phi      intensity
  1493          14.31          48.00         158.50      3.5420988
   62.21% of job   1 of   1 completed.

number           kout          theta            phi      intensity
  1494          14.31          48.00         161.50      3.3132391
   62.25% of job   1 of   1 completed.

number           kout          theta            phi      intensity
  1495          14.31          48.00         164.50      3.1023190
   62.29% of job   1 of   1 completed.

number           kout          theta            phi      intensity
  1496          14.31          48.00         167.50      3.0216978
   62.33% of job   1 of   1 completed.

number           kout          theta            phi      intensity
  1497          14.31          48.00         170.50      3.3519280
   62.38% of job   1 of   1 completed.

number           kout          theta            phi      intensity
  1498          14.31          48.00         173.50      3.6146603
   62.42% of job   1 of   1 completed.

number           kout          theta            phi      intensity
  1499          14.31          48.00         176.50      3.1851757
   62.46% of job   1 of   1 completed.

number           kout          theta            phi      intensity
  1500          14.31          48.00         179.50      2.8705113
   62.50% of job   1 of   1 completed.

number           kout          theta            phi      intensity
  1501          14.31          48.00         182.50      2.9505548
   62.54% of job   1 of   1 completed.

number           kout          theta            phi      intensity
  1502          14.31          48.00         185.50      3.3727710
   62.58% of job   1 of   1 completed.

number           kout          theta            phi      intensity
  1503          14.31          48.00         188.50      3.5687380
   62.62% of job   1 of   1 completed.

number           kout          theta            phi      intensity
  1504          14.31          48.00         191.50      3.2663314
   62.67% of job   1 of   1 completed.

number           kout          theta            phi      intensity
  1505          14.31          48.00         194.50      3.1722546
   62.71% of job   1 of   1 completed.

number           kout          theta            phi      intensity
  1506          14.31          48.00         197.50      3.2264750
   62.75% of job   1 of   1 completed.

number           kout          theta            phi      intensity
  1507          14.31          48.00         200.50      3.4212263
   62.79% of job   1 of   1 completed.

number           kout          theta            phi      intensity
  1508          14.31          48.00         203.50      3.6433897
   62.83% of job   1 of   1 completed.

number           kout          theta            phi      intensity
  1509          14.31          48.00         206.50      3.9708748
   62.88% of job   1 of   1 completed.

number           kout          theta            phi      intensity
  1510          14.31          48.00         209.50      4.0578542
   62.92% of job   1 of   1 completed.

number           kout          theta            phi      intensity
  1511          14.31          48.00         212.50      3.7052050
   62.96% of job   1 of   1 completed.

number           kout          theta            phi      intensity
  1512          14.31          48.00         215.50      3.5075951
   63.00% of job   1 of   1 completed.

number           kout          theta            phi      intensity
  1513          14.31          48.00         218.50      4.3124013
   63.04% of job   1 of   1 completed.

number           kout          theta            phi      intensity
  1514          14.31          48.00         221.50      5.4894428
   63.08% of job   1 of   1 completed.

number           kout          theta            phi      intensity
  1515          14.31          48.00         224.50      6.1784472
   63.12% of job   1 of   1 completed.

number           kout          theta            phi      intensity
  1516          14.31          48.00         227.50      5.9590054
   63.17% of job   1 of   1 completed.

number           kout          theta            phi      intensity
  1517          14.31          48.00         230.50      4.8010030
   63.21% of job   1 of   1 completed.

number           kout          theta            phi      intensity
  1518          14.31          48.00         233.50      3.5805805
   63.25% of job   1 of   1 completed.

number           kout          theta            phi      intensity
  1519          14.31          48.00         236.50      3.1650560
   63.29% of job   1 of   1 completed.

number           kout          theta            phi      intensity
  1520          14.31          48.00         239.50      3.4468889
   63.33% of job   1 of   1 completed.

number           kout          theta            phi      intensity
  1521          14.31          48.00         242.50      3.6157396
   63.38% of job   1 of   1 completed.

number           kout          theta            phi      intensity
  1522          14.31          48.00         245.50      3.6498880
   63.42% of job   1 of   1 completed.

number           kout          theta            phi      intensity
  1523          14.31          48.00         248.50      3.5131452
   63.46% of job   1 of   1 completed.

number           kout          theta            phi      intensity
  1524          14.31          48.00         251.50      3.3170483
   63.50% of job   1 of   1 completed.

number           kout          theta            phi      intensity
  1525          14.31          48.00         254.50      2.9384413
   63.54% of job   1 of   1 completed.

number           kout          theta            phi      intensity
  1526          14.31          48.00         257.50      2.8609965
   63.58% of job   1 of   1 completed.

number           kout          theta            phi      intensity
  1527          14.31          48.00         260.50      3.0620172
   63.62% of job   1 of   1 completed.

number           kout          theta            phi      intensity
  1528          14.31          48.00         263.50      3.5555079
   63.67% of job   1 of   1 completed.

number           kout          theta            phi      intensity
  1529          14.31          48.00         266.50      3.4396820
   63.71% of job   1 of   1 completed.

number           kout          theta            phi      intensity
  1530          14.31          48.00         269.50      3.3869019
   63.75% of job   1 of   1 completed.

number           kout          theta            phi      intensity
  1531          14.31          48.00         272.50      3.3883264
   63.79% of job   1 of   1 completed.

number           kout          theta            phi      intensity
  1532          14.31          48.00         275.50      3.6003478
   63.83% of job   1 of   1 completed.

number           kout          theta            phi      intensity
  1533          14.31          48.00         278.50      3.1502206
   63.88% of job   1 of   1 completed.

number           kout          theta            phi      intensity
  1534          14.31          48.00         281.50      2.6375234
   63.92% of job   1 of   1 completed.

number           kout          theta            phi      intensity
  1535          14.31          48.00         284.50      2.7116859
   63.96% of job   1 of   1 completed.

number           kout          theta            phi      intensity
  1536          14.31          48.00         287.50      2.9296386
   64.00% of job   1 of   1 completed.

number           kout          theta            phi      intensity
  1537          14.31          48.00         290.50      3.2781649
   64.04% of job   1 of   1 completed.

number           kout          theta            phi      intensity
  1538          14.31          48.00         293.50      3.4348829
   64.08% of job   1 of   1 completed.

number           kout          theta            phi      intensity
  1539          14.31          48.00         296.50      3.7296875
   64.12% of job   1 of   1 completed.

number           kout          theta            phi      intensity
  1540          14.31          48.00         299.50      4.3303933
   64.17% of job   1 of   1 completed.

number           kout          theta            phi      intensity
  1541          14.31          48.00         302.50      4.6649442
   64.21% of job   1 of   1 completed.

number           kout          theta            phi      intensity
  1542          14.31          48.00         305.50      4.6943088
   64.25% of job   1 of   1 completed.

number           kout          theta            phi      intensity
  1543          14.31          48.00         308.50      4.9714198
   64.29% of job   1 of   1 completed.

number           kout          theta            phi      intensity
  1544          14.31          48.00         311.50      5.8833842
   64.33% of job   1 of   1 completed.

number           kout          theta            phi      intensity
  1545          14.31          48.00         314.50      6.6983809
   64.38% of job   1 of   1 completed.

number           kout          theta            phi      intensity
  1546          14.31          48.00         317.50      6.5034714
   64.42% of job   1 of   1 completed.

number           kout          theta            phi      intensity
  1547          14.31          48.00         320.50      5.2818594
   64.46% of job   1 of   1 completed.

number           kout          theta            phi      intensity
  1548          14.31          48.00         323.50      4.4447722
   64.50% of job   1 of   1 completed.

number           kout          theta            phi      intensity
  1549          14.31          48.00         326.50      4.1961150
   64.54% of job   1 of   1 completed.

number           kout          theta            phi      intensity
  1550          14.31          48.00         329.50      3.9764798
   64.58% of job   1 of   1 completed.

number           kout          theta            phi      intensity
  1551          14.31          48.00         332.50      3.6509981
   64.62% of job   1 of   1 completed.

number           kout          theta            phi      intensity
  1552          14.31          48.00         335.50      3.2225053
   64.67% of job   1 of   1 completed.

number           kout          theta            phi      intensity
  1553          14.31          48.00         338.50      3.3155301
   64.71% of job   1 of   1 completed.

number           kout          theta            phi      intensity
  1554          14.31          48.00         341.50      3.6722584
   64.75% of job   1 of   1 completed.

number           kout          theta            phi      intensity
  1555          14.31          48.00         344.50      3.4952438
   64.79% of job   1 of   1 completed.

number           kout          theta            phi      intensity
  1556          14.31          48.00         347.50      3.2023058
   64.83% of job   1 of   1 completed.

number           kout          theta            phi      intensity
  1557          14.31          48.00         350.50      3.3659706
   64.88% of job   1 of   1 completed.

number           kout          theta            phi      intensity
  1558          14.31          48.00         353.50      3.5162659
   64.92% of job   1 of   1 completed.

number           kout          theta            phi      intensity
  1559          14.31          48.00         356.50      3.1103761
   64.96% of job   1 of   1 completed.

number           kout          theta            phi      intensity
  1560          14.31          48.00         359.50      2.9762704
   65.00% of job   1 of   1 completed.

number           kout          theta            phi      intensity
  1561          14.31          51.00           2.50      2.4255879
   65.04% of job   1 of   1 completed.

number           kout          theta            phi      intensity
  1562          14.31          51.00           5.50      2.6793272
   65.08% of job   1 of   1 completed.

number           kout          theta            phi      intensity
  1563          14.31          51.00           8.50      2.8626595
   65.12% of job   1 of   1 completed.

number           kout          theta            phi      intensity
  1564          14.31          51.00          11.50      2.9208152
   65.17% of job   1 of   1 completed.

number           kout          theta            phi      intensity
  1565          14.31          51.00          14.50      3.1262932
   65.21% of job   1 of   1 completed.

number           kout          theta            phi      intensity
  1566          14.31          51.00          17.50      3.0037034
   65.25% of job   1 of   1 completed.

number           kout          theta            phi      intensity
  1567          14.31          51.00          20.50      2.5267415
   65.29% of job   1 of   1 completed.

number           kout          theta            phi      intensity
  1568          14.31          51.00          23.50      2.1163971
   65.33% of job   1 of   1 completed.

number           kout          theta            phi      intensity
  1569          14.31          51.00          26.50      2.4184694
   65.38% of job   1 of   1 completed.

number           kout          theta            phi      intensity
  1570          14.31          51.00          29.50      3.0733860
   65.42% of job   1 of   1 completed.

number           kout          theta            phi      intensity
  1571          14.31          51.00          32.50      3.8110745
   65.46% of job   1 of   1 completed.

number           kout          theta            phi      intensity
  1572          14.31          51.00          35.50      4.8896461
   65.50% of job   1 of   1 completed.

number           kout          theta            phi      intensity
  1573          14.31          51.00          38.50      6.0286889
   65.54% of job   1 of   1 completed.

number           kout          theta            phi      intensity
  1574          14.31          51.00          41.50      7.8020730
   65.58% of job   1 of   1 completed.

number           kout          theta            phi      intensity
  1575          14.31          51.00          44.50      8.2909937
   65.62% of job   1 of   1 completed.

number           kout          theta            phi      intensity
  1576          14.31          51.00          47.50      7.1814065
   65.67% of job   1 of   1 completed.

number           kout          theta            phi      intensity
  1577          14.31          51.00          50.50      5.1768775
   65.71% of job   1 of   1 completed.

number           kout          theta            phi      intensity
  1578          14.31          51.00          53.50      3.8356688
   65.75% of job   1 of   1 completed.

number           kout          theta            phi      intensity
  1579          14.31          51.00          56.50      3.3351762
   65.79% of job   1 of   1 completed.

number           kout          theta            phi      intensity
  1580          14.31          51.00          59.50      3.0170393
   65.83% of job   1 of   1 completed.

number           kout          theta            phi      intensity
  1581          14.31          51.00          62.50      2.8910306
   65.88% of job   1 of   1 completed.

number           kout          theta            phi      intensity
  1582          14.31          51.00          65.50      2.7144659
   65.92% of job   1 of   1 completed.

number           kout          theta            phi      intensity
  1583          14.31          51.00          68.50      2.9989243
   65.96% of job   1 of   1 completed.

number           kout          theta            phi      intensity
  1584          14.31          51.00          71.50      3.3104095
   66.00% of job   1 of   1 completed.

number           kout          theta            phi      intensity
  1585          14.31          51.00          74.50      3.1095438
   66.04% of job   1 of   1 completed.

number           kout          theta            phi      intensity
  1586          14.31          51.00          77.50      2.6458538
   66.08% of job   1 of   1 completed.

number           kout          theta            phi      intensity
  1587          14.31          51.00          80.50      2.4253566
   66.12% of job   1 of   1 completed.

number           kout          theta            phi      intensity
  1588          14.31          51.00          83.50      2.4436309
   66.17% of job   1 of   1 completed.

number           kout          theta            phi      intensity
  1589          14.31          51.00          86.50      2.2825310
   66.21% of job   1 of   1 completed.

number           kout          theta            phi      intensity
  1590          14.31          51.00          89.50      2.3256795
   66.25% of job   1 of   1 completed.

number           kout          theta            phi      intensity
  1591          14.31          51.00          92.50      2.3728070
   66.29% of job   1 of   1 completed.

number           kout          theta            phi      intensity
  1592          14.31          51.00          95.50      2.5742080
   66.33% of job   1 of   1 completed.

number           kout          theta            phi      intensity
  1593          14.31          51.00          98.50      2.6397607
   66.38% of job   1 of   1 completed.

number           kout          theta            phi      intensity
  1594          14.31          51.00         101.50      2.6027429
   66.42% of job   1 of   1 completed.

number           kout          theta            phi      intensity
  1595          14.31          51.00         104.50      2.8306818
   66.46% of job   1 of   1 completed.

number           kout          theta            phi      intensity
  1596          14.31          51.00         107.50      3.1351969
   66.50% of job   1 of   1 completed.

number           kout          theta            phi      intensity
  1597          14.31          51.00         110.50      3.0895975
   66.54% of job   1 of   1 completed.

number           kout          theta            phi      intensity
  1598          14.31          51.00         113.50      2.8446534
   66.58% of job   1 of   1 completed.

number           kout          theta            phi      intensity
  1599          14.31          51.00         116.50      2.8393052
   66.62% of job   1 of   1 completed.

number           kout          theta            phi      intensity
  1600          14.31          51.00         119.50      2.6501307
   66.67% of job   1 of   1 completed.

number           kout          theta            phi      intensity
  1601          14.31          51.00         122.50      2.5053883
   66.71% of job   1 of   1 completed.

number           kout          theta            phi      intensity
  1602          14.31          51.00         125.50      2.9618876
   66.75% of job   1 of   1 completed.

number           kout          theta            phi      intensity
  1603          14.31          51.00         128.50      4.2428942
   66.79% of job   1 of   1 completed.

number           kout          theta            phi      intensity
  1604          14.31          51.00         131.50      5.9000478
   66.83% of job   1 of   1 completed.

number           kout          theta            phi      intensity
  1605          14.31          51.00         134.50      6.8793635
   66.88% of job   1 of   1 completed.

number           kout          theta            phi      intensity
  1606          14.31          51.00         137.50      6.2749352
   66.92% of job   1 of   1 completed.

number           kout          theta            phi      intensity
  1607          14.31          51.00         140.50      4.8920970
   66.96% of job   1 of   1 completed.

number           kout          theta            phi      intensity
  1608          14.31          51.00         143.50      3.6458988
   67.00% of job   1 of   1 completed.

number           kout          theta            phi      intensity
  1609          14.31          51.00         146.50      3.0035789
   67.04% of job   1 of   1 completed.

number           kout          theta            phi      intensity
  1610          14.31          51.00         149.50      2.8643939
   67.08% of job   1 of   1 completed.

number           kout          theta            phi      intensity
  1611          14.31          51.00         152.50      2.7898817
   67.12% of job   1 of   1 completed.

number           kout          theta            phi      intensity
  1612          14.31          51.00         155.50      2.5279963
   67.17% of job   1 of   1 completed.

number           kout          theta            phi      intensity
  1613          14.31          51.00         158.50      2.4668655
   67.21% of job   1 of   1 completed.

number           kout          theta            phi      intensity
  1614          14.31          51.00         161.50      2.8220518
   67.25% of job   1 of   1 completed.

number           kout          theta            phi      intensity
  1615          14.31          51.00         164.50      3.0485344
   67.29% of job   1 of   1 completed.

number           kout          theta            phi      intensity
  1616          14.31          51.00         167.50      3.0026381
   67.33% of job   1 of   1 completed.

number           kout          theta            phi      intensity
  1617          14.31          51.00         170.50      3.0185554
   67.38% of job   1 of   1 completed.

number           kout          theta            phi      intensity
  1618          14.31          51.00         173.50      2.7607224
   67.42% of job   1 of   1 completed.

number           kout          theta            phi      intensity
  1619          14.31          51.00         176.50      2.3429856
   67.46% of job   1 of   1 completed.

number           kout          theta            phi      intensity
  1620          14.31          51.00         179.50      2.2142327
   67.50% of job   1 of   1 completed.

number           kout          theta            phi      intensity
  1621          14.31          51.00         182.50      2.2847915
   67.54% of job   1 of   1 completed.

number           kout          theta            phi      intensity
  1622          14.31          51.00         185.50      2.6559260
   67.58% of job   1 of   1 completed.

number           kout          theta            phi      intensity
  1623          14.31          51.00         188.50      3.0771749
   67.62% of job   1 of   1 completed.

number           kout          theta            phi      intensity
  1624          14.31          51.00         191.50      3.1045215
   67.67% of job   1 of   1 completed.

number           kout          theta            phi      intensity
  1625          14.31          51.00         194.50      3.1672535
   67.71% of job   1 of   1 completed.

number           kout          theta            phi      intensity
  1626          14.31          51.00         197.50      2.9890196
   67.75% of job   1 of   1 completed.

number           kout          theta            phi      intensity
  1627          14.31          51.00         200.50      2.5960145
   67.79% of job   1 of   1 completed.

number           kout          theta            phi      intensity
  1628          14.31          51.00         203.50      2.3755078
   67.83% of job   1 of   1 completed.

number           kout          theta            phi      intensity
  1629          14.31          51.00         206.50      2.6004696
   67.88% of job   1 of   1 completed.

number           kout          theta            phi      intensity
  1630          14.31          51.00         209.50      3.0467522
   67.92% of job   1 of   1 completed.

number           kout          theta            phi      intensity
  1631          14.31          51.00         212.50      3.0738275
   67.96% of job   1 of   1 completed.

number           kout          theta            phi      intensity
  1632          14.31          51.00         215.50      3.6039219
   68.00% of job   1 of   1 completed.

number           kout          theta            phi      intensity
  1633          14.31          51.00         218.50      4.7769914
   68.04% of job   1 of   1 completed.

number           kout          theta            phi      intensity
  1634          14.31          51.00         221.50      6.7413898
   68.08% of job   1 of   1 completed.

number           kout          theta            phi      intensity
  1635          14.31          51.00         224.50      8.0162363
   68.12% of job   1 of   1 completed.

number           kout          theta            phi      intensity
  1636          14.31          51.00         227.50      7.6774898
   68.17% of job   1 of   1 completed.

number           kout          theta            phi      intensity
  1637          14.31          51.00         230.50      5.7803879
   68.21% of job   1 of   1 completed.

number           kout          theta            phi      intensity
  1638          14.31          51.00         233.50      3.8893278
   68.25% of job   1 of   1 completed.

number           kout          theta            phi      intensity
  1639          14.31          51.00         236.50      2.7067845
   68.29% of job   1 of   1 completed.

number           kout          theta            phi      intensity
  1640          14.31          51.00         239.50      2.4667420
   68.33% of job   1 of   1 completed.

number           kout          theta            phi      intensity
  1641          14.31          51.00         242.50      2.7844379
   68.38% of job   1 of   1 completed.

number           kout          theta            phi      intensity
  1642          14.31          51.00         245.50      2.7803838
   68.42% of job   1 of   1 completed.

number           kout          theta            phi      intensity
  1643          14.31          51.00         248.50      2.9427462
   68.46% of job   1 of   1 completed.

number           kout          theta            phi      intensity
  1644          14.31          51.00         251.50      3.1838408
   68.50% of job   1 of   1 completed.

number           kout          theta            phi      intensity
  1645          14.31          51.00         254.50      3.0068102
   68.54% of job   1 of   1 completed.

number           kout          theta            phi      intensity
  1646          14.31          51.00         257.50      2.6826963
   68.58% of job   1 of   1 completed.

number           kout          theta            phi      intensity
  1647          14.31          51.00         260.50      2.5654976
   68.62% of job   1 of   1 completed.

number           kout          theta            phi      intensity
  1648          14.31          51.00         263.50      2.5713041
   68.67% of job   1 of   1 completed.

number           kout          theta            phi      intensity
  1649          14.31          51.00         266.50      2.5658119
   68.71% of job   1 of   1 completed.

number           kout          theta            phi      intensity
  1650          14.31          51.00         269.50      2.4341581
   68.75% of job   1 of   1 completed.

number           kout          theta            phi      intensity
  1651          14.31          51.00         272.50      2.3341432
   68.79% of job   1 of   1 completed.

number           kout          theta            phi      intensity
  1652          14.31          51.00         275.50      2.4235399
   68.83% of job   1 of   1 completed.

number           kout          theta            phi      intensity
  1653          14.31          51.00         278.50      2.4875064
   68.88% of job   1 of   1 completed.

number           kout          theta            phi      intensity
  1654          14.31          51.00         281.50      2.6114862
   68.92% of job   1 of   1 completed.

number           kout          theta            phi      intensity
  1655          14.31          51.00         284.50      3.0103223
   68.96% of job   1 of   1 completed.

number           kout          theta            phi      intensity
  1656          14.31          51.00         287.50      3.1684225
   69.00% of job   1 of   1 completed.

number           kout          theta            phi      intensity
  1657          14.31          51.00         290.50      3.1992095
   69.04% of job   1 of   1 completed.

number           kout          theta            phi      intensity
  1658          14.31          51.00         293.50      2.6302354
   69.08% of job   1 of   1 completed.

number           kout          theta            phi      intensity
  1659          14.31          51.00         296.50      2.6817391
   69.12% of job   1 of   1 completed.

number           kout          theta            phi      intensity
  1660          14.31          51.00         299.50      3.2631664
   69.17% of job   1 of   1 completed.

number           kout          theta            phi      intensity
  1661          14.31          51.00         302.50      3.5485647
   69.21% of job   1 of   1 completed.

number           kout          theta            phi      intensity
  1662          14.31          51.00         305.50      3.9423084
   69.25% of job   1 of   1 completed.

number           kout          theta            phi      intensity
  1663          14.31          51.00         308.50      5.1125693
   69.29% of job   1 of   1 completed.

number           kout          theta            phi      intensity
  1664          14.31          51.00         311.50      6.9610405
   69.33% of job   1 of   1 completed.

number           kout          theta            phi      intensity
  1665          14.31          51.00         314.50      7.9502692
   69.38% of job   1 of   1 completed.

number           kout          theta            phi      intensity
  1666          14.31          51.00         317.50      7.3658757
   69.42% of job   1 of   1 completed.

number           kout          theta            phi      intensity
  1667          14.31          51.00         320.50      5.6777616
   69.46% of job   1 of   1 completed.

number           kout          theta            phi      intensity
  1668          14.31          51.00         323.50      4.2783809
   69.50% of job   1 of   1 completed.

number           kout          theta            phi      intensity
  1669          14.31          51.00         326.50      3.5157406
   69.54% of job   1 of   1 completed.

number           kout          theta            phi      intensity
  1670          14.31          51.00         329.50      3.1863987
   69.58% of job   1 of   1 completed.

number           kout          theta            phi      intensity
  1671          14.31          51.00         332.50      2.6714172
   69.62% of job   1 of   1 completed.

number           kout          theta            phi      intensity
  1672          14.31          51.00         335.50      2.1044834
   69.67% of job   1 of   1 completed.

number           kout          theta            phi      intensity
  1673          14.31          51.00         338.50      2.3102624
   69.71% of job   1 of   1 completed.

number           kout          theta            phi      intensity
  1674          14.31          51.00         341.50      2.9809315
   69.75% of job   1 of   1 completed.

number           kout          theta            phi      intensity
  1675          14.31          51.00         344.50      3.0631313
   69.79% of job   1 of   1 completed.

number           kout          theta            phi      intensity
  1676          14.31          51.00         347.50      2.7979534
   69.83% of job   1 of   1 completed.

number           kout          theta            phi      intensity
  1677          14.31          51.00         350.50      2.7541006
   69.88% of job   1 of   1 completed.

number           kout          theta            phi      intensity
  1678          14.31          51.00         353.50      2.5495307
   69.92% of job   1 of   1 completed.

number           kout          theta            phi      intensity
  1679          14.31          51.00         356.50      2.3404367
   69.96% of job   1 of   1 completed.

number           kout          theta            phi      intensity
  1680          14.31          51.00         359.50      2.3946548
   70.00% of job   1 of   1 completed.

number           kout          theta            phi      intensity
  1681          14.31          54.00           2.50      2.8088572
   70.04% of job   1 of   1 completed.

number           kout          theta            phi      intensity
  1682          14.31          54.00           5.50      2.6172471
   70.08% of job   1 of   1 completed.

number           kout          theta            phi      intensity
  1683          14.31          54.00           8.50      2.7250221
   70.12% of job   1 of   1 completed.

number           kout          theta            phi      intensity
  1684          14.31          54.00          11.50      2.6073897
   70.17% of job   1 of   1 completed.

number           kout          theta            phi      intensity
  1685          14.31          54.00          14.50      2.6338737
   70.21% of job   1 of   1 completed.

number           kout          theta            phi      intensity
  1686          14.31          54.00          17.50      2.3406370
   70.25% of job   1 of   1 completed.

number           kout          theta            phi      intensity
  1687          14.31          54.00          20.50      1.8710159
   70.29% of job   1 of   1 completed.

number           kout          theta            phi      intensity
  1688          14.31          54.00          23.50      1.5066437
   70.33% of job   1 of   1 completed.

number           kout          theta            phi      intensity
  1689          14.31          54.00          26.50      1.8224155
   70.38% of job   1 of   1 completed.

number           kout          theta            phi      intensity
  1690          14.31          54.00          29.50      2.5907471
   70.42% of job   1 of   1 completed.

number           kout          theta            phi      intensity
  1691          14.31          54.00          32.50      3.5670154
   70.46% of job   1 of   1 completed.

number           kout          theta            phi      intensity
  1692          14.31          54.00          35.50      4.1717277
   70.50% of job   1 of   1 completed.

number           kout          theta            phi      intensity
  1693          14.31          54.00          38.50      5.0609450
   70.54% of job   1 of   1 completed.

number           kout          theta            phi      intensity
  1694          14.31          54.00          41.50      6.2048898
   70.58% of job   1 of   1 completed.

number           kout          theta            phi      intensity
  1695          14.31          54.00          44.50      6.6081796
   70.62% of job   1 of   1 completed.

number           kout          theta            phi      intensity
  1696          14.31          54.00          47.50      5.7436252
   70.67% of job   1 of   1 completed.

number           kout          theta            phi      intensity
  1697          14.31          54.00          50.50      4.1532393
   70.71% of job   1 of   1 completed.

number           kout          theta            phi      intensity
  1698          14.31          54.00          53.50      3.1065052
   70.75% of job   1 of   1 completed.

number           kout          theta            phi      intensity
  1699          14.31          54.00          56.50      2.8893394
   70.79% of job   1 of   1 completed.

number           kout          theta            phi      intensity
  1700          14.31          54.00          59.50      2.6291549
   70.83% of job   1 of   1 completed.

number           kout          theta            phi      intensity
  1701          14.31          54.00          62.50      2.0983019
   70.88% of job   1 of   1 completed.

number           kout          theta            phi      intensity
  1702          14.31          54.00          65.50      1.8359960
   70.92% of job   1 of   1 completed.

number           kout          theta            phi      intensity
  1703          14.31          54.00          68.50      2.1569767
   70.96% of job   1 of   1 completed.

number           kout          theta            phi      intensity
  1704          14.31          54.00          71.50      2.6031384
   71.00% of job   1 of   1 completed.

number           kout          theta            phi      intensity
  1705          14.31          54.00          74.50      2.6537635
   71.04% of job   1 of   1 completed.

number           kout          theta            phi      intensity
  1706          14.31          54.00          77.50      2.3008404
   71.08% of job   1 of   1 completed.

number           kout          theta            phi      intensity
  1707          14.31          54.00          80.50      2.3662083
   71.12% of job   1 of   1 completed.

number           kout          theta            phi      intensity
  1708          14.31          54.00          83.50      2.4499543
   71.17% of job   1 of   1 completed.

number           kout          theta            phi      intensity
  1709          14.31          54.00          86.50      2.6516712
   71.21% of job   1 of   1 completed.

number           kout          theta            phi      intensity
  1710          14.31          54.00          89.50      2.9570274
   71.25% of job   1 of   1 completed.

number           kout          theta            phi      intensity
  1711          14.31          54.00          92.50      2.9182503
   71.29% of job   1 of   1 completed.

number           kout          theta            phi      intensity
  1712          14.31          54.00          95.50      2.7215424
   71.33% of job   1 of   1 completed.

number           kout          theta            phi      intensity
  1713          14.31          54.00          98.50      2.5580297
   71.38% of job   1 of   1 completed.

number           kout          theta            phi      intensity
  1714          14.31          54.00         101.50      2.3656023
   71.42% of job   1 of   1 completed.

number           kout          theta            phi      intensity
  1715          14.31          54.00         104.50      2.5287035
   71.46% of job   1 of   1 completed.

number           kout          theta            phi      intensity
  1716          14.31          54.00         107.50      2.6661508
   71.50% of job   1 of   1 completed.

number           kout          theta            phi      intensity
  1717          14.31          54.00         110.50      2.4964807
   71.54% of job   1 of   1 completed.

number           kout          theta            phi      intensity
  1718          14.31          54.00         113.50      2.1877787
   71.58% of job   1 of   1 completed.

number           kout          theta            phi      intensity
  1719          14.31          54.00         116.50      2.2683012
   71.62% of job   1 of   1 completed.

number           kout          theta            phi      intensity
  1720          14.31          54.00         119.50      2.1664956
   71.67% of job   1 of   1 completed.

number           kout          theta            phi      intensity
  1721          14.31          54.00         122.50      2.3451052
   71.71% of job   1 of   1 completed.

number           kout          theta            phi      intensity
  1722          14.31          54.00         125.50      2.8077183
   71.75% of job   1 of   1 completed.

number           kout          theta            phi      intensity
  1723          14.31          54.00         128.50      3.8773992
   71.79% of job   1 of   1 completed.

number           kout          theta            phi      intensity
  1724          14.31          54.00         131.50      5.2472415
   71.83% of job   1 of   1 completed.

number           kout          theta            phi      intensity
  1725          14.31          54.00         134.50      5.9635620
   71.88% of job   1 of   1 completed.

number           kout          theta            phi      intensity
  1726          14.31          54.00         137.50      5.6217256
   71.92% of job   1 of   1 completed.

number           kout          theta            phi      intensity
  1727          14.31          54.00         140.50      4.3850508
   71.96% of job   1 of   1 completed.

number           kout          theta            phi      intensity
  1728          14.31          54.00         143.50      3.4252596
   72.00% of job   1 of   1 completed.

number           kout          theta            phi      intensity
  1729          14.31          54.00         146.50      2.8444386
   72.04% of job   1 of   1 completed.

number           kout          theta            phi      intensity
  1730          14.31          54.00         149.50      2.5340593
   72.08% of job   1 of   1 completed.

number           kout          theta            phi      intensity
  1731          14.31          54.00         152.50      2.2270615
   72.12% of job   1 of   1 completed.

number           kout          theta            phi      intensity
  1732          14.31          54.00         155.50      1.7340649
   72.17% of job   1 of   1 completed.

number           kout          theta            phi      intensity
  1733          14.31          54.00         158.50      1.6227862
   72.21% of job   1 of   1 completed.

number           kout          theta            phi      intensity
  1734          14.31          54.00         161.50      1.9950961
   72.25% of job   1 of   1 completed.

number           kout          theta            phi      intensity
  1735          14.31          54.00         164.50      2.4021008
   72.29% of job   1 of   1 completed.

number           kout          theta            phi      intensity
  1736          14.31          54.00         167.50      2.5038636
   72.33% of job   1 of   1 completed.

number           kout          theta            phi      intensity
  1737          14.31          54.00         170.50      2.7138784
   72.38% of job   1 of   1 completed.

number           kout          theta            phi      intensity
  1738          14.31          54.00         173.50      2.7314041
   72.42% of job   1 of   1 completed.

number           kout          theta            phi      intensity
  1739          14.31          54.00         176.50      2.7588651
   72.46% of job   1 of   1 completed.

number           kout          theta            phi      intensity
  1740          14.31          54.00         179.50      2.9560003
   72.50% of job   1 of   1 completed.

number           kout          theta            phi      intensity
  1741          14.31          54.00         182.50      2.8441875
   72.54% of job   1 of   1 completed.

number           kout          theta            phi      intensity
  1742          14.31          54.00         185.50      2.6537352
   72.58% of job   1 of   1 completed.

number           kout          theta            phi      intensity
  1743          14.31          54.00         188.50      2.8203971
   72.62% of job   1 of   1 completed.

number           kout          theta            phi      intensity
  1744          14.31          54.00         191.50      2.5852990
   72.67% of job   1 of   1 completed.

number           kout          theta            phi      intensity
  1745          14.31          54.00         194.50      2.5824888
   72.71% of job   1 of   1 completed.

number           kout          theta            phi      intensity
  1746          14.31          54.00         197.50      2.1924710
   72.75% of job   1 of   1 completed.

number           kout          theta            phi      intensity
  1747          14.31          54.00         200.50      1.7445592
   72.79% of job   1 of   1 completed.

number           kout          theta            phi      intensity
  1748          14.31          54.00         203.50      1.6287955
   72.83% of job   1 of   1 completed.

number           kout          theta            phi      intensity
  1749          14.31          54.00         206.50      1.9955992
   72.88% of job   1 of   1 completed.

number           kout          theta            phi      intensity
  1750          14.31          54.00         209.50      2.4893272
   72.92% of job   1 of   1 completed.

number           kout          theta            phi      intensity
  1751          14.31          54.00         212.50      2.8987401
   72.96% of job   1 of   1 completed.

number           kout          theta            phi      intensity
  1752          14.31          54.00         215.50      3.4956973
   73.00% of job   1 of   1 completed.

number           kout          theta            phi      intensity
  1753          14.31          54.00         218.50      4.5522342
   73.04% of job   1 of   1 completed.

number           kout          theta            phi      intensity
  1754          14.31          54.00         221.50      6.2669377
   73.08% of job   1 of   1 completed.

number           kout          theta            phi      intensity
  1755          14.31          54.00         224.50      7.2852960
   73.12% of job   1 of   1 completed.

number           kout          theta            phi      intensity
  1756          14.31          54.00         227.50      7.0294857
   73.17% of job   1 of   1 completed.

number           kout          theta            phi      intensity
  1757          14.31          54.00         230.50      5.1591611
   73.21% of job   1 of   1 completed.

number           kout          theta            phi      intensity
  1758          14.31          54.00         233.50      3.4946249
   73.25% of job   1 of   1 completed.

number           kout          theta            phi      intensity
  1759          14.31          54.00         236.50      2.5682507
   73.29% of job   1 of   1 completed.

number           kout          theta            phi      intensity
  1760          14.31          54.00         239.50      2.3350241
   73.33% of job   1 of   1 completed.

number           kout          theta            phi      intensity
  1761          14.31          54.00         242.50      2.3377335
   73.38% of job   1 of   1 completed.

number           kout          theta            phi      intensity
  1762          14.31          54.00         245.50      2.1538827
   73.42% of job   1 of   1 completed.

number           kout          theta            phi      intensity
  1763          14.31          54.00         248.50      2.3141916
   73.46% of job   1 of   1 completed.

number           kout          theta            phi      intensity
  1764          14.31          54.00         251.50      2.6270325
   73.50% of job   1 of   1 completed.

number           kout          theta            phi      intensity
  1765          14.31          54.00         254.50      2.7372568
   73.54% of job   1 of   1 completed.

number           kout          theta            phi      intensity
  1766          14.31          54.00         257.50      2.4803207
   73.58% of job   1 of   1 completed.

number           kout          theta            phi      intensity
  1767          14.31          54.00         260.50      2.5328424
   73.62% of job   1 of   1 completed.

number           kout          theta            phi      intensity
  1768          14.31          54.00         263.50      2.6766901
   73.67% of job   1 of   1 completed.

number           kout          theta            phi      intensity
  1769          14.31          54.00         266.50      2.8231046
   73.71% of job   1 of   1 completed.

number           kout          theta            phi      intensity
  1770          14.31          54.00         269.50      3.0204203
   73.75% of job   1 of   1 completed.

number           kout          theta            phi      intensity
  1771          14.31          54.00         272.50      2.8171444
   73.79% of job   1 of   1 completed.

number           kout          theta            phi      intensity
  1772          14.31          54.00         275.50      2.5540502
   73.83% of job   1 of   1 completed.

number           kout          theta            phi      intensity
  1773          14.31          54.00         278.50      2.4024765
   73.88% of job   1 of   1 completed.

number           kout          theta            phi      intensity
  1774          14.31          54.00         281.50      2.3565955
   73.92% of job   1 of   1 completed.

number           kout          theta            phi      intensity
  1775          14.31          54.00         284.50      2.6105027
   73.96% of job   1 of   1 completed.

number           kout          theta            phi      intensity
  1776          14.31          54.00         287.50      2.5527372
   74.00% of job   1 of   1 completed.

number           kout          theta            phi      intensity
  1777          14.31          54.00         290.50      2.2704120
   74.04% of job   1 of   1 completed.

number           kout          theta            phi      intensity
  1778          14.31          54.00         293.50      1.7737799
   74.08% of job   1 of   1 completed.

number           kout          theta            phi      intensity
  1779          14.31          54.00         296.50      1.9168860
   74.12% of job   1 of   1 completed.

number           kout          theta            phi      intensity
  1780          14.31          54.00         299.50      2.3142476
   74.17% of job   1 of   1 completed.

number           kout          theta            phi      intensity
  1781          14.31          54.00         302.50      2.6149676
   74.21% of job   1 of   1 completed.

number           kout          theta            phi      intensity
  1782          14.31          54.00         305.50      3.3301516
   74.25% of job   1 of   1 completed.

number           kout          theta            phi      intensity
  1783          14.31          54.00         308.50      4.6307993
   74.29% of job   1 of   1 completed.

number           kout          theta            phi      intensity
  1784          14.31          54.00         311.50      6.0003700
   74.33% of job   1 of   1 completed.

number           kout          theta            phi      intensity
  1785          14.31          54.00         314.50      6.5041924
   74.38% of job   1 of   1 completed.

number           kout          theta            phi      intensity
  1786          14.31          54.00         317.50      6.2238598
   74.42% of job   1 of   1 completed.

number           kout          theta            phi      intensity
  1787          14.31          54.00         320.50      4.9572320
   74.46% of job   1 of   1 completed.

number           kout          theta            phi      intensity
  1788          14.31          54.00         323.50      3.7715778
   74.50% of job   1 of   1 completed.

number           kout          theta            phi      intensity
  1789          14.31          54.00         326.50      3.0418932
   74.54% of job   1 of   1 completed.

number           kout          theta            phi      intensity
  1790          14.31          54.00         329.50      2.8758926
   74.58% of job   1 of   1 completed.

number           kout          theta            phi      intensity
  1791          14.31          54.00         332.50      2.2442160
   74.62% of job   1 of   1 completed.

number           kout          theta            phi      intensity
  1792          14.31          54.00         335.50      1.5292255
   74.67% of job   1 of   1 completed.

number           kout          theta            phi      intensity
  1793          14.31          54.00         338.50      1.6249281
   74.71% of job   1 of   1 completed.

number           kout          theta            phi      intensity
  1794          14.31          54.00         341.50      2.2062504
   74.75% of job   1 of   1 completed.

number           kout          theta            phi      intensity
  1795          14.31          54.00         344.50      2.5221982
   74.79% of job   1 of   1 completed.

number           kout          theta            phi      intensity
  1796          14.31          54.00         347.50      2.5084395
   74.83% of job   1 of   1 completed.

number           kout          theta            phi      intensity
  1797          14.31          54.00         350.50      2.5947816
   74.88% of job   1 of   1 completed.

number           kout          theta            phi      intensity
  1798          14.31          54.00         353.50      2.5656831
   74.92% of job   1 of   1 completed.

number           kout          theta            phi      intensity
  1799          14.31          54.00         356.50      2.7100170
   74.96% of job   1 of   1 completed.

number           kout          theta            phi      intensity
  1800          14.31          54.00         359.50      2.9883051
   75.00% of job   1 of   1 completed.

number           kout          theta            phi      intensity
  1801          14.31          57.00           2.50      3.3465834
   75.04% of job   1 of   1 completed.

number           kout          theta            phi      intensity
  1802          14.31          57.00           5.50      2.8977268
   75.08% of job   1 of   1 completed.

number           kout          theta            phi      intensity
  1803          14.31          57.00           8.50      2.6230092
   75.12% of job   1 of   1 completed.

number           kout          theta            phi      intensity
  1804          14.31          57.00          11.50      2.3176274
   75.17% of job   1 of   1 completed.

number           kout          theta            phi      intensity
  1805          14.31          57.00          14.50      2.3042095
   75.21% of job   1 of   1 completed.

number           kout          theta            phi      intensity
  1806          14.31          57.00          17.50      2.2326276
   75.25% of job   1 of   1 completed.

number           kout          theta            phi      intensity
  1807          14.31          57.00          20.50      2.0517030
   75.29% of job   1 of   1 completed.

number           kout          theta            phi      intensity
  1808          14.31          57.00          23.50      1.9433026
   75.33% of job   1 of   1 completed.

number           kout          theta            phi      intensity
  1809          14.31          57.00          26.50      2.0954912
   75.38% of job   1 of   1 completed.

number           kout          theta            phi      intensity
  1810          14.31          57.00          29.50      2.7299700
   75.42% of job   1 of   1 completed.

number           kout          theta            phi      intensity
  1811          14.31          57.00          32.50      3.5240021
   75.46% of job   1 of   1 completed.

number           kout          theta            phi      intensity
  1812          14.31          57.00          35.50      3.7714093
   75.50% of job   1 of   1 completed.

number           kout          theta            phi      intensity
  1813          14.31          57.00          38.50      3.7965727
   75.54% of job   1 of   1 completed.

number           kout          theta            phi      intensity
  1814          14.31          57.00          41.50      3.9325035
   75.58% of job   1 of   1 completed.

number           kout          theta            phi      intensity
  1815          14.31          57.00          44.50      3.9852712
   75.62% of job   1 of   1 completed.

number           kout          theta            phi      intensity
  1816          14.31          57.00          47.50      3.5298862
   75.67% of job   1 of   1 completed.

number           kout          theta            phi      intensity
  1817          14.31          57.00          50.50      2.8415108
   75.71% of job   1 of   1 completed.

number           kout          theta            phi      intensity
  1818          14.31          57.00          53.50      2.7091825
   75.75% of job   1 of   1 completed.

number           kout          theta            phi      intensity
  1819          14.31          57.00          56.50      3.1934702
   75.79% of job   1 of   1 completed.

number           kout          theta            phi      intensity
  1820          14.31          57.00          59.50      2.8668499
   75.83% of job   1 of   1 completed.

number           kout          theta            phi      intensity
  1821          14.31          57.00          62.50      1.8419288
   75.88% of job   1 of   1 completed.

number           kout          theta            phi      intensity
  1822          14.31          57.00          65.50      1.5469664
   75.92% of job   1 of   1 completed.

number           kout          theta            phi      intensity
  1823          14.31          57.00          68.50      1.7425340
   75.96% of job   1 of   1 completed.

number           kout          theta            phi      intensity
  1824          14.31          57.00          71.50      2.0078890
   76.00% of job   1 of   1 completed.

number           kout          theta            phi      intensity
  1825          14.31          57.00          74.50      2.2731826
   76.04% of job   1 of   1 completed.

number           kout          theta            phi      intensity
  1826          14.31          57.00          77.50      2.1501484
   76.08% of job   1 of   1 completed.

number           kout          theta            phi      intensity
  1827          14.31          57.00          80.50      2.2924645
   76.12% of job   1 of   1 completed.

number           kout          theta            phi      intensity
  1828          14.31          57.00          83.50      2.6893740
   76.17% of job   1 of   1 completed.

number           kout          theta            phi      intensity
  1829          14.31          57.00          86.50      3.1470211
   76.21% of job   1 of   1 completed.

number           kout          theta            phi      intensity
  1830          14.31          57.00          89.50      3.5936606
   76.25% of job   1 of   1 completed.

number           kout          theta            phi      intensity
  1831          14.31          57.00          92.50      3.6367819
   76.29% of job   1 of   1 completed.

number           kout          theta            phi      intensity
  1832          14.31          57.00          95.50      3.2931936
   76.33% of job   1 of   1 completed.

number           kout          theta            phi      intensity
  1833          14.31          57.00          98.50      2.8208599
   76.38% of job   1 of   1 completed.

number           kout          theta            phi      intensity
  1834          14.31          57.00         101.50      2.3866775
   76.42% of job   1 of   1 completed.

number           kout          theta            phi      intensity
  1835          14.31          57.00         104.50      2.3925765
   76.46% of job   1 of   1 completed.

number           kout          theta            phi      intensity
  1836          14.31          57.00         107.50      2.2942579
   76.50% of job   1 of   1 completed.

number           kout          theta            phi      intensity
  1837          14.31          57.00         110.50      2.2189229
   76.54% of job   1 of   1 completed.

number           kout          theta            phi      intensity
  1838          14.31          57.00         113.50      2.1304855
   76.58% of job   1 of   1 completed.

number           kout          theta            phi      intensity
  1839          14.31          57.00         116.50      2.1892092
   76.62% of job   1 of   1 completed.

number           kout          theta            phi      intensity
  1840          14.31          57.00         119.50      2.7251308
   76.67% of job   1 of   1 completed.

number           kout          theta            phi      intensity
  1841          14.31          57.00         122.50      2.8456495
   76.71% of job   1 of   1 completed.

number           kout          theta            phi      intensity
  1842          14.31          57.00         125.50      2.7681170
   76.75% of job   1 of   1 completed.

number           kout          theta            phi      intensity
  1843          14.31          57.00         128.50      3.1332004
   76.79% of job   1 of   1 completed.

number           kout          theta            phi      intensity
  1844          14.31          57.00         131.50      3.7193060
   76.83% of job   1 of   1 completed.

number           kout          theta            phi      intensity
  1845          14.31          57.00         134.50      3.9697998
   76.88% of job   1 of   1 completed.

number           kout          theta            phi      intensity
  1846          14.31          57.00         137.50      3.8965604
   76.92% of job   1 of   1 completed.

number           kout          theta            phi      intensity
  1847          14.31          57.00         140.50      3.4379828
   76.96% of job   1 of   1 completed.

number           kout          theta            phi      intensity
  1848          14.31          57.00         143.50      3.2448149
   77.00% of job   1 of   1 completed.

number           kout          theta            phi      intensity
  1849          14.31          57.00         146.50      3.3497169
   77.04% of job   1 of   1 completed.

number           kout          theta            phi      intensity
  1850          14.31          57.00         149.50      3.0620224
   77.08% of job   1 of   1 completed.

number           kout          theta            phi      intensity
  1851          14.31          57.00         152.50      2.2815528
   77.12% of job   1 of   1 completed.

number           kout          theta            phi      intensity
  1852          14.31          57.00         155.50      1.7608813
   77.17% of job   1 of   1 completed.

number           kout          theta            phi      intensity
  1853          14.31          57.00         158.50      1.6882439
   77.21% of job   1 of   1 completed.

number           kout          theta            phi      intensity
  1854          14.31          57.00         161.50      1.8710972
   77.25% of job   1 of   1 completed.

number           kout          theta            phi      intensity
  1855          14.31          57.00         164.50      2.1137397
   77.29% of job   1 of   1 completed.

number           kout          theta            phi      intensity
  1856          14.31          57.00         167.50      2.2258961
   77.33% of job   1 of   1 completed.

number           kout          theta            phi      intensity
  1857          14.31          57.00         170.50      2.4720836
   77.38% of job   1 of   1 completed.

number           kout          theta            phi      intensity
  1858          14.31          57.00         173.50      2.8523827
   77.42% of job   1 of   1 completed.

number           kout          theta            phi      intensity
  1859          14.31          57.00         176.50      3.3789032
   77.46% of job   1 of   1 completed.

number           kout          theta            phi      intensity
  1860          14.31          57.00         179.50      3.8367326
   77.50% of job   1 of   1 completed.

number           kout          theta            phi      intensity
  1861          14.31          57.00         182.50      3.4780571
   77.54% of job   1 of   1 completed.

number           kout          theta            phi      intensity
  1862          14.31          57.00         185.50      2.9479570
   77.58% of job   1 of   1 completed.

number           kout          theta            phi      intensity
  1863          14.31          57.00         188.50      2.5331178
   77.62% of job   1 of   1 completed.

number           kout          theta            phi      intensity
  1864          14.31          57.00         191.50      2.1902668
   77.67% of job   1 of   1 completed.

number           kout          theta            phi      intensity
  1865          14.31          57.00         194.50      2.1910031
   77.71% of job   1 of   1 completed.

number           kout          theta            phi      intensity
  1866          14.31          57.00         197.50      1.8859128
   77.75% of job   1 of   1 completed.

number           kout          theta            phi      intensity
  1867          14.31          57.00         200.50      1.6697568
   77.79% of job   1 of   1 completed.

number           kout          theta            phi      intensity
  1868          14.31          57.00         203.50      1.7347621
   77.83% of job   1 of   1 completed.

number           kout          theta            phi      intensity
  1869          14.31          57.00         206.50      2.0314291
   77.88% of job   1 of   1 completed.

number           kout          theta            phi      intensity
  1870          14.31          57.00         209.50      2.6972945
   77.92% of job   1 of   1 completed.

number           kout          theta            phi      intensity
  1871          14.31          57.00         212.50      3.2868302
   77.96% of job   1 of   1 completed.

number           kout          theta            phi      intensity
  1872          14.31          57.00         215.50      3.3813963
   78.00% of job   1 of   1 completed.

number           kout          theta            phi      intensity
  1873          14.31          57.00         218.50      3.4789050
   78.04% of job   1 of   1 completed.

number           kout          theta            phi      intensity
  1874          14.31          57.00         221.50      4.5043702
   78.08% of job   1 of   1 completed.

number           kout          theta            phi      intensity
  1875          14.31          57.00         224.50      4.8874283
   78.12% of job   1 of   1 completed.

number           kout          theta            phi      intensity
  1876          14.31          57.00         227.50      4.7414412
   78.17% of job   1 of   1 completed.

number           kout          theta            phi      intensity
  1877          14.31          57.00         230.50      3.7962921
   78.21% of job   1 of   1 completed.

number           kout          theta            phi      intensity
  1878          14.31          57.00         233.50      2.9221947
   78.25% of job   1 of   1 completed.

number           kout          theta            phi      intensity
  1879          14.31          57.00         236.50      2.8453140
   78.29% of job   1 of   1 completed.

number           kout          theta            phi      intensity
  1880          14.31          57.00         239.50      2.8520839
   78.33% of job   1 of   1 completed.

number           kout          theta            phi      intensity
  1881          14.31          57.00         242.50      2.4220235
   78.38% of job   1 of   1 completed.

number           kout          theta            phi      intensity
  1882          14.31          57.00         245.50      2.0558255
   78.42% of job   1 of   1 completed.

number           kout          theta            phi      intensity
  1883          14.31          57.00         248.50      2.1459472
   78.46% of job   1 of   1 completed.

number           kout          theta            phi      intensity
  1884          14.31          57.00         251.50      2.2386730
   78.50% of job   1 of   1 completed.

number           kout          theta            phi      intensity
  1885          14.31          57.00         254.50      2.3392513
   78.54% of job   1 of   1 completed.

number           kout          theta            phi      intensity
  1886          14.31          57.00         257.50      2.3616989
   78.58% of job   1 of   1 completed.

number           kout          theta            phi      intensity
  1887          14.31          57.00         260.50      2.6468186
   78.62% of job   1 of   1 completed.

number           kout          theta            phi      intensity
  1888          14.31          57.00         263.50      3.0546072
   78.67% of job   1 of   1 completed.

number           kout          theta            phi      intensity
  1889          14.31          57.00         266.50      3.4302561
   78.71% of job   1 of   1 completed.

number           kout          theta            phi      intensity
  1890          14.31          57.00         269.50      3.6173134
   78.75% of job   1 of   1 completed.

number           kout          theta            phi      intensity
  1891          14.31          57.00         272.50      3.3413494
   78.79% of job   1 of   1 completed.

number           kout          theta            phi      intensity
  1892          14.31          57.00         275.50      2.9457283
   78.83% of job   1 of   1 completed.

number           kout          theta            phi      intensity
  1893          14.31          57.00         278.50      2.4779603
   78.88% of job   1 of   1 completed.

number           kout          theta            phi      intensity
  1894          14.31          57.00         281.50      2.1645434
   78.92% of job   1 of   1 completed.

number           kout          theta            phi      intensity
  1895          14.31          57.00         284.50      2.1774831
   78.96% of job   1 of   1 completed.

number           kout          theta            phi      intensity
  1896          14.31          57.00         287.50      2.0215266
   79.00% of job   1 of   1 completed.

number           kout          theta            phi      intensity
  1897          14.31          57.00         290.50      1.8010057
   79.04% of job   1 of   1 completed.

number           kout          theta            phi      intensity
  1898          14.31          57.00         293.50      1.7293361
   79.08% of job   1 of   1 completed.

number           kout          theta            phi      intensity
  1899          14.31          57.00         296.50      1.8484645
   79.12% of job   1 of   1 completed.

number           kout          theta            phi      intensity
  1900          14.31          57.00         299.50      2.4885437
   79.17% of job   1 of   1 completed.

number           kout          theta            phi      intensity
  1901          14.31          57.00         302.50      2.8351374
   79.21% of job   1 of   1 completed.

number           kout          theta            phi      intensity
  1902          14.31          57.00         305.50      2.9280863
   79.25% of job   1 of   1 completed.

number           kout          theta            phi      intensity
  1903          14.31          57.00         308.50      3.3045247
   79.29% of job   1 of   1 completed.

number           kout          theta            phi      intensity
  1904          14.31          57.00         311.50      3.8318222
   79.33% of job   1 of   1 completed.

number           kout          theta            phi      intensity
  1905          14.31          57.00         314.50      4.0106640
   79.38% of job   1 of   1 completed.

number           kout          theta            phi      intensity
  1906          14.31          57.00         317.50      4.0051646
   79.42% of job   1 of   1 completed.

number           kout          theta            phi      intensity
  1907          14.31          57.00         320.50      3.5139472
   79.46% of job   1 of   1 completed.

number           kout          theta            phi      intensity
  1908          14.31          57.00         323.50      3.1042213
   79.50% of job   1 of   1 completed.

number           kout          theta            phi      intensity
  1909          14.31          57.00         326.50      3.1488006
   79.54% of job   1 of   1 completed.

number           kout          theta            phi      intensity
  1910          14.31          57.00         329.50      3.1161098
   79.58% of job   1 of   1 completed.

number           kout          theta            phi      intensity
  1911          14.31          57.00         332.50      2.4738944
   79.62% of job   1 of   1 completed.

number           kout          theta            phi      intensity
  1912          14.31          57.00         335.50      1.7598476
   79.67% of job   1 of   1 completed.

number           kout          theta            phi      intensity
  1913          14.31          57.00         338.50      1.9019402
   79.71% of job   1 of   1 completed.

number           kout          theta            phi      intensity
  1914          14.31          57.00         341.50      2.1154559
   79.75% of job   1 of   1 completed.

number           kout          theta            phi      intensity
  1915          14.31          57.00         344.50      2.3707254
   79.79% of job   1 of   1 completed.

number           kout          theta            phi      intensity
  1916          14.31          57.00         347.50      2.3962529
   79.83% of job   1 of   1 completed.

number           kout          theta            phi      intensity
  1917          14.31          57.00         350.50      2.5412745
   79.88% of job   1 of   1 completed.

number           kout          theta            phi      intensity
  1918          14.31          57.00         353.50      2.9217603
   79.92% of job   1 of   1 completed.

number           kout          theta            phi      intensity
  1919          14.31          57.00         356.50      3.3046846
   79.96% of job   1 of   1 completed.

number           kout          theta            phi      intensity
  1920          14.31          57.00         359.50      3.6250312
   80.00% of job   1 of   1 completed.

number           kout          theta            phi      intensity
  1921          14.31          60.00           2.50      3.5281086
   80.04% of job   1 of   1 completed.

number           kout          theta            phi      intensity
  1922          14.31          60.00           5.50      3.1617439
   80.08% of job   1 of   1 completed.

number           kout          theta            phi      intensity
  1923          14.31          60.00           8.50      2.6200006
   80.12% of job   1 of   1 completed.

number           kout          theta            phi      intensity
  1924          14.31          60.00          11.50      2.2616136
   80.17% of job   1 of   1 completed.

number           kout          theta            phi      intensity
  1925          14.31          60.00          14.50      2.2016373
   80.21% of job   1 of   1 completed.

number           kout          theta            phi      intensity
  1926          14.31          60.00          17.50      2.3049426
   80.25% of job   1 of   1 completed.

number           kout          theta            phi      intensity
  1927          14.31          60.00          20.50      2.5834925
   80.29% of job   1 of   1 completed.

number           kout          theta            phi      intensity
  1928          14.31          60.00          23.50      2.6120660
   80.33% of job   1 of   1 completed.

number           kout          theta            phi      intensity
  1929          14.31          60.00          26.50      2.5998034
   80.38% of job   1 of   1 completed.

number           kout          theta            phi      intensity
  1930          14.31          60.00          29.50      2.9629114
   80.42% of job   1 of   1 completed.

number           kout          theta            phi      intensity
  1931          14.31          60.00          32.50      3.1038322
   80.46% of job   1 of   1 completed.

number           kout          theta            phi      intensity
  1932          14.31          60.00          35.50      2.8645012
   80.50% of job   1 of   1 completed.

number           kout          theta            phi      intensity
  1933          14.31          60.00          38.50      2.6421912
   80.54% of job   1 of   1 completed.

number           kout          theta            phi      intensity
  1934          14.31          60.00          41.50      2.6051600
   80.58% of job   1 of   1 completed.

number           kout          theta            phi      intensity
  1935          14.31          60.00          44.50      2.6113801
   80.62% of job   1 of   1 completed.

number           kout          theta            phi      intensity
  1936          14.31          60.00          47.50      2.3244159
   80.67% of job   1 of   1 completed.

number           kout          theta            phi      intensity
  1937          14.31          60.00          50.50      1.9985944
   80.71% of job   1 of   1 completed.

number           kout          theta            phi      intensity
  1938          14.31          60.00          53.50      2.4909031
   80.75% of job   1 of   1 completed.

number           kout          theta            phi      intensity
  1939          14.31          60.00          56.50      2.8999043
   80.79% of job   1 of   1 completed.

number           kout          theta            phi      intensity
  1940          14.31          60.00          59.50      2.7742150
   80.83% of job   1 of   1 completed.

number           kout          theta            phi      intensity
  1941          14.31          60.00          62.50      2.1853917
   80.88% of job   1 of   1 completed.

number           kout          theta            phi      intensity
  1942          14.31          60.00          65.50      2.0688426
   80.92% of job   1 of   1 completed.

number           kout          theta            phi      intensity
  1943          14.31          60.00          68.50      2.0369160
   80.96% of job   1 of   1 completed.

number           kout          theta            phi      intensity
  1944          14.31          60.00          71.50      1.9589686
   81.00% of job   1 of   1 completed.

number           kout          theta            phi      intensity
  1945          14.31          60.00          74.50      2.1132615
   81.04% of job   1 of   1 completed.

number           kout          theta            phi      intensity
  1946          14.31          60.00          77.50      2.1340661
   81.08% of job   1 of   1 completed.

number           kout          theta            phi      intensity
  1947          14.31          60.00          80.50      2.2063694
   81.12% of job   1 of   1 completed.

number           kout          theta            phi      intensity
  1948          14.31          60.00          83.50      2.7328279
   81.17% of job   1 of   1 completed.

number           kout          theta            phi      intensity
  1949          14.31          60.00          86.50      3.1924763
   81.21% of job   1 of   1 completed.

number           kout          theta            phi      intensity
  1950          14.31          60.00          89.50      3.4517539
   81.25% of job   1 of   1 completed.

number           kout          theta            phi      intensity
  1951          14.31          60.00          92.50      3.5212882
   81.29% of job   1 of   1 completed.

number           kout          theta            phi      intensity
  1952          14.31          60.00          95.50      3.2000821
   81.33% of job   1 of   1 completed.

number           kout          theta            phi      intensity
  1953          14.31          60.00          98.50      2.6544192
   81.38% of job   1 of   1 completed.

number           kout          theta            phi      intensity
  1954          14.31          60.00         101.50      2.3529513
   81.42% of job   1 of   1 completed.

number           kout          theta            phi      intensity
  1955          14.31          60.00         104.50      2.2329581
   81.46% of job   1 of   1 completed.

number           kout          theta            phi      intensity
  1956          14.31          60.00         107.50      2.1101058
   81.50% of job   1 of   1 completed.

number           kout          theta            phi      intensity
  1957          14.31          60.00         110.50      2.1552501
   81.54% of job   1 of   1 completed.

number           kout          theta            phi      intensity
  1958          14.31          60.00         113.50      2.2727544
   81.58% of job   1 of   1 completed.

number           kout          theta            phi      intensity
  1959          14.31          60.00         116.50      2.5755155
   81.62% of job   1 of   1 completed.

number           kout          theta            phi      intensity
  1960          14.31          60.00         119.50      3.1770687
   81.67% of job   1 of   1 completed.

number           kout          theta            phi      intensity
  1961          14.31          60.00         122.50      3.0234716
   81.71% of job   1 of   1 completed.

number           kout          theta            phi      intensity
  1962          14.31          60.00         125.50      2.4060028
   81.75% of job   1 of   1 completed.

number           kout          theta            phi      intensity
  1963          14.31          60.00         128.50      2.1679800
   81.79% of job   1 of   1 completed.

number           kout          theta            phi      intensity
  1964          14.31          60.00         131.50      2.3264554
   81.83% of job   1 of   1 completed.

number           kout          theta            phi      intensity
  1965          14.31          60.00         134.50      2.5532930
   81.88% of job   1 of   1 completed.

number           kout          theta            phi      intensity
  1966          14.31          60.00         137.50      2.4967422
   81.92% of job   1 of   1 completed.

number           kout          theta            phi      intensity
  1967          14.31          60.00         140.50      2.4362030
   81.96% of job   1 of   1 completed.

number           kout          theta            phi      intensity
  1968          14.31          60.00         143.50      2.7305987
   82.00% of job   1 of   1 completed.

number           kout          theta            phi      intensity
  1969          14.31          60.00         146.50      3.2829456
   82.04% of job   1 of   1 completed.

number           kout          theta            phi      intensity
  1970          14.31          60.00         149.50      3.5512321
   82.08% of job   1 of   1 completed.

number           kout          theta            phi      intensity
  1971          14.31          60.00         152.50      3.0294883
   82.12% of job   1 of   1 completed.

number           kout          theta            phi      intensity
  1972          14.31          60.00         155.50      2.4528530
   82.17% of job   1 of   1 completed.

number           kout          theta            phi      intensity
  1973          14.31          60.00         158.50      2.3041756
   82.21% of job   1 of   1 completed.

number           kout          theta            phi      intensity
  1974          14.31          60.00         161.50      2.1433709
   82.25% of job   1 of   1 completed.

number           kout          theta            phi      intensity
  1975          14.31          60.00         164.50      2.1130302
   82.29% of job   1 of   1 completed.

number           kout          theta            phi      intensity
  1976          14.31          60.00         167.50      2.0925343
   82.33% of job   1 of   1 completed.

number           kout          theta            phi      intensity
  1977          14.31          60.00         170.50      2.0492785
   82.38% of job   1 of   1 completed.

number           kout          theta            phi      intensity
  1978          14.31          60.00         173.50      2.6453726
   82.42% of job   1 of   1 completed.

number           kout          theta            phi      intensity
  1979          14.31          60.00         176.50      3.3144245
   82.46% of job   1 of   1 completed.

number           kout          theta            phi      intensity
  1980          14.31          60.00         179.50      3.7065365
   82.50% of job   1 of   1 completed.

number           kout          theta            phi      intensity
  1981          14.31          60.00         182.50      3.4537885
   82.54% of job   1 of   1 completed.

number           kout          theta            phi      intensity
  1982          14.31          60.00         185.50      2.9355967
   82.58% of job   1 of   1 completed.

number           kout          theta            phi      intensity
  1983          14.31          60.00         188.50      2.2513547
   82.62% of job   1 of   1 completed.

number           kout          theta            phi      intensity
  1984          14.31          60.00         191.50      1.9875475
   82.67% of job   1 of   1 completed.

number           kout          theta            phi      intensity
  1985          14.31          60.00         194.50      2.0898182
   82.71% of job   1 of   1 completed.

number           kout          theta            phi      intensity
  1986          14.31          60.00         197.50      2.1366861
   82.75% of job   1 of   1 completed.

number           kout          theta            phi      intensity
  1987          14.31          60.00         200.50      2.1583211
   82.79% of job   1 of   1 completed.

number           kout          theta            phi      intensity
  1988          14.31          60.00         203.50      2.3351557
   82.83% of job   1 of   1 completed.

number           kout          theta            phi      intensity
  1989          14.31          60.00         206.50      2.6129777
   82.88% of job   1 of   1 completed.

number           kout          theta            phi      intensity
  1990          14.31          60.00         209.50      3.5522909
   82.92% of job   1 of   1 completed.

number           kout          theta            phi      intensity
  1991          14.31          60.00         212.50      3.7038147
   82.96% of job   1 of   1 completed.

number           kout          theta            phi      intensity
  1992          14.31          60.00         215.50      3.0419340
   83.00% of job   1 of   1 completed.

number           kout          theta            phi      intensity
  1993          14.31          60.00         218.50      2.6304231
   83.04% of job   1 of   1 completed.

number           kout          theta            phi      intensity
  1994          14.31          60.00         221.50      2.8606036
   83.08% of job   1 of   1 completed.

number           kout          theta            phi      intensity
  1995          14.31          60.00         224.50      3.0253847
   83.12% of job   1 of   1 completed.

number           kout          theta            phi      intensity
  1996          14.31          60.00         227.50      2.8984983
   83.17% of job   1 of   1 completed.

number           kout          theta            phi      intensity
  1997          14.31          60.00         230.50      2.4446008
   83.21% of job   1 of   1 completed.

number           kout          theta            phi      intensity
  1998          14.31          60.00         233.50      2.2506154
   83.25% of job   1 of   1 completed.

number           kout          theta            phi      intensity
  1999          14.31          60.00         236.50      2.9458492
   83.29% of job   1 of   1 completed.

number           kout          theta            phi      intensity
  2000          14.31          60.00         239.50      3.3717239
   83.33% of job   1 of   1 completed.

number           kout          theta            phi      intensity
  2001          14.31          60.00         242.50      2.9062412
   83.38% of job   1 of   1 completed.

number           kout          theta            phi      intensity
  2002          14.31          60.00         245.50      2.2798362
   83.42% of job   1 of   1 completed.

number           kout          theta            phi      intensity
  2003          14.31          60.00         248.50      2.1722331
   83.46% of job   1 of   1 completed.

number           kout          theta            phi      intensity
  2004          14.31          60.00         251.50      2.1150808
   83.50% of job   1 of   1 completed.

number           kout          theta            phi      intensity
  2005          14.31          60.00         254.50      2.1758678
   83.54% of job   1 of   1 completed.

number           kout          theta            phi      intensity
  2006          14.31          60.00         257.50      2.3032105
   83.58% of job   1 of   1 completed.

number           kout          theta            phi      intensity
  2007          14.31          60.00         260.50      2.5260394
   83.62% of job   1 of   1 completed.

number           kout          theta            phi      intensity
  2008          14.31          60.00         263.50      2.9505823
   83.67% of job   1 of   1 completed.

number           kout          theta            phi      intensity
  2009          14.31          60.00         266.50      3.2774935
   83.71% of job   1 of   1 completed.

number           kout          theta            phi      intensity
  2010          14.31          60.00         269.50      3.3042605
   83.75% of job   1 of   1 completed.

number           kout          theta            phi      intensity
  2011          14.31          60.00         272.50      3.1844139
   83.79% of job   1 of   1 completed.

number           kout          theta            phi      intensity
  2012          14.31          60.00         275.50      2.8968098
   83.83% of job   1 of   1 completed.

number           kout          theta            phi      intensity
  2013          14.31          60.00         278.50      2.3926547
   83.88% of job   1 of   1 completed.

number           kout          theta            phi      intensity
  2014          14.31          60.00         281.50      2.0368180
   83.92% of job   1 of   1 completed.

number           kout          theta            phi      intensity
  2015          14.31          60.00         284.50      2.0214944
   83.96% of job   1 of   1 completed.

number           kout          theta            phi      intensity
  2016          14.31          60.00         287.50      2.0034175
   84.00% of job   1 of   1 completed.

number           kout          theta            phi      intensity
  2017          14.31          60.00         290.50      2.0761418
   84.04% of job   1 of   1 completed.

number           kout          theta            phi      intensity
  2018          14.31          60.00         293.50      2.2644880
   84.08% of job   1 of   1 completed.

number           kout          theta            phi      intensity
  2019          14.31          60.00         296.50      2.3251100
   84.12% of job   1 of   1 completed.

number           kout          theta            phi      intensity
  2020          14.31          60.00         299.50      2.8729775
   84.17% of job   1 of   1 completed.

number           kout          theta            phi      intensity
  2021          14.31          60.00         302.50      2.8795938
   84.21% of job   1 of   1 completed.

number           kout          theta            phi      intensity
  2022          14.31          60.00         305.50      2.3615928
   84.25% of job   1 of   1 completed.

number           kout          theta            phi      intensity
  2023          14.31          60.00         308.50      2.0640140
   84.29% of job   1 of   1 completed.

number           kout          theta            phi      intensity
  2024          14.31          60.00         311.50      2.2187679
   84.33% of job   1 of   1 completed.

number           kout          theta            phi      intensity
  2025          14.31          60.00         314.50      2.5089686
   84.38% of job   1 of   1 completed.

number           kout          theta            phi      intensity
  2026          14.31          60.00         317.50      2.4144521
   84.42% of job   1 of   1 completed.

number           kout          theta            phi      intensity
  2027          14.31          60.00         320.50      2.3749774
   84.46% of job   1 of   1 completed.

number           kout          theta            phi      intensity
  2028          14.31          60.00         323.50      2.6224654
   84.50% of job   1 of   1 completed.

number           kout          theta            phi      intensity
  2029          14.31          60.00         326.50      3.3024158
   84.54% of job   1 of   1 completed.

number           kout          theta            phi      intensity
  2030          14.31          60.00         329.50      3.4890487
   84.58% of job   1 of   1 completed.

number           kout          theta            phi      intensity
  2031          14.31          60.00         332.50      2.8904545
   84.62% of job   1 of   1 completed.

number           kout          theta            phi      intensity
  2032          14.31          60.00         335.50      2.4920690
   84.67% of job   1 of   1 completed.

number           kout          theta            phi      intensity
  2033          14.31          60.00         338.50      2.5611243
   84.71% of job   1 of   1 completed.

number           kout          theta            phi      intensity
  2034          14.31          60.00         341.50      2.3573282
   84.75% of job   1 of   1 completed.

number           kout          theta            phi      intensity
  2035          14.31          60.00         344.50      2.2161546
   84.79% of job   1 of   1 completed.

number           kout          theta            phi      intensity
  2036          14.31          60.00         347.50      2.2020276
   84.83% of job   1 of   1 completed.

number           kout          theta            phi      intensity
  2037          14.31          60.00         350.50      2.3764708
   84.88% of job   1 of   1 completed.

number           kout          theta            phi      intensity
  2038          14.31          60.00         353.50      2.8224680
   84.92% of job   1 of   1 completed.

number           kout          theta            phi      intensity
  2039          14.31          60.00         356.50      3.2411041
   84.96% of job   1 of   1 completed.

number           kout          theta            phi      intensity
  2040          14.31          60.00         359.50      3.5170014
   85.00% of job   1 of   1 completed.

number           kout          theta            phi      intensity
  2041          14.31          63.00           2.50      3.9413841
   85.04% of job   1 of   1 completed.

number           kout          theta            phi      intensity
  2042          14.31          63.00           5.50      3.3197424
   85.08% of job   1 of   1 completed.

number           kout          theta            phi      intensity
  2043          14.31          63.00           8.50      2.3179109
   85.12% of job   1 of   1 completed.

number           kout          theta            phi      intensity
  2044          14.31          63.00          11.50      1.7428592
   85.17% of job   1 of   1 completed.

number           kout          theta            phi      intensity
  2045          14.31          63.00          14.50      1.8483473
   85.21% of job   1 of   1 completed.

number           kout          theta            phi      intensity
  2046          14.31          63.00          17.50      2.4439514
   85.25% of job   1 of   1 completed.

number           kout          theta            phi      intensity
  2047          14.31          63.00          20.50      3.0978994
   85.29% of job   1 of   1 completed.

number           kout          theta            phi      intensity
  2048          14.31          63.00          23.50      3.2940187
   85.33% of job   1 of   1 completed.

number           kout          theta            phi      intensity
  2049          14.31          63.00          26.50      3.1617396
   85.38% of job   1 of   1 completed.

number           kout          theta            phi      intensity
  2050          14.31          63.00          29.50      3.0378463
   85.42% of job   1 of   1 completed.

number           kout          theta            phi      intensity
  2051          14.31          63.00          32.50      2.2621706
   85.46% of job   1 of   1 completed.

number           kout          theta            phi      intensity
  2052          14.31          63.00          35.50      1.7320795
   85.50% of job   1 of   1 completed.

number           kout          theta            phi      intensity
  2053          14.31          63.00          38.50      1.7822948
   85.54% of job   1 of   1 completed.

number           kout          theta            phi      intensity
  2054          14.31          63.00          41.50      2.1857445
   85.58% of job   1 of   1 completed.

number           kout          theta            phi      intensity
  2055          14.31          63.00          44.50      2.4292595
   85.62% of job   1 of   1 completed.

number           kout          theta            phi      intensity
  2056          14.31          63.00          47.50      1.9845101
   85.67% of job   1 of   1 completed.

number           kout          theta            phi      intensity
  2057          14.31          63.00          50.50      1.7851110
   85.71% of job   1 of   1 completed.

number           kout          theta            phi      intensity
  2058          14.31          63.00          53.50      1.7446632
   85.75% of job   1 of   1 completed.

number           kout          theta            phi      intensity
  2059          14.31          63.00          56.50      1.9298927
   85.79% of job   1 of   1 completed.

number           kout          theta            phi      intensity
  2060          14.31          63.00          59.50      2.3860240
   85.83% of job   1 of   1 completed.

number           kout          theta            phi      intensity
  2061          14.31          63.00          62.50      2.6358855
   85.88% of job   1 of   1 completed.

number           kout          theta            phi      intensity
  2062          14.31          63.00          65.50      2.9886239
   85.92% of job   1 of   1 completed.

number           kout          theta            phi      intensity
  2063          14.31          63.00          68.50      3.2339020
   85.96% of job   1 of   1 completed.

number           kout          theta            phi      intensity
  2064          14.31          63.00          71.50      2.6759226
   86.00% of job   1 of   1 completed.

number           kout          theta            phi      intensity
  2065          14.31          63.00          74.50      2.0531468
   86.04% of job   1 of   1 completed.

number           kout          theta            phi      intensity
  2066          14.31          63.00          77.50      1.7310877
   86.08% of job   1 of   1 completed.

number           kout          theta            phi      intensity
  2067          14.31          63.00          80.50      1.9124829
   86.12% of job   1 of   1 completed.

number           kout          theta            phi      intensity
  2068          14.31          63.00          83.50      2.8547716
   86.17% of job   1 of   1 completed.

number           kout          theta            phi      intensity
  2069          14.31          63.00          86.50      3.4636505
   86.21% of job   1 of   1 completed.

number           kout          theta            phi      intensity
  2070          14.31          63.00          89.50      3.6538668
   86.25% of job   1 of   1 completed.

number           kout          theta            phi      intensity
  2071          14.31          63.00          92.50      3.7856581
   86.29% of job   1 of   1 completed.

number           kout          theta            phi      intensity
  2072          14.31          63.00          95.50      3.3512423
   86.33% of job   1 of   1 completed.

number           kout          theta            phi      intensity
  2073          14.31          63.00          98.50      2.4335525
   86.38% of job   1 of   1 completed.

number           kout          theta            phi      intensity
  2074          14.31          63.00         101.50      1.8927039
   86.42% of job   1 of   1 completed.

number           kout          theta            phi      intensity
  2075          14.31          63.00         104.50      1.9454136
   86.46% of job   1 of   1 completed.

number           kout          theta            phi      intensity
  2076          14.31          63.00         107.50      2.2726712
   86.50% of job   1 of   1 completed.

number           kout          theta            phi      intensity
  2077          14.31          63.00         110.50      2.8186820
   86.54% of job   1 of   1 completed.

number           kout          theta            phi      intensity
  2078          14.31          63.00         113.50      2.8262770
   86.58% of job   1 of   1 completed.

number           kout          theta            phi      intensity
  2079          14.31          63.00         116.50      2.7839966
   86.62% of job   1 of   1 completed.

number           kout          theta            phi      intensity
  2080          14.31          63.00         119.50      2.9869144
   86.67% of job   1 of   1 completed.

number           kout          theta            phi      intensity
  2081          14.31          63.00         122.50      2.4398897
   86.71% of job   1 of   1 completed.

number           kout          theta            phi      intensity
  2082          14.31          63.00         125.50      1.8502946
   86.75% of job   1 of   1 completed.

number           kout          theta            phi      intensity
  2083          14.31          63.00         128.50      1.6856462
   86.79% of job   1 of   1 completed.

number           kout          theta            phi      intensity
  2084          14.31          63.00         131.50      1.9029869
   86.83% of job   1 of   1 completed.

number           kout          theta            phi      intensity
  2085          14.31          63.00         134.50      2.2559979
   86.88% of job   1 of   1 completed.

number           kout          theta            phi      intensity
  2086          14.31          63.00         137.50      2.1671975
   86.92% of job   1 of   1 completed.

number           kout          theta            phi      intensity
  2087          14.31          63.00         140.50      1.8074869
   86.96% of job   1 of   1 completed.

number           kout          theta            phi      intensity
  2088          14.31          63.00         143.50      1.8075231
   87.00% of job   1 of   1 completed.

number           kout          theta            phi      intensity
  2089          14.31          63.00         146.50      2.1836882
   87.04% of job   1 of   1 completed.

number           kout          theta            phi      intensity
  2090          14.31          63.00         149.50      3.0924857
   87.08% of job   1 of   1 completed.

number           kout          theta            phi      intensity
  2091          14.31          63.00         152.50      3.3403227
   87.12% of job   1 of   1 completed.

number           kout          theta            phi      intensity
  2092          14.31          63.00         155.50      3.2242203
   87.17% of job   1 of   1 completed.

number           kout          theta            phi      intensity
  2093          14.31          63.00         158.50      3.4667823
   87.21% of job   1 of   1 completed.

number           kout          theta            phi      intensity
  2094          14.31          63.00         161.50      3.0616949
   87.25% of job   1 of   1 completed.

number           kout          theta            phi      intensity
  2095          14.31          63.00         164.50      2.3461406
   87.29% of job   1 of   1 completed.

number           kout          theta            phi      intensity
  2096          14.31          63.00         167.50      1.9120269
   87.33% of job   1 of   1 completed.

number           kout          theta            phi      intensity
  2097          14.31          63.00         170.50      1.8493042
   87.38% of job   1 of   1 completed.

number           kout          theta            phi      intensity
  2098          14.31          63.00         173.50      2.5836589
   87.42% of job   1 of   1 completed.

number           kout          theta            phi      intensity
  2099          14.31          63.00         176.50      3.2910492
   87.46% of job   1 of   1 completed.

number           kout          theta            phi      intensity
  2100          14.31          63.00         179.50      3.5175045
   87.50% of job   1 of   1 completed.

number           kout          theta            phi      intensity
  2101          14.31          63.00         182.50      3.2931135
   87.54% of job   1 of   1 completed.

number           kout          theta            phi      intensity
  2102          14.31          63.00         185.50      2.8364899
   87.58% of job   1 of   1 completed.

number           kout          theta            phi      intensity
  2103          14.31          63.00         188.50      2.0590765
   87.62% of job   1 of   1 completed.

number           kout          theta            phi      intensity
  2104          14.31          63.00         191.50      1.8115708
   87.67% of job   1 of   1 completed.

number           kout          theta            phi      intensity
  2105          14.31          63.00         194.50      2.1726549
   87.71% of job   1 of   1 completed.

number           kout          theta            phi      intensity
  2106          14.31          63.00         197.50      2.8756981
   87.75% of job   1 of   1 completed.

number           kout          theta            phi      intensity
  2107          14.31          63.00         200.50      3.3454545
   87.79% of job   1 of   1 completed.

number           kout          theta            phi      intensity
  2108          14.31          63.00         203.50      3.2259867
   87.83% of job   1 of   1 completed.

number           kout          theta            phi      intensity
  2109          14.31          63.00         206.50      3.0446866
   87.88% of job   1 of   1 completed.

number           kout          theta            phi      intensity
  2110          14.31          63.00         209.50      3.2572539
   87.92% of job   1 of   1 completed.

number           kout          theta            phi      intensity
  2111          14.31          63.00         212.50      2.5954258
   87.96% of job   1 of   1 completed.

number           kout          theta            phi      intensity
  2112          14.31          63.00         215.50      1.9354695
   88.00% of job   1 of   1 completed.

number           kout          theta            phi      intensity
  2113          14.31          63.00         218.50      1.7974113
   88.04% of job   1 of   1 completed.

number           kout          theta            phi      intensity
  2114          14.31          63.00         221.50      2.0916228
   88.08% of job   1 of   1 completed.

number           kout          theta            phi      intensity
  2115          14.31          63.00         224.50      2.3286014
   88.12% of job   1 of   1 completed.

number           kout          theta            phi      intensity
  2116          14.31          63.00         227.50      2.0924795
   88.17% of job   1 of   1 completed.

number           kout          theta            phi      intensity
  2117          14.31          63.00         230.50      1.6598624
   88.21% of job   1 of   1 completed.

number           kout          theta            phi      intensity
  2118          14.31          63.00         233.50      1.6494933
   88.25% of job   1 of   1 completed.

number           kout          theta            phi      intensity
  2119          14.31          63.00         236.50      2.1249154
   88.29% of job   1 of   1 completed.

number           kout          theta            phi      intensity
  2120          14.31          63.00         239.50      3.0554163
   88.33% of job   1 of   1 completed.

number           kout          theta            phi      intensity
  2121          14.31          63.00         242.50      2.9891145
   88.38% of job   1 of   1 completed.

number           kout          theta            phi      intensity
  2122          14.31          63.00         245.50      2.6261294
   88.42% of job   1 of   1 completed.

number           kout          theta            phi      intensity
  2123          14.31          63.00         248.50      2.6614406
   88.46% of job   1 of   1 completed.

number           kout          theta            phi      intensity
  2124          14.31          63.00         251.50      2.3709190
   88.50% of job   1 of   1 completed.

number           kout          theta            phi      intensity
  2125          14.31          63.00         254.50      1.9807429
   88.54% of job   1 of   1 completed.

number           kout          theta            phi      intensity
  2126          14.31          63.00         257.50      1.8810056
   88.58% of job   1 of   1 completed.

number           kout          theta            phi      intensity
  2127          14.31          63.00         260.50      2.1846497
   88.62% of job   1 of   1 completed.

number           kout          theta            phi      intensity
  2128          14.31          63.00         263.50      3.0041392
   88.67% of job   1 of   1 completed.

number           kout          theta            phi      intensity
  2129          14.31          63.00         266.50      3.7540300
   88.71% of job   1 of   1 completed.

number           kout          theta            phi      intensity
  2130          14.31          63.00         269.50      3.7658081
   88.75% of job   1 of   1 completed.

number           kout          theta            phi      intensity
  2131          14.31          63.00         272.50      3.6286662
   88.79% of job   1 of   1 completed.

number           kout          theta            phi      intensity
  2132          14.31          63.00         275.50      3.1514938
   88.83% of job   1 of   1 completed.

number           kout          theta            phi      intensity
  2133          14.31          63.00         278.50      2.1646483
   88.88% of job   1 of   1 completed.

number           kout          theta            phi      intensity
  2134          14.31          63.00         281.50      1.5380701
   88.92% of job   1 of   1 completed.

number           kout          theta            phi      intensity
  2135          14.31          63.00         284.50      1.7589735
   88.96% of job   1 of   1 completed.

number           kout          theta            phi      intensity
  2136          14.31          63.00         287.50      2.3815091
   89.00% of job   1 of   1 completed.

number           kout          theta            phi      intensity
  2137          14.31          63.00         290.50      2.9271851
   89.04% of job   1 of   1 completed.

number           kout          theta            phi      intensity
  2138          14.31          63.00         293.50      2.9910886
   89.08% of job   1 of   1 completed.

number           kout          theta            phi      intensity
  2139          14.31          63.00         296.50      2.7861183
   89.12% of job   1 of   1 completed.

number           kout          theta            phi      intensity
  2140          14.31          63.00         299.50      2.7881505
   89.17% of job   1 of   1 completed.

number           kout          theta            phi      intensity
  2141          14.31          63.00         302.50      2.1912384
   89.21% of job   1 of   1 completed.

number           kout          theta            phi      intensity
  2142          14.31          63.00         305.50      1.6803223
   89.25% of job   1 of   1 completed.

number           kout          theta            phi      intensity
  2143          14.31          63.00         308.50      1.6181427
   89.29% of job   1 of   1 completed.

number           kout          theta            phi      intensity
  2144          14.31          63.00         311.50      1.7910105
   89.33% of job   1 of   1 completed.

number           kout          theta            phi      intensity
  2145          14.31          63.00         314.50      2.2755036
   89.38% of job   1 of   1 completed.

number           kout          theta            phi      intensity
  2146          14.31          63.00         317.50      2.0774744
   89.42% of job   1 of   1 completed.

number           kout          theta            phi      intensity
  2147          14.31          63.00         320.50      1.7906556
   89.46% of job   1 of   1 completed.

number           kout          theta            phi      intensity
  2148          14.31          63.00         323.50      2.0248253
   89.50% of job   1 of   1 completed.

number           kout          theta            phi      intensity
  2149          14.31          63.00         326.50      2.3947139
   89.54% of job   1 of   1 completed.

number           kout          theta            phi      intensity
  2150          14.31          63.00         329.50      3.1446486
   89.58% of job   1 of   1 completed.

number           kout          theta            phi      intensity
  2151          14.31          63.00         332.50      3.2337062
   89.62% of job   1 of   1 completed.

number           kout          theta            phi      intensity
  2152          14.31          63.00         335.50      3.2612464
   89.67% of job   1 of   1 completed.

number           kout          theta            phi      intensity
  2153          14.31          63.00         338.50      3.2485359
   89.71% of job   1 of   1 completed.

number           kout          theta            phi      intensity
  2154          14.31          63.00         341.50      2.7096221
   89.75% of job   1 of   1 completed.

number           kout          theta            phi      intensity
  2155          14.31          63.00         344.50      1.9612807
   89.79% of job   1 of   1 completed.

number           kout          theta            phi      intensity
  2156          14.31          63.00         347.50      1.6961298
   89.83% of job   1 of   1 completed.

number           kout          theta            phi      intensity
  2157          14.31          63.00         350.50      1.9208623
   89.88% of job   1 of   1 completed.

number           kout          theta            phi      intensity
  2158          14.31          63.00         353.50      2.6611874
   89.92% of job   1 of   1 completed.

number           kout          theta            phi      intensity
  2159          14.31          63.00         356.50      3.3426011
   89.96% of job   1 of   1 completed.

number           kout          theta            phi      intensity
  2160          14.31          63.00         359.50      3.7685747
   90.00% of job   1 of   1 completed.

number           kout          theta            phi      intensity
  2161          14.31          66.00           2.50      3.2974920
   90.04% of job   1 of   1 completed.

number           kout          theta            phi      intensity
  2162          14.31          66.00           5.50      2.4914787
   90.08% of job   1 of   1 completed.

number           kout          theta            phi      intensity
  2163          14.31          66.00           8.50      1.6617476
   90.12% of job   1 of   1 completed.

number           kout          theta            phi      intensity
  2164          14.31          66.00          11.50      1.5000685
   90.17% of job   1 of   1 completed.

number           kout          theta            phi      intensity
  2165          14.31          66.00          14.50      2.0160606
   90.21% of job   1 of   1 completed.

number           kout          theta            phi      intensity
  2166          14.31          66.00          17.50      2.8793519
   90.25% of job   1 of   1 completed.

number           kout          theta            phi      intensity
  2167          14.31          66.00          20.50      3.4410346
   90.29% of job   1 of   1 completed.

number           kout          theta            phi      intensity
  2168          14.31          66.00          23.50      3.3252039
   90.33% of job   1 of   1 completed.

number           kout          theta            phi      intensity
  2169          14.31          66.00          26.50      3.0244591
   90.38% of job   1 of   1 completed.

number           kout          theta            phi      intensity
  2170          14.31          66.00          29.50      2.3930683
   90.42% of job   1 of   1 completed.

number           kout          theta            phi      intensity
  2171          14.31          66.00          32.50      1.5760299
   90.46% of job   1 of   1 completed.

number           kout          theta            phi      intensity
  2172          14.31          66.00          35.50      1.2496487
   90.50% of job   1 of   1 completed.

number           kout          theta            phi      intensity
  2173          14.31          66.00          38.50      1.5040926
   90.54% of job   1 of   1 completed.

number           kout          theta            phi      intensity
  2174          14.31          66.00          41.50      2.3233135
   90.58% of job   1 of   1 completed.

number           kout          theta            phi      intensity
  2175          14.31          66.00          44.50      2.7241604
   90.62% of job   1 of   1 completed.

number           kout          theta            phi      intensity
  2176          14.31          66.00          47.50      2.2377522
   90.67% of job   1 of   1 completed.

number           kout          theta            phi      intensity
  2177          14.31          66.00          50.50      1.7056900
   90.71% of job   1 of   1 completed.

number           kout          theta            phi      intensity
  2178          14.31          66.00          53.50      1.3598939
   90.75% of job   1 of   1 completed.

number           kout          theta            phi      intensity
  2179          14.31          66.00          56.50      1.1589113
   90.79% of job   1 of   1 completed.

number           kout          theta            phi      intensity
  2180          14.31          66.00          59.50      1.8980428
   90.83% of job   1 of   1 completed.

number           kout          theta            phi      intensity
  2181          14.31          66.00          62.50      2.6972787
   90.88% of job   1 of   1 completed.

number           kout          theta            phi      intensity
  2182          14.31          66.00          65.50      3.3609426
   90.92% of job   1 of   1 completed.

number           kout          theta            phi      intensity
  2183          14.31          66.00          68.50      3.8736041
   90.96% of job   1 of   1 completed.

number           kout          theta            phi      intensity
  2184          14.31          66.00          71.50      3.6537874
   91.00% of job   1 of   1 completed.

number           kout          theta            phi      intensity
  2185          14.31          66.00          74.50      2.5850041
   91.04% of job   1 of   1 completed.

number           kout          theta            phi      intensity
  2186          14.31          66.00          77.50      1.6893231
   91.08% of job   1 of   1 completed.

number           kout          theta            phi      intensity
  2187          14.31          66.00          80.50      1.4718021
   91.12% of job   1 of   1 completed.

number           kout          theta            phi      intensity
  2188          14.31          66.00          83.50      2.0840919
   91.17% of job   1 of   1 completed.

number           kout          theta            phi      intensity
  2189          14.31          66.00          86.50      2.9072742
   91.21% of job   1 of   1 completed.

number           kout          theta            phi      intensity
  2190          14.31          66.00          89.50      3.2424097
   91.25% of job   1 of   1 completed.

number           kout          theta            phi      intensity
  2191          14.31          66.00          92.50      3.3257802
   91.29% of job   1 of   1 completed.

number           kout          theta            phi      intensity
  2192          14.31          66.00          95.50      2.6395645
   91.33% of job   1 of   1 completed.

number           kout          theta            phi      intensity
  2193          14.31          66.00          98.50      1.9105231
   91.38% of job   1 of   1 completed.

number           kout          theta            phi      intensity
  2194          14.31          66.00         101.50      1.6517473
   91.42% of job   1 of   1 completed.

number           kout          theta            phi      intensity
  2195          14.31          66.00         104.50      2.0635939
   91.46% of job   1 of   1 completed.

number           kout          theta            phi      intensity
  2196          14.31          66.00         107.50      2.9831069
   91.50% of job   1 of   1 completed.

number           kout          theta            phi      intensity
  2197          14.31          66.00         110.50      3.6033566
   91.54% of job   1 of   1 completed.

number           kout          theta            phi      intensity
  2198          14.31          66.00         113.50      2.9713943
   91.58% of job   1 of   1 completed.

number           kout          theta            phi      intensity
  2199          14.31          66.00         116.50      2.5783963
   91.62% of job   1 of   1 completed.

number           kout          theta            phi      intensity
  2200          14.31          66.00         119.50      2.2016208
   91.67% of job   1 of   1 completed.

number           kout          theta            phi      intensity
  2201          14.31          66.00         122.50      1.4899961
   91.71% of job   1 of   1 completed.

number           kout          theta            phi      intensity
  2202          14.31          66.00         125.50      1.4297708
   91.75% of job   1 of   1 completed.

number           kout          theta            phi      intensity
  2203          14.31          66.00         128.50      1.7760683
   91.79% of job   1 of   1 completed.

number           kout          theta            phi      intensity
  2204          14.31          66.00         131.50      2.4375372
   91.83% of job   1 of   1 completed.

number           kout          theta            phi      intensity
  2205          14.31          66.00         134.50      2.9722712
   91.88% of job   1 of   1 completed.

number           kout          theta            phi      intensity
  2206          14.31          66.00         137.50      2.7706301
   91.92% of job   1 of   1 completed.

number           kout          theta            phi      intensity
  2207          14.31          66.00         140.50      1.8945993
   91.96% of job   1 of   1 completed.

number           kout          theta            phi      intensity
  2208          14.31          66.00         143.50      1.3364614
   92.00% of job   1 of   1 completed.

number           kout          theta            phi      intensity
  2209          14.31          66.00         146.50      1.2654041
   92.04% of job   1 of   1 completed.

number           kout          theta            phi      intensity
  2210          14.31          66.00         149.50      2.0160577
   92.08% of job   1 of   1 completed.

number           kout          theta            phi      intensity
  2211          14.31          66.00         152.50      2.8078954
   92.12% of job   1 of   1 completed.

number           kout          theta            phi      intensity
  2212          14.31          66.00         155.50      3.4373386
   92.17% of job   1 of   1 completed.

number           kout          theta            phi      intensity
  2213          14.31          66.00         158.50      4.2321391
   92.21% of job   1 of   1 completed.

number           kout          theta            phi      intensity
  2214          14.31          66.00         161.50      4.0498099
   92.25% of job   1 of   1 completed.

number           kout          theta            phi      intensity
  2215          14.31          66.00         164.50      3.0267932
   92.29% of job   1 of   1 completed.

number           kout          theta            phi      intensity
  2216          14.31          66.00         167.50      2.1079791
   92.33% of job   1 of   1 completed.

number           kout          theta            phi      intensity
  2217          14.31          66.00         170.50      1.4985098
   92.38% of job   1 of   1 completed.

number           kout          theta            phi      intensity
  2218          14.31          66.00         173.50      1.7505193
   92.42% of job   1 of   1 completed.

number           kout          theta            phi      intensity
  2219          14.31          66.00         176.50      2.7208979
   92.46% of job   1 of   1 completed.

number           kout          theta            phi      intensity
  2220          14.31          66.00         179.50      3.0991800
   92.50% of job   1 of   1 completed.

number           kout          theta            phi      intensity
  2221          14.31          66.00         182.50      2.7983296
   92.54% of job   1 of   1 completed.

number           kout          theta            phi      intensity
  2222          14.31          66.00         185.50      1.9493369
   92.58% of job   1 of   1 completed.

number           kout          theta            phi      intensity
  2223          14.31          66.00         188.50      1.4763083
   92.62% of job   1 of   1 completed.

number           kout          theta            phi      intensity
  2224          14.31          66.00         191.50      1.7737708
   92.67% of job   1 of   1 completed.

number           kout          theta            phi      intensity
  2225          14.31          66.00         194.50      2.6732647
   92.71% of job   1 of   1 completed.

number           kout          theta            phi      intensity
  2226          14.31          66.00         197.50      3.7858140
   92.75% of job   1 of   1 completed.

number           kout          theta            phi      intensity
  2227          14.31          66.00         200.50      4.4508758
   92.79% of job   1 of   1 completed.

number           kout          theta            phi      intensity
  2228          14.31          66.00         203.50      3.7045155
   92.83% of job   1 of   1 completed.

number           kout          theta            phi      intensity
  2229          14.31          66.00         206.50      2.9615457
   92.88% of job   1 of   1 completed.

number           kout          theta            phi      intensity
  2230          14.31          66.00         209.50      2.2663872
   92.92% of job   1 of   1 completed.

number           kout          theta            phi      intensity
  2231          14.31          66.00         212.50      1.4004215
   92.96% of job   1 of   1 completed.

number           kout          theta            phi      intensity
  2232          14.31          66.00         215.50      1.2088753
   93.00% of job   1 of   1 completed.

number           kout          theta            phi      intensity
  2233          14.31          66.00         218.50      1.5790038
   93.04% of job   1 of   1 completed.

number           kout          theta            phi      intensity
  2234          14.31          66.00         221.50      2.4558125
   93.08% of job   1 of   1 completed.

number           kout          theta            phi      intensity
  2235          14.31          66.00         224.50      3.1771262
   93.12% of job   1 of   1 completed.

number           kout          theta            phi      intensity
  2236          14.31          66.00         227.50      2.7116272
   93.17% of job   1 of   1 completed.

number           kout          theta            phi      intensity
  2237          14.31          66.00         230.50      1.8979492
   93.21% of job   1 of   1 completed.

number           kout          theta            phi      intensity
  2238          14.31          66.00         233.50      1.3004764
   93.25% of job   1 of   1 completed.

number           kout          theta            phi      intensity
  2239          14.31          66.00         236.50      1.2995840
   93.29% of job   1 of   1 completed.

number           kout          theta            phi      intensity
  2240          14.31          66.00         239.50      1.9079760
   93.33% of job   1 of   1 completed.

number           kout          theta            phi      intensity
  2241          14.31          66.00         242.50      2.4190216
   93.38% of job   1 of   1 completed.

number           kout          theta            phi      intensity
  2242          14.31          66.00         245.50      2.7148991
   93.42% of job   1 of   1 completed.

number           kout          theta            phi      intensity
  2243          14.31          66.00         248.50      3.2025375
   93.46% of job   1 of   1 completed.

number           kout          theta            phi      intensity
  2244          14.31          66.00         251.50      3.2537048
   93.50% of job   1 of   1 completed.

number           kout          theta            phi      intensity
  2245          14.31          66.00         254.50      2.4133480
   93.54% of job   1 of   1 completed.

number           kout          theta            phi      intensity
  2246          14.31          66.00         257.50      1.7974581
   93.58% of job   1 of   1 completed.

number           kout          theta            phi      intensity
  2247          14.31          66.00         260.50      1.7540154
   93.62% of job   1 of   1 completed.

number           kout          theta            phi      intensity
  2248          14.31          66.00         263.50      2.3330131
   93.67% of job   1 of   1 completed.

number           kout          theta            phi      intensity
  2249          14.31          66.00         266.50      3.1796277
   93.71% of job   1 of   1 completed.

number           kout          theta            phi      intensity
  2250          14.31          66.00         269.50      3.3676527
   93.75% of job   1 of   1 completed.

number           kout          theta            phi      intensity
  2251          14.31          66.00         272.50      3.1323538
   93.79% of job   1 of   1 completed.

number           kout          theta            phi      intensity
  2252          14.31          66.00         275.50      2.3610623
   93.83% of job   1 of   1 completed.

number           kout          theta            phi      intensity
  2253          14.31          66.00         278.50      1.5278263
   93.88% of job   1 of   1 completed.

number           kout          theta            phi      intensity
  2254          14.31          66.00         281.50      1.4339687
   93.92% of job   1 of   1 completed.

number           kout          theta            phi      intensity
  2255          14.31          66.00         284.50      2.2112155
   93.96% of job   1 of   1 completed.

number           kout          theta            phi      intensity
  2256          14.31          66.00         287.50      3.2841299
   94.00% of job   1 of   1 completed.

number           kout          theta            phi      intensity
  2257          14.31          66.00         290.50      3.7544739
   94.04% of job   1 of   1 completed.

number           kout          theta            phi      intensity
  2258          14.31          66.00         293.50      3.3405530
   94.08% of job   1 of   1 completed.

number           kout          theta            phi      intensity
  2259          14.31          66.00         296.50      2.8998740
   94.12% of job   1 of   1 completed.

number           kout          theta            phi      intensity
  2260          14.31          66.00         299.50      2.3459117
   94.17% of job   1 of   1 completed.

number           kout          theta            phi      intensity
  2261          14.31          66.00         302.50      1.4688469
   94.21% of job   1 of   1 completed.

number           kout          theta            phi      intensity
  2262          14.31          66.00         305.50      1.2628666
   94.25% of job   1 of   1 completed.

number           kout          theta            phi      intensity
  2263          14.31          66.00         308.50      1.6161399
   94.29% of job   1 of   1 completed.

number           kout          theta            phi      intensity
  2264          14.31          66.00         311.50      2.2605245
   94.33% of job   1 of   1 completed.

number           kout          theta            phi      intensity
  2265          14.31          66.00         314.50      2.8385041
   94.38% of job   1 of   1 completed.

number           kout          theta            phi      intensity
  2266          14.31          66.00         317.50      2.5979261
   94.42% of job   1 of   1 completed.

number           kout          theta            phi      intensity
  2267          14.31          66.00         320.50      1.7963406
   94.46% of job   1 of   1 completed.

number           kout          theta            phi      intensity
  2268          14.31          66.00         323.50      1.3249787
   94.50% of job   1 of   1 completed.

number           kout          theta            phi      intensity
  2269          14.31          66.00         326.50      1.4045941
   94.54% of job   1 of   1 completed.

number           kout          theta            phi      intensity
  2270          14.31          66.00         329.50      2.1977675
   94.58% of job   1 of   1 completed.

number           kout          theta            phi      intensity
  2271          14.31          66.00         332.50      2.9924352
   94.62% of job   1 of   1 completed.

number           kout          theta            phi      intensity
  2272          14.31          66.00         335.50      3.3000591
   94.67% of job   1 of   1 completed.

number           kout          theta            phi      intensity
  2273          14.31          66.00         338.50      3.4406481
   94.71% of job   1 of   1 completed.

number           kout          theta            phi      intensity
  2274          14.31          66.00         341.50      3.2169592
   94.75% of job   1 of   1 completed.

number           kout          theta            phi      intensity
  2275          14.31          66.00         344.50      2.2847981
   94.79% of job   1 of   1 completed.

number           kout          theta            phi      intensity
  2276          14.31          66.00         347.50      1.6965045
   94.83% of job   1 of   1 completed.

number           kout          theta            phi      intensity
  2277          14.31          66.00         350.50      1.5420815
   94.88% of job   1 of   1 completed.

number           kout          theta            phi      intensity
  2278          14.31          66.00         353.50      1.9855655
   94.92% of job   1 of   1 completed.

number           kout          theta            phi      intensity
  2279          14.31          66.00         356.50      2.7892272
   94.96% of job   1 of   1 completed.

number           kout          theta            phi      intensity
  2280          14.31          66.00         359.50      3.2865331
   95.00% of job   1 of   1 completed.

number           kout          theta            phi      intensity
  2281          14.31          69.00           2.50      1.9318047
   95.04% of job   1 of   1 completed.

number           kout          theta            phi      intensity
  2282          14.31          69.00           5.50      1.4580441
   95.08% of job   1 of   1 completed.

number           kout          theta            phi      intensity
  2283          14.31          69.00           8.50      1.3445925
   95.12% of job   1 of   1 completed.

number           kout          theta            phi      intensity
  2284          14.31          69.00          11.50      1.6421022
   95.17% of job   1 of   1 completed.

number           kout          theta            phi      intensity
  2285          14.31          69.00          14.50      2.4829876
   95.21% of job   1 of   1 completed.

number           kout          theta            phi      intensity
  2286          14.31          69.00          17.50      3.2776737
   95.25% of job   1 of   1 completed.

number           kout          theta            phi      intensity
  2287          14.31          69.00          20.50      3.1793640
   95.29% of job   1 of   1 completed.

number           kout          theta            phi      intensity
  2288          14.31          69.00          23.50      2.7254951
   95.33% of job   1 of   1 completed.

number           kout          theta            phi      intensity
  2289          14.31          69.00          26.50      2.4666994
   95.38% of job   1 of   1 completed.

number           kout          theta            phi      intensity
  2290          14.31          69.00          29.50      1.7508368
   95.42% of job   1 of   1 completed.

number           kout          theta            phi      intensity
  2291          14.31          69.00          32.50      1.2171863
   95.46% of job   1 of   1 completed.

number           kout          theta            phi      intensity
  2292          14.31          69.00          35.50      1.2671220
   95.50% of job   1 of   1 completed.

number           kout          theta            phi      intensity
  2293          14.31          69.00          38.50      1.6356949
   95.54% of job   1 of   1 completed.

number           kout          theta            phi      intensity
  2294          14.31          69.00          41.50      2.6649511
   95.58% of job   1 of   1 completed.

number           kout          theta            phi      intensity
  2295          14.31          69.00          44.50      3.1283271
   95.62% of job   1 of   1 completed.

number           kout          theta            phi      intensity
  2296          14.31          69.00          47.50      2.7960980
   95.67% of job   1 of   1 completed.

number           kout          theta            phi      intensity
  2297          14.31          69.00          50.50      2.0529761
   95.71% of job   1 of   1 completed.

number           kout          theta            phi      intensity
  2298          14.31          69.00          53.50      1.3806356
   95.75% of job   1 of   1 completed.

number           kout          theta            phi      intensity
  2299          14.31          69.00          56.50      1.1426924
   95.79% of job   1 of   1 completed.

number           kout          theta            phi      intensity
  2300          14.31          69.00          59.50      1.6516021
   95.83% of job   1 of   1 completed.

number           kout          theta            phi      intensity
  2301          14.31          69.00          62.50      2.5977771
   95.88% of job   1 of   1 completed.

number           kout          theta            phi      intensity
  2302          14.31          69.00          65.50      2.9880393
   95.92% of job   1 of   1 completed.

number           kout          theta            phi      intensity
  2303          14.31          69.00          68.50      3.4561958
   95.96% of job   1 of   1 completed.

number           kout          theta            phi      intensity
  2304          14.31          69.00          71.50      4.1195083
   96.00% of job   1 of   1 completed.

number           kout          theta            phi      intensity
  2305          14.31          69.00          74.50      3.3637125
   96.04% of job   1 of   1 completed.

number           kout          theta            phi      intensity
  2306          14.31          69.00          77.50      2.0011091
   96.08% of job   1 of   1 completed.

number           kout          theta            phi      intensity
  2307          14.31          69.00          80.50      1.2956944
   96.12% of job   1 of   1 completed.

number           kout          theta            phi      intensity
  2308          14.31          69.00          83.50      1.2441638
   96.17% of job   1 of   1 completed.

number           kout          theta            phi      intensity
  2309          14.31          69.00          86.50      1.8911878
   96.21% of job   1 of   1 completed.

number           kout          theta            phi      intensity
  2310          14.31          69.00          89.50      2.3571527
   96.25% of job   1 of   1 completed.

number           kout          theta            phi      intensity
  2311          14.31          69.00          92.50      2.4354339
   96.29% of job   1 of   1 completed.

number           kout          theta            phi      intensity
  2312          14.31          69.00          95.50      1.7828213
   96.33% of job   1 of   1 completed.

number           kout          theta            phi      intensity
  2313          14.31          69.00          98.50      1.4954668
   96.38% of job   1 of   1 completed.

number           kout          theta            phi      intensity
  2314          14.31          69.00         101.50      1.7280656
   96.42% of job   1 of   1 completed.

number           kout          theta            phi      intensity
  2315          14.31          69.00         104.50      2.7269108
   96.46% of job   1 of   1 completed.

number           kout          theta            phi      intensity
  2316          14.31          69.00         107.50      3.6630957
   96.50% of job   1 of   1 completed.

number           kout          theta            phi      intensity
  2317          14.31          69.00         110.50      3.1847899
   96.54% of job   1 of   1 completed.

number           kout          theta            phi      intensity
  2318          14.31          69.00         113.50      2.4562578
   96.58% of job   1 of   1 completed.

number           kout          theta            phi      intensity
  2319          14.31          69.00         116.50      2.3018639
   96.62% of job   1 of   1 completed.

number           kout          theta            phi      intensity
  2320          14.31          69.00         119.50      1.8299241
   96.67% of job   1 of   1 completed.

number           kout          theta            phi      intensity
  2321          14.31          69.00         122.50      1.2106837
   96.71% of job   1 of   1 completed.

number           kout          theta            phi      intensity
  2322          14.31          69.00         125.50      1.1870849
   96.75% of job   1 of   1 completed.

number           kout          theta            phi      intensity
  2323          14.31          69.00         128.50      1.7350997
   96.79% of job   1 of   1 completed.

number           kout          theta            phi      intensity
  2324          14.31          69.00         131.50      2.6847773
   96.83% of job   1 of   1 completed.

number           kout          theta            phi      intensity
  2325          14.31          69.00         134.50      3.2844276
   96.88% of job   1 of   1 completed.

number           kout          theta            phi      intensity
  2326          14.31          69.00         137.50      3.0788682
   96.92% of job   1 of   1 completed.

number           kout          theta            phi      intensity
  2327          14.31          69.00         140.50      1.9404073
   96.96% of job   1 of   1 completed.

number           kout          theta            phi      intensity
  2328          14.31          69.00         143.50      1.1247231
   97.00% of job   1 of   1 completed.

number           kout          theta            phi      intensity
  2329          14.31          69.00         146.50      0.9599347
   97.04% of job   1 of   1 completed.

number           kout          theta            phi      intensity
  2330          14.31          69.00         149.50      1.3766929
   97.08% of job   1 of   1 completed.

number           kout          theta            phi      intensity
  2331          14.31          69.00         152.50      2.2788262
   97.12% of job   1 of   1 completed.

number           kout          theta            phi      intensity
  2332          14.31          69.00         155.50      2.9059608
   97.17% of job   1 of   1 completed.

number           kout          theta            phi      intensity
  2333          14.31          69.00         158.50      3.5668194
   97.21% of job   1 of   1 completed.

number           kout          theta            phi      intensity
  2334          14.31          69.00         161.50      4.2254863
   97.25% of job   1 of   1 completed.

number           kout          theta            phi      intensity
  2335          14.31          69.00         164.50      3.5551345
   97.29% of job   1 of   1 completed.

number           kout          theta            phi      intensity
  2336          14.31          69.00         167.50      2.2444870
   97.33% of job   1 of   1 completed.

number           kout          theta            phi      intensity
  2337          14.31          69.00         170.50      1.2946402
   97.38% of job   1 of   1 completed.

number           kout          theta            phi      intensity
  2338          14.31          69.00         173.50      1.0927588
   97.42% of job   1 of   1 completed.

number           kout          theta            phi      intensity
  2339          14.31          69.00         176.50      1.8980812
   97.46% of job   1 of   1 completed.

number           kout          theta            phi      intensity
  2340          14.31          69.00         179.50      2.3630047
   97.50% of job   1 of   1 completed.

number           kout          theta            phi      intensity
  2341          14.31          69.00         182.50      1.9524560
   97.54% of job   1 of   1 completed.

number           kout          theta            phi      intensity
  2342          14.31          69.00         185.50      1.1629788
   97.58% of job   1 of   1 completed.

number           kout          theta            phi      intensity
  2343          14.31          69.00         188.50      1.0869806
   97.62% of job   1 of   1 completed.

number           kout          theta            phi      intensity
  2344          14.31          69.00         191.50      1.7310733
   97.67% of job   1 of   1 completed.

number           kout          theta            phi      intensity
  2345          14.31          69.00         194.50      3.0084639
   97.71% of job   1 of   1 completed.

number           kout          theta            phi      intensity
  2346          14.31          69.00         197.50      4.1546197
   97.75% of job   1 of   1 completed.

number           kout          theta            phi      intensity
  2347          14.31          69.00         200.50      3.9898922
   97.79% of job   1 of   1 completed.

number           kout          theta            phi      intensity
  2348          14.31          69.00         203.50      3.2247441
   97.83% of job   1 of   1 completed.

number           kout          theta            phi      intensity
  2349          14.31          69.00         206.50      2.5739830
   97.88% of job   1 of   1 completed.

number           kout          theta            phi      intensity
  2350          14.31          69.00         209.50      1.5424589
   97.92% of job   1 of   1 completed.

number           kout          theta            phi      intensity
  2351          14.31          69.00         212.50      0.9603725
   97.96% of job   1 of   1 completed.

number           kout          theta            phi      intensity
  2352          14.31          69.00         215.50      0.9470673
   98.00% of job   1 of   1 completed.

number           kout          theta            phi      intensity
  2353          14.31          69.00         218.50      1.5921315
   98.04% of job   1 of   1 completed.

number           kout          theta            phi      intensity
  2354          14.31          69.00         221.50      2.8674352
   98.08% of job   1 of   1 completed.

number           kout          theta            phi      intensity
  2355          14.31          69.00         224.50      3.6743371
   98.12% of job   1 of   1 completed.

number           kout          theta            phi      intensity
  2356          14.31          69.00         227.50      3.1902072
   98.17% of job   1 of   1 completed.

number           kout          theta            phi      intensity
  2357          14.31          69.00         230.50      2.0281632
   98.21% of job   1 of   1 completed.

number           kout          theta            phi      intensity
  2358          14.31          69.00         233.50      1.2186925
   98.25% of job   1 of   1 completed.

number           kout          theta            phi      intensity
  2359          14.31          69.00         236.50      1.0423216
   98.29% of job   1 of   1 completed.

number           kout          theta            phi      intensity
  2360          14.31          69.00         239.50      1.5019755
   98.33% of job   1 of   1 completed.

number           kout          theta            phi      intensity
  2361          14.31          69.00         242.50      2.1476026
   98.38% of job   1 of   1 completed.

number           kout          theta            phi      intensity
  2362          14.31          69.00         245.50      2.3167489
   98.42% of job   1 of   1 completed.

number           kout          theta            phi      intensity
  2363          14.31          69.00         248.50      3.0171757
   98.46% of job   1 of   1 completed.

number           kout          theta            phi      intensity
  2364          14.31          69.00         251.50      3.8047192
   98.50% of job   1 of   1 completed.

number           kout          theta            phi      intensity
  2365          14.31          69.00         254.50      3.1852777
   98.54% of job   1 of   1 completed.

number           kout          theta            phi      intensity
  2366          14.31          69.00         257.50      1.9577365
   98.58% of job   1 of   1 completed.

number           kout          theta            phi      intensity
  2367          14.31          69.00         260.50      1.5538583
   98.62% of job   1 of   1 completed.

number           kout          theta            phi      intensity
  2368          14.31          69.00         263.50      1.6247078
   98.67% of job   1 of   1 completed.

number           kout          theta            phi      intensity
  2369          14.31          69.00         266.50      2.1561334
   98.71% of job   1 of   1 completed.

number           kout          theta            phi      intensity
  2370          14.31          69.00         269.50      2.3820605
   98.75% of job   1 of   1 completed.

number           kout          theta            phi      intensity
  2371          14.31          69.00         272.50      2.1436279
   98.79% of job   1 of   1 completed.

number           kout          theta            phi      intensity
  2372          14.31          69.00         275.50      1.5331665
   98.83% of job   1 of   1 completed.

number           kout          theta            phi      intensity
  2373          14.31          69.00         278.50      1.1928383
   98.88% of job   1 of   1 completed.

number           kout          theta            phi      intensity
  2374          14.31          69.00         281.50      1.6746184
   98.92% of job   1 of   1 completed.

number           kout          theta            phi      intensity
  2375          14.31          69.00         284.50      3.0348136
   98.96% of job   1 of   1 completed.

number           kout          theta            phi      intensity
  2376          14.31          69.00         287.50      4.2751374
   99.00% of job   1 of   1 completed.

number           kout          theta            phi      intensity
  2377          14.31          69.00         290.50      3.9343588
   99.04% of job   1 of   1 completed.

number           kout          theta            phi      intensity
  2378          14.31          69.00         293.50      3.0031526
   99.08% of job   1 of   1 completed.

number           kout          theta            phi      intensity
  2379          14.31          69.00         296.50      2.5497260
   99.12% of job   1 of   1 completed.

number           kout          theta            phi      intensity
  2380          14.31          69.00         299.50      1.9334922
   99.17% of job   1 of   1 completed.

number           kout          theta            phi      intensity
  2381          14.31          69.00         302.50      1.2387161
   99.21% of job   1 of   1 completed.

number           kout          theta            phi      intensity
  2382          14.31          69.00         305.50      1.2139471
   99.25% of job   1 of   1 completed.

number           kout          theta            phi      intensity
  2383          14.31          69.00         308.50      1.7558331
   99.29% of job   1 of   1 completed.

number           kout          theta            phi      intensity
  2384          14.31          69.00         311.50      2.5752180
   99.33% of job   1 of   1 completed.

number           kout          theta            phi      intensity
  2385          14.31          69.00         314.50      3.1564741
   99.38% of job   1 of   1 completed.

number           kout          theta            phi      intensity
  2386          14.31          69.00         317.50      2.8470800
   99.42% of job   1 of   1 completed.

number           kout          theta            phi      intensity
  2387          14.31          69.00         320.50      1.7305192
   99.46% of job   1 of   1 completed.

number           kout          theta            phi      intensity
  2388          14.31          69.00         323.50      1.1307242
   99.50% of job   1 of   1 completed.

number           kout          theta            phi      intensity
  2389          14.31          69.00         326.50      1.0935942
   99.54% of job   1 of   1 completed.

number           kout          theta            phi      intensity
  2390          14.31          69.00         329.50      1.5648783
   99.58% of job   1 of   1 completed.

number           kout          theta            phi      intensity
  2391          14.31          69.00         332.50      2.2704198
   99.62% of job   1 of   1 completed.

number           kout          theta            phi      intensity
  2392          14.31          69.00         335.50      2.6666727
   99.67% of job   1 of   1 completed.

number           kout          theta            phi      intensity
  2393          14.31          69.00         338.50      3.0952928
   99.71% of job   1 of   1 completed.

number           kout          theta            phi      intensity
  2394          14.31          69.00         341.50      3.5554028
   99.75% of job   1 of   1 completed.

number           kout          theta            phi      intensity
  2395          14.31          69.00         344.50      2.8984406
   99.79% of job   1 of   1 completed.

number           kout          theta            phi      intensity
  2396          14.31          69.00         347.50      1.9715077
   99.83% of job   1 of   1 completed.

number           kout          theta            phi      intensity
  2397          14.31          69.00         350.50      1.4624947
   99.88% of job   1 of   1 completed.

number           kout          theta            phi      intensity
  2398          14.31          69.00         353.50      1.3633038
   99.92% of job   1 of   1 completed.

number           kout          theta            phi      intensity
  2399          14.31          69.00         356.50      1.7659868
   99.96% of job   1 of   1 completed.

number           kout          theta            phi      intensity
  2400          14.31          69.00         359.50      2.0300028
  100.00% of job   1 of   1 completed.

job   1 of   1 completed, factors =    0.5582   0.8042

_____________________________________
 Job report

   1   1x2iron.in
       result saved in file pesaidaBI.out

_____________________________________
 Job report saved in file mscdout.txt
 Messages saved in file mscdlist.txt

Program terminated normally
