-----------------------------------------------------------------
Calculation of photoelectron diffraction and dichroism
MSCD Parallel  Version 1.37 Yufeng Chen and Michel A Van Hove
Lawrence Berkeley National Laboratory (LBNL), Berkeley, CA 94720
Copyright (c) Van Hove Group 1997-1998. All rights reserved
-----------------------------------------------------------------


_____________________________________
Job   1 of   1

       0      20       6       4   linitial lnum msorder raorder
     122       7       3       9   natoms emiters katoms nlayer
     223       0       0    2400   scanmode nfit nfollow npoint

Analyzing, please wait ...
Reanalyzing, please wait ...
Reanalyzing, please wait ...
Reanalyzing, please wait ...
Reanalyzing, please wait ...
Reanalyzing, please wait ...
Reanalyzing, please wait ...

This job allocated  290.3 megabytes memory in    4 processors


Multiple scattering calculation (msorder=6 raorder=4)

    0.00% of try   1, job   1 of   1 completed.

number           kout          theta            phi      intensity
     1          14.31          12.00           2.50      2.7598426
    0.04% of job   1 of   1 completed.

number           kout          theta            phi      intensity
     2          14.31          12.00           5.50      2.7558489
    0.08% of job   1 of   1 completed.

number           kout          theta            phi      intensity
     3          14.31          12.00           8.50      2.7333004
    0.12% of job   1 of   1 completed.

number           kout          theta            phi      intensity
     4          14.31          12.00          11.50      2.7288759
    0.17% of job   1 of   1 completed.

number           kout          theta            phi      intensity
     5          14.31          12.00          14.50      2.7072098
    0.21% of job   1 of   1 completed.

number           kout          theta            phi      intensity
     6          14.31          12.00          17.50      2.7083380
    0.25% of job   1 of   1 completed.

number           kout          theta            phi      intensity
     7          14.31          12.00          20.50      2.7074251
    0.29% of job   1 of   1 completed.

number           kout          theta            phi      intensity
     8          14.31          12.00          23.50      2.7373874
    0.33% of job   1 of   1 completed.

number           kout          theta            phi      intensity
     9          14.31          12.00          26.50      2.7154949
    0.38% of job   1 of   1 completed.

number           kout          theta            phi      intensity
    10          14.31          12.00          29.50      2.7542746
    0.42% of job   1 of   1 completed.

number           kout          theta            phi      intensity
    11          14.31          12.00          32.50      2.7739646
    0.46% of job   1 of   1 completed.

number           kout          theta            phi      intensity
    12          14.31          12.00          35.50      2.8224392
    0.50% of job   1 of   1 completed.

number           kout          theta            phi      intensity
    13          14.31          12.00          38.50      2.8512061
    0.54% of job   1 of   1 completed.

number           kout          theta            phi      intensity
    14          14.31          12.00          41.50      2.8694627
    0.58% of job   1 of   1 completed.

number           kout          theta            phi      intensity
    15          14.31          12.00          44.50      2.8761122
    0.62% of job   1 of   1 completed.

number           kout          theta            phi      intensity
    16          14.31          12.00          47.50      2.8773320
    0.67% of job   1 of   1 completed.

number           kout          theta            phi      intensity
    17          14.31          12.00          50.50      2.8721855
    0.71% of job   1 of   1 completed.

number           kout          theta            phi      intensity
    18          14.31          12.00          53.50      2.8600113
    0.75% of job   1 of   1 completed.

number           kout          theta            phi      intensity
    19          14.31          12.00          56.50      2.8486996
    0.79% of job   1 of   1 completed.

number           kout          theta            phi      intensity
    20          14.31          12.00          59.50      2.8149490
    0.83% of job   1 of   1 completed.

number           kout          theta            phi      intensity
    21          14.31          12.00          62.50      2.7949240
    0.88% of job   1 of   1 completed.

number           kout          theta            phi      intensity
    22          14.31          12.00          65.50      2.7739322
    0.92% of job   1 of   1 completed.

number           kout          theta            phi      intensity
    23          14.31          12.00          68.50      2.7478180
    0.96% of job   1 of   1 completed.

number           kout          theta            phi      intensity
    24          14.31          12.00          71.50      2.7084112
    1.00% of job   1 of   1 completed.

number           kout          theta            phi      intensity
    25          14.31          12.00          74.50      2.6460788
    1.04% of job   1 of   1 completed.

number           kout          theta            phi      intensity
    26          14.31          12.00          77.50      2.5883985
    1.08% of job   1 of   1 completed.

number           kout          theta            phi      intensity
    27          14.31          12.00          80.50      2.5378821
    1.12% of job   1 of   1 completed.

number           kout          theta            phi      intensity
    28          14.31          12.00          83.50      2.4682109
    1.17% of job   1 of   1 completed.

number           kout          theta            phi      intensity
    29          14.31          12.00          86.50      2.4930365
    1.21% of job   1 of   1 completed.

number           kout          theta            phi      intensity
    30          14.31          12.00          89.50      2.4686029
    1.25% of job   1 of   1 completed.

number           kout          theta            phi      intensity
    31          14.31          12.00          92.50      2.4311619
    1.29% of job   1 of   1 completed.

number           kout          theta            phi      intensity
    32          14.31          12.00          95.50      2.4541817
    1.33% of job   1 of   1 completed.

number           kout          theta            phi      intensity
    33          14.31          12.00          98.50      2.4596145
    1.38% of job   1 of   1 completed.

number           kout          theta            phi      intensity
    34          14.31          12.00         101.50      2.5318098
    1.42% of job   1 of   1 completed.

number           kout          theta            phi      intensity
    35          14.31          12.00         104.50      2.5805094
    1.46% of job   1 of   1 completed.

number           kout          theta            phi      intensity
    36          14.31          12.00         107.50      2.6409814
    1.50% of job   1 of   1 completed.

number           kout          theta            phi      intensity
    37          14.31          12.00         110.50      2.7216053
    1.54% of job   1 of   1 completed.

number           kout          theta            phi      intensity
    38          14.31          12.00         113.50      2.8084471
    1.58% of job   1 of   1 completed.

number           kout          theta            phi      intensity
    39          14.31          12.00         116.50      2.9082453
    1.62% of job   1 of   1 completed.

number           kout          theta            phi      intensity
    40          14.31          12.00         119.50      3.0050933
    1.67% of job   1 of   1 completed.

number           kout          theta            phi      intensity
    41          14.31          12.00         122.50      3.0988533
    1.71% of job   1 of   1 completed.

number           kout          theta            phi      intensity
    42          14.31          12.00         125.50      3.1809042
    1.75% of job   1 of   1 completed.

number           kout          theta            phi      intensity
    43          14.31          12.00         128.50      3.2507417
    1.79% of job   1 of   1 completed.

number           kout          theta            phi      intensity
    44          14.31          12.00         131.50      3.3049700
    1.83% of job   1 of   1 completed.

number           kout          theta            phi      intensity
    45          14.31          12.00         134.50      3.3038642
    1.88% of job   1 of   1 completed.

number           kout          theta            phi      intensity
    46          14.31          12.00         137.50      3.2667723
    1.92% of job   1 of   1 completed.

number           kout          theta            phi      intensity
    47          14.31          12.00         140.50      3.2166650
    1.96% of job   1 of   1 completed.

number           kout          theta            phi      intensity
    48          14.31          12.00         143.50      3.1568515
    2.00% of job   1 of   1 completed.

number           kout          theta            phi      intensity
    49          14.31          12.00         146.50      3.0943317
    2.04% of job   1 of   1 completed.

number           kout          theta            phi      intensity
    50          14.31          12.00         149.50      2.9734395
    2.08% of job   1 of   1 completed.

number           kout          theta            phi      intensity
    51          14.31          12.00         152.50      2.8741741
    2.12% of job   1 of   1 completed.

number           kout          theta            phi      intensity
    52          14.31          12.00         155.50      2.8214676
    2.17% of job   1 of   1 completed.

number           kout          theta            phi      intensity
    53          14.31          12.00         158.50      2.7190707
    2.21% of job   1 of   1 completed.

number           kout          theta            phi      intensity
    54          14.31          12.00         161.50      2.6756060
    2.25% of job   1 of   1 completed.

number           kout          theta            phi      intensity
    55          14.31          12.00         164.50      2.6367552
    2.29% of job   1 of   1 completed.

number           kout          theta            phi      intensity
    56          14.31          12.00         167.50      2.6591332
    2.33% of job   1 of   1 completed.

number           kout          theta            phi      intensity
    57          14.31          12.00         170.50      2.6449900
    2.38% of job   1 of   1 completed.

number           kout          theta            phi      intensity
    58          14.31          12.00         173.50      2.6810820
    2.42% of job   1 of   1 completed.

number           kout          theta            phi      intensity
    59          14.31          12.00         176.50      2.6586554
    2.46% of job   1 of   1 completed.

number           kout          theta            phi      intensity
    60          14.31          12.00         179.50      2.6800296
    2.50% of job   1 of   1 completed.

number           kout          theta            phi      intensity
    61          14.31          12.00         182.50      2.7105944
    2.54% of job   1 of   1 completed.

number           kout          theta            phi      intensity
    62          14.31          12.00         185.50      2.6702468
    2.58% of job   1 of   1 completed.

number           kout          theta            phi      intensity
    63          14.31          12.00         188.50      2.6980860
    2.62% of job   1 of   1 completed.

number           kout          theta            phi      intensity
    64          14.31          12.00         191.50      2.6407354
    2.67% of job   1 of   1 completed.

number           kout          theta            phi      intensity
    65          14.31          12.00         194.50      2.6240704
    2.71% of job   1 of   1 completed.

number           kout          theta            phi      intensity
    66          14.31          12.00         197.50      2.6403494
    2.75% of job   1 of   1 completed.

number           kout          theta            phi      intensity
    67          14.31          12.00         200.50      2.6580520
    2.79% of job   1 of   1 completed.

number           kout          theta            phi      intensity
    68          14.31          12.00         203.50      2.7153940
    2.83% of job   1 of   1 completed.

number           kout          theta            phi      intensity
    69          14.31          12.00         206.50      2.7715018
    2.88% of job   1 of   1 completed.

number           kout          theta            phi      intensity
    70          14.31          12.00         209.50      2.8219919
    2.92% of job   1 of   1 completed.

number           kout          theta            phi      intensity
    71          14.31          12.00         212.50      2.8896763
    2.96% of job   1 of   1 completed.

number           kout          theta            phi      intensity
    72          14.31          12.00         215.50      2.9894331
    3.00% of job   1 of   1 completed.

number           kout          theta            phi      intensity
    73          14.31          12.00         218.50      3.0761766
    3.04% of job   1 of   1 completed.

number           kout          theta            phi      intensity
    74          14.31          12.00         221.50      3.1091883
    3.08% of job   1 of   1 completed.

number           kout          theta            phi      intensity
    75          14.31          12.00         224.50      3.1430271
    3.12% of job   1 of   1 completed.

number           kout          theta            phi      intensity
    76          14.31          12.00         227.50      3.1522820
    3.17% of job   1 of   1 completed.

number           kout          theta            phi      intensity
    77          14.31          12.00         230.50      3.1278374
    3.21% of job   1 of   1 completed.

number           kout          theta            phi      intensity
    78          14.31          12.00         233.50      3.0792370
    3.25% of job   1 of   1 completed.

number           kout          theta            phi      intensity
    79          14.31          12.00         236.50      2.9765041
    3.29% of job   1 of   1 completed.

number           kout          theta            phi      intensity
    80          14.31          12.00         239.50      2.8706596
    3.33% of job   1 of   1 completed.

number           kout          theta            phi      intensity
    81          14.31          12.00         242.50      2.7947102
    3.38% of job   1 of   1 completed.

number           kout          theta            phi      intensity
    82          14.31          12.00         245.50      2.7154663
    3.42% of job   1 of   1 completed.

number           kout          theta            phi      intensity
    83          14.31          12.00         248.50      2.6265562
    3.46% of job   1 of   1 completed.

number           kout          theta            phi      intensity
    84          14.31          12.00         251.50      2.5514147
    3.50% of job   1 of   1 completed.

number           kout          theta            phi      intensity
    85          14.31          12.00         254.50      2.4979401
    3.54% of job   1 of   1 completed.

number           kout          theta            phi      intensity
    86          14.31          12.00         257.50      2.4228554
    3.58% of job   1 of   1 completed.

number           kout          theta            phi      intensity
    87          14.31          12.00         260.50      2.3875513
    3.62% of job   1 of   1 completed.

number           kout          theta            phi      intensity
    88          14.31          12.00         263.50      2.3687918
    3.67% of job   1 of   1 completed.

number           kout          theta            phi      intensity
    89          14.31          12.00         266.50      2.3494072
    3.71% of job   1 of   1 completed.

number           kout          theta            phi      intensity
    90          14.31          12.00         269.50      2.3701527
    3.75% of job   1 of   1 completed.

number           kout          theta            phi      intensity
    91          14.31          12.00         272.50      2.3790917
    3.79% of job   1 of   1 completed.

number           kout          theta            phi      intensity
    92          14.31          12.00         275.50      2.4105740
    3.83% of job   1 of   1 completed.

number           kout          theta            phi      intensity
    93          14.31          12.00         278.50      2.4362500
    3.88% of job   1 of   1 completed.

number           kout          theta            phi      intensity
    94          14.31          12.00         281.50      2.4875600
    3.92% of job   1 of   1 completed.

number           kout          theta            phi      intensity
    95          14.31          12.00         284.50      2.5382297
    3.96% of job   1 of   1 completed.

number           kout          theta            phi      intensity
    96          14.31          12.00         287.50      2.6102350
    4.00% of job   1 of   1 completed.

number           kout          theta            phi      intensity
    97          14.31          12.00         290.50      2.6272326
    4.04% of job   1 of   1 completed.

number           kout          theta            phi      intensity
    98          14.31          12.00         293.50      2.6613753
    4.08% of job   1 of   1 completed.

number           kout          theta            phi      intensity
    99          14.31          12.00         296.50      2.6816025
    4.12% of job   1 of   1 completed.

number           kout          theta            phi      intensity
   100          14.31          12.00         299.50      2.6964540
    4.17% of job   1 of   1 completed.

number           kout          theta            phi      intensity
   101          14.31          12.00         302.50      2.7217948
    4.21% of job   1 of   1 completed.

number           kout          theta            phi      intensity
   102          14.31          12.00         305.50      2.7226274
    4.25% of job   1 of   1 completed.

number           kout          theta            phi      intensity
   103          14.31          12.00         308.50      2.7433994
    4.29% of job   1 of   1 completed.

number           kout          theta            phi      intensity
   104          14.31          12.00         311.50      2.7726238
    4.33% of job   1 of   1 completed.

number           kout          theta            phi      intensity
   105          14.31          12.00         314.50      2.7770145
    4.38% of job   1 of   1 completed.

number           kout          theta            phi      intensity
   106          14.31          12.00         317.50      2.7696865
    4.42% of job   1 of   1 completed.

number           kout          theta            phi      intensity
   107          14.31          12.00         320.50      2.7536404
    4.46% of job   1 of   1 completed.

number           kout          theta            phi      intensity
   108          14.31          12.00         323.50      2.7360065
    4.50% of job   1 of   1 completed.

number           kout          theta            phi      intensity
   109          14.31          12.00         326.50      2.7026074
    4.54% of job   1 of   1 completed.

number           kout          theta            phi      intensity
   110          14.31          12.00         329.50      2.6680365
    4.58% of job   1 of   1 completed.

number           kout          theta            phi      intensity
   111          14.31          12.00         332.50      2.6593132
    4.62% of job   1 of   1 completed.

number           kout          theta            phi      intensity
   112          14.31          12.00         335.50      2.6639135
    4.67% of job   1 of   1 completed.

number           kout          theta            phi      intensity
   113          14.31          12.00         338.50      2.6696701
    4.71% of job   1 of   1 completed.

number           kout          theta            phi      intensity
   114          14.31          12.00         341.50      2.6643391
    4.75% of job   1 of   1 completed.

number           kout          theta            phi      intensity
   115          14.31          12.00         344.50      2.7044022
    4.79% of job   1 of   1 completed.

number           kout          theta            phi      intensity
   116          14.31          12.00         347.50      2.7116382
    4.83% of job   1 of   1 completed.

number           kout          theta            phi      intensity
   117          14.31          12.00         350.50      2.7419281
    4.88% of job   1 of   1 completed.

number           kout          theta            phi      intensity
   118          14.31          12.00         353.50      2.7467778
    4.92% of job   1 of   1 completed.

number           kout          theta            phi      intensity
   119          14.31          12.00         356.50      2.7695627
    4.96% of job   1 of   1 completed.

number           kout          theta            phi      intensity
   120          14.31          12.00         359.50      2.7722549
    5.00% of job   1 of   1 completed.

number           kout          theta            phi      intensity
   121          14.31          15.00           2.50      2.9894450
    5.04% of job   1 of   1 completed.

number           kout          theta            phi      intensity
   122          14.31          15.00           5.50      2.9439857
    5.08% of job   1 of   1 completed.

number           kout          theta            phi      intensity
   123          14.31          15.00           8.50      2.9146807
    5.12% of job   1 of   1 completed.

number           kout          theta            phi      intensity
   124          14.31          15.00          11.50      2.8938425
    5.17% of job   1 of   1 completed.

number           kout          theta            phi      intensity
   125          14.31          15.00          14.50      2.8382823
    5.21% of job   1 of   1 completed.

number           kout          theta            phi      intensity
   126          14.31          15.00          17.50      2.8422184
    5.25% of job   1 of   1 completed.

number           kout          theta            phi      intensity
   127          14.31          15.00          20.50      2.9003773
    5.29% of job   1 of   1 completed.

number           kout          theta            phi      intensity
   128          14.31          15.00          23.50      2.9673033
    5.33% of job   1 of   1 completed.

number           kout          theta            phi      intensity
   129          14.31          15.00          26.50      3.0641584
    5.38% of job   1 of   1 completed.

number           kout          theta            phi      intensity
   130          14.31          15.00          29.50      3.1883755
    5.42% of job   1 of   1 completed.

number           kout          theta            phi      intensity
   131          14.31          15.00          32.50      3.3433940
    5.46% of job   1 of   1 completed.

number           kout          theta            phi      intensity
   132          14.31          15.00          35.50      3.5200307
    5.50% of job   1 of   1 completed.

number           kout          theta            phi      intensity
   133          14.31          15.00          38.50      3.6572030
    5.54% of job   1 of   1 completed.

number           kout          theta            phi      intensity
   134          14.31          15.00          41.50      3.7332036
    5.58% of job   1 of   1 completed.

number           kout          theta            phi      intensity
   135          14.31          15.00          44.50      3.7102950
    5.62% of job   1 of   1 completed.

number           kout          theta            phi      intensity
   136          14.31          15.00          47.50      3.6420317
    5.67% of job   1 of   1 completed.

number           kout          theta            phi      intensity
   137          14.31          15.00          50.50      3.5200613
    5.71% of job   1 of   1 completed.

number           kout          theta            phi      intensity
   138          14.31          15.00          53.50      3.4043314
    5.75% of job   1 of   1 completed.

number           kout          theta            phi      intensity
   139          14.31          15.00          56.50      3.2651403
    5.79% of job   1 of   1 completed.

number           kout          theta            phi      intensity
   140          14.31          15.00          59.50      3.1591227
    5.83% of job   1 of   1 completed.

number           kout          theta            phi      intensity
   141          14.31          15.00          62.50      3.1045723
    5.88% of job   1 of   1 completed.

number           kout          theta            phi      intensity
   142          14.31          15.00          65.50      3.0228310
    5.92% of job   1 of   1 completed.

number           kout          theta            phi      intensity
   143          14.31          15.00          68.50      3.0153112
    5.96% of job   1 of   1 completed.

number           kout          theta            phi      intensity
   144          14.31          15.00          71.50      2.9600840
    6.00% of job   1 of   1 completed.

number           kout          theta            phi      intensity
   145          14.31          15.00          74.50      2.9099026
    6.04% of job   1 of   1 completed.

number           kout          theta            phi      intensity
   146          14.31          15.00          77.50      2.8398864
    6.08% of job   1 of   1 completed.

number           kout          theta            phi      intensity
   147          14.31          15.00          80.50      2.7939634
    6.12% of job   1 of   1 completed.

number           kout          theta            phi      intensity
   148          14.31          15.00          83.50      2.7289822
    6.17% of job   1 of   1 completed.

number           kout          theta            phi      intensity
   149          14.31          15.00          86.50      2.7342014
    6.21% of job   1 of   1 completed.

number           kout          theta            phi      intensity
   150          14.31          15.00          89.50      2.7008638
    6.25% of job   1 of   1 completed.

number           kout          theta            phi      intensity
   151          14.31          15.00          92.50      2.6199794
    6.29% of job   1 of   1 completed.

number           kout          theta            phi      intensity
   152          14.31          15.00          95.50      2.5759580
    6.33% of job   1 of   1 completed.

number           kout          theta            phi      intensity
   153          14.31          15.00          98.50      2.5808518
    6.38% of job   1 of   1 completed.

number           kout          theta            phi      intensity
   154          14.31          15.00         101.50      2.6035101
    6.42% of job   1 of   1 completed.

number           kout          theta            phi      intensity
   155          14.31          15.00         104.50      2.6606200
    6.46% of job   1 of   1 completed.

number           kout          theta            phi      intensity
   156          14.31          15.00         107.50      2.7619016
    6.50% of job   1 of   1 completed.

number           kout          theta            phi      intensity
   157          14.31          15.00         110.50      2.8991377
    6.54% of job   1 of   1 completed.

number           kout          theta            phi      intensity
   158          14.31          15.00         113.50      3.1045580
    6.58% of job   1 of   1 completed.

number           kout          theta            phi      intensity
   159          14.31          15.00         116.50      3.3281624
    6.62% of job   1 of   1 completed.

number           kout          theta            phi      intensity
   160          14.31          15.00         119.50      3.5445871
    6.67% of job   1 of   1 completed.

number           kout          theta            phi      intensity
   161          14.31          15.00         122.50      3.8878834
    6.71% of job   1 of   1 completed.

number           kout          theta            phi      intensity
   162          14.31          15.00         125.50      4.1277328
    6.75% of job   1 of   1 completed.

number           kout          theta            phi      intensity
   163          14.31          15.00         128.50      4.3448043
    6.79% of job   1 of   1 completed.

number           kout          theta            phi      intensity
   164          14.31          15.00         131.50      4.5313435
    6.83% of job   1 of   1 completed.

number           kout          theta            phi      intensity
   165          14.31          15.00         134.50      4.6137271
    6.88% of job   1 of   1 completed.

number           kout          theta            phi      intensity
   166          14.31          15.00         137.50      4.5297866
    6.92% of job   1 of   1 completed.

number           kout          theta            phi      intensity
   167          14.31          15.00         140.50      4.3503785
    6.96% of job   1 of   1 completed.

number           kout          theta            phi      intensity
   168          14.31          15.00         143.50      4.0720153
    7.00% of job   1 of   1 completed.

number           kout          theta            phi      intensity
   169          14.31          15.00         146.50      3.7377684
    7.04% of job   1 of   1 completed.

number           kout          theta            phi      intensity
   170          14.31          15.00         149.50      3.4545209
    7.08% of job   1 of   1 completed.

number           kout          theta            phi      intensity
   171          14.31          15.00         152.50      3.1901464
    7.12% of job   1 of   1 completed.

number           kout          theta            phi      intensity
   172          14.31          15.00         155.50      2.9920738
    7.17% of job   1 of   1 completed.

number           kout          theta            phi      intensity
   173          14.31          15.00         158.50      2.8700426
    7.21% of job   1 of   1 completed.

number           kout          theta            phi      intensity
   174          14.31          15.00         161.50      2.7469738
    7.25% of job   1 of   1 completed.

number           kout          theta            phi      intensity
   175          14.31          15.00         164.50      2.7094467
    7.29% of job   1 of   1 completed.

number           kout          theta            phi      intensity
   176          14.31          15.00         167.50      2.7229297
    7.33% of job   1 of   1 completed.

number           kout          theta            phi      intensity
   177          14.31          15.00         170.50      2.7512283
    7.38% of job   1 of   1 completed.

number           kout          theta            phi      intensity
   178          14.31          15.00         173.50      2.7752144
    7.42% of job   1 of   1 completed.

number           kout          theta            phi      intensity
   179          14.31          15.00         176.50      2.8449087
    7.46% of job   1 of   1 completed.

number           kout          theta            phi      intensity
   180          14.31          15.00         179.50      2.8838542
    7.50% of job   1 of   1 completed.

number           kout          theta            phi      intensity
   181          14.31          15.00         182.50      2.8805697
    7.54% of job   1 of   1 completed.

number           kout          theta            phi      intensity
   182          14.31          15.00         185.50      2.8395970
    7.58% of job   1 of   1 completed.

number           kout          theta            phi      intensity
   183          14.31          15.00         188.50      2.8024006
    7.62% of job   1 of   1 completed.

number           kout          theta            phi      intensity
   184          14.31          15.00         191.50      2.7379601
    7.67% of job   1 of   1 completed.

number           kout          theta            phi      intensity
   185          14.31          15.00         194.50      2.6665754
    7.71% of job   1 of   1 completed.

number           kout          theta            phi      intensity
   186          14.31          15.00         197.50      2.7125924
    7.75% of job   1 of   1 completed.

number           kout          theta            phi      intensity
   187          14.31          15.00         200.50      2.7593796
    7.79% of job   1 of   1 completed.

number           kout          theta            phi      intensity
   188          14.31          15.00         203.50      2.8641117
    7.83% of job   1 of   1 completed.

number           kout          theta            phi      intensity
   189          14.31          15.00         206.50      3.0234108
    7.88% of job   1 of   1 completed.

number           kout          theta            phi      intensity
   190          14.31          15.00         209.50      3.1786835
    7.92% of job   1 of   1 completed.

number           kout          theta            phi      intensity
   191          14.31          15.00         212.50      3.4824660
    7.96% of job   1 of   1 completed.

number           kout          theta            phi      intensity
   192          14.31          15.00         215.50      3.7611334
    8.00% of job   1 of   1 completed.

number           kout          theta            phi      intensity
   193          14.31          15.00         218.50      4.0542154
    8.04% of job   1 of   1 completed.

number           kout          theta            phi      intensity
   194          14.31          15.00         221.50      4.2821898
    8.08% of job   1 of   1 completed.

number           kout          theta            phi      intensity
   195          14.31          15.00         224.50      4.3606181
    8.12% of job   1 of   1 completed.

number           kout          theta            phi      intensity
   196          14.31          15.00         227.50      4.4281969
    8.17% of job   1 of   1 completed.

number           kout          theta            phi      intensity
   197          14.31          15.00         230.50      4.3670092
    8.21% of job   1 of   1 completed.

number           kout          theta            phi      intensity
   198          14.31          15.00         233.50      4.1671367
    8.25% of job   1 of   1 completed.

number           kout          theta            phi      intensity
   199          14.31          15.00         236.50      3.9620478
    8.29% of job   1 of   1 completed.

number           kout          theta            phi      intensity
   200          14.31          15.00         239.50      3.6915042
    8.33% of job   1 of   1 completed.

number           kout          theta            phi      intensity
   201          14.31          15.00         242.50      3.3754005
    8.38% of job   1 of   1 completed.

number           kout          theta            phi      intensity
   202          14.31          15.00         245.50      3.1648519
    8.42% of job   1 of   1 completed.

number           kout          theta            phi      intensity
   203          14.31          15.00         248.50      2.9823444
    8.46% of job   1 of   1 completed.

number           kout          theta            phi      intensity
   204          14.31          15.00         251.50      2.7997131
    8.50% of job   1 of   1 completed.

number           kout          theta            phi      intensity
   205          14.31          15.00         254.50      2.6850204
    8.54% of job   1 of   1 completed.

number           kout          theta            phi      intensity
   206          14.31          15.00         257.50      2.6043007
    8.58% of job   1 of   1 completed.

number           kout          theta            phi      intensity
   207          14.31          15.00         260.50      2.5490320
    8.62% of job   1 of   1 completed.

number           kout          theta            phi      intensity
   208          14.31          15.00         263.50      2.5484090
    8.67% of job   1 of   1 completed.

number           kout          theta            phi      intensity
   209          14.31          15.00         266.50      2.5512011
    8.71% of job   1 of   1 completed.

number           kout          theta            phi      intensity
   210          14.31          15.00         269.50      2.5937967
    8.75% of job   1 of   1 completed.

number           kout          theta            phi      intensity
   211          14.31          15.00         272.50      2.6755779
    8.79% of job   1 of   1 completed.

number           kout          theta            phi      intensity
   212          14.31          15.00         275.50      2.6970956
    8.83% of job   1 of   1 completed.

number           kout          theta            phi      intensity
   213          14.31          15.00         278.50      2.7299922
    8.88% of job   1 of   1 completed.

number           kout          theta            phi      intensity
   214          14.31          15.00         281.50      2.7771490
    8.92% of job   1 of   1 completed.

number           kout          theta            phi      intensity
   215          14.31          15.00         284.50      2.8625052
    8.96% of job   1 of   1 completed.

number           kout          theta            phi      intensity
   216          14.31          15.00         287.50      2.8937368
    9.00% of job   1 of   1 completed.

number           kout          theta            phi      intensity
   217          14.31          15.00         290.50      2.9331539
    9.04% of job   1 of   1 completed.

number           kout          theta            phi      intensity
   218          14.31          15.00         293.50      2.9942875
    9.08% of job   1 of   1 completed.

number           kout          theta            phi      intensity
   219          14.31          15.00         296.50      3.0203660
    9.12% of job   1 of   1 completed.

number           kout          theta            phi      intensity
   220          14.31          15.00         299.50      3.0996015
    9.17% of job   1 of   1 completed.

number           kout          theta            phi      intensity
   221          14.31          15.00         302.50      3.1940615
    9.21% of job   1 of   1 completed.

number           kout          theta            phi      intensity
   222          14.31          15.00         305.50      3.2889669
    9.25% of job   1 of   1 completed.

number           kout          theta            phi      intensity
   223          14.31          15.00         308.50      3.3886364
    9.29% of job   1 of   1 completed.

number           kout          theta            phi      intensity
   224          14.31          15.00         311.50      3.5341823
    9.33% of job   1 of   1 completed.

number           kout          theta            phi      intensity
   225          14.31          15.00         314.50      3.5912426
    9.38% of job   1 of   1 completed.

number           kout          theta            phi      intensity
   226          14.31          15.00         317.50      3.6013308
    9.42% of job   1 of   1 completed.

number           kout          theta            phi      intensity
   227          14.31          15.00         320.50      3.5077734
    9.46% of job   1 of   1 completed.

number           kout          theta            phi      intensity
   228          14.31          15.00         323.50      3.4101088
    9.50% of job   1 of   1 completed.

number           kout          theta            phi      intensity
   229          14.31          15.00         326.50      3.2668722
    9.54% of job   1 of   1 completed.

number           kout          theta            phi      intensity
   230          14.31          15.00         329.50      3.0803864
    9.58% of job   1 of   1 completed.

number           kout          theta            phi      intensity
   231          14.31          15.00         332.50      2.9834149
    9.62% of job   1 of   1 completed.

number           kout          theta            phi      intensity
   232          14.31          15.00         335.50      2.8998969
    9.67% of job   1 of   1 completed.

number           kout          theta            phi      intensity
   233          14.31          15.00         338.50      2.8471096
    9.71% of job   1 of   1 completed.

number           kout          theta            phi      intensity
   234          14.31          15.00         341.50      2.8236248
    9.75% of job   1 of   1 completed.

number           kout          theta            phi      intensity
   235          14.31          15.00         344.50      2.8171759
    9.79% of job   1 of   1 completed.

number           kout          theta            phi      intensity
   236          14.31          15.00         347.50      2.8697202
    9.83% of job   1 of   1 completed.

number           kout          theta            phi      intensity
   237          14.31          15.00         350.50      2.9262984
    9.88% of job   1 of   1 completed.

number           kout          theta            phi      intensity
   238          14.31          15.00         353.50      2.9743567
    9.92% of job   1 of   1 completed.

number           kout          theta            phi      intensity
   239          14.31          15.00         356.50      2.9766598
    9.96% of job   1 of   1 completed.

number           kout          theta            phi      intensity
   240          14.31          15.00         359.50      3.0010519
   10.00% of job   1 of   1 completed.

number           kout          theta            phi      intensity
   241          14.31          18.00           2.50      3.5874631
   10.04% of job   1 of   1 completed.

number           kout          theta            phi      intensity
   242          14.31          18.00           5.50      3.4548686
   10.08% of job   1 of   1 completed.

number           kout          theta            phi      intensity
   243          14.31          18.00           8.50      3.3045924
   10.12% of job   1 of   1 completed.

number           kout          theta            phi      intensity
   244          14.31          18.00          11.50      3.1829751
   10.17% of job   1 of   1 completed.

number           kout          theta            phi      intensity
   245          14.31          18.00          14.50      3.1204469
   10.21% of job   1 of   1 completed.

number           kout          theta            phi      intensity
   246          14.31          18.00          17.50      3.0725632
   10.25% of job   1 of   1 completed.

number           kout          theta            phi      intensity
   247          14.31          18.00          20.50      3.0899086
   10.29% of job   1 of   1 completed.

number           kout          theta            phi      intensity
   248          14.31          18.00          23.50      3.1886837
   10.33% of job   1 of   1 completed.

number           kout          theta            phi      intensity
   249          14.31          18.00          26.50      3.3361311
   10.38% of job   1 of   1 completed.

number           kout          theta            phi      intensity
   250          14.31          18.00          29.50      3.5747030
   10.42% of job   1 of   1 completed.

number           kout          theta            phi      intensity
   251          14.31          18.00          32.50      3.8683035
   10.46% of job   1 of   1 completed.

number           kout          theta            phi      intensity
   252          14.31          18.00          35.50      4.2824521
   10.50% of job   1 of   1 completed.

number           kout          theta            phi      intensity
   253          14.31          18.00          38.50      4.5588026
   10.54% of job   1 of   1 completed.

number           kout          theta            phi      intensity
   254          14.31          18.00          41.50      4.7190700
   10.58% of job   1 of   1 completed.

number           kout          theta            phi      intensity
   255          14.31          18.00          44.50      4.7227788
   10.62% of job   1 of   1 completed.

number           kout          theta            phi      intensity
   256          14.31          18.00          47.50      4.5653038
   10.67% of job   1 of   1 completed.

number           kout          theta            phi      intensity
   257          14.31          18.00          50.50      4.2770872
   10.71% of job   1 of   1 completed.

number           kout          theta            phi      intensity
   258          14.31          18.00          53.50      3.9717970
   10.75% of job   1 of   1 completed.

number           kout          theta            phi      intensity
   259          14.31          18.00          56.50      3.7093751
   10.79% of job   1 of   1 completed.

number           kout          theta            phi      intensity
   260          14.31          18.00          59.50      3.4774430
   10.83% of job   1 of   1 completed.

number           kout          theta            phi      intensity
   261          14.31          18.00          62.50      3.3911769
   10.88% of job   1 of   1 completed.

number           kout          theta            phi      intensity
   262          14.31          18.00          65.50      3.3874261
   10.92% of job   1 of   1 completed.

number           kout          theta            phi      intensity
   263          14.31          18.00          68.50      3.3816416
   10.96% of job   1 of   1 completed.

number           kout          theta            phi      intensity
   264          14.31          18.00          71.50      3.4486458
   11.00% of job   1 of   1 completed.

number           kout          theta            phi      intensity
   265          14.31          18.00          74.50      3.4940102
   11.04% of job   1 of   1 completed.

number           kout          theta            phi      intensity
   266          14.31          18.00          77.50      3.5365009
   11.08% of job   1 of   1 completed.

number           kout          theta            phi      intensity
   267          14.31          18.00          80.50      3.5909517
   11.12% of job   1 of   1 completed.

number           kout          theta            phi      intensity
   268          14.31          18.00          83.50      3.6154432
   11.17% of job   1 of   1 completed.

number           kout          theta            phi      intensity
   269          14.31          18.00          86.50      3.6825855
   11.21% of job   1 of   1 completed.

number           kout          theta            phi      intensity
   270          14.31          18.00          89.50      3.6003959
   11.25% of job   1 of   1 completed.

number           kout          theta            phi      intensity
   271          14.31          18.00          92.50      3.4757578
   11.29% of job   1 of   1 completed.

number           kout          theta            phi      intensity
   272          14.31          18.00          95.50      3.3195667
   11.33% of job   1 of   1 completed.

number           kout          theta            phi      intensity
   273          14.31          18.00          98.50      3.2108986
   11.38% of job   1 of   1 completed.

number           kout          theta            phi      intensity
   274          14.31          18.00         101.50      3.1197484
   11.42% of job   1 of   1 completed.

number           kout          theta            phi      intensity
   275          14.31          18.00         104.50      3.0768926
   11.46% of job   1 of   1 completed.

number           kout          theta            phi      intensity
   276          14.31          18.00         107.50      3.1207116
   11.50% of job   1 of   1 completed.

number           kout          theta            phi      intensity
   277          14.31          18.00         110.50      3.2198474
   11.54% of job   1 of   1 completed.

number           kout          theta            phi      intensity
   278          14.31          18.00         113.50      3.3749516
   11.58% of job   1 of   1 completed.

number           kout          theta            phi      intensity
   279          14.31          18.00         116.50      3.5423787
   11.62% of job   1 of   1 completed.

number           kout          theta            phi      intensity
   280          14.31          18.00         119.50      3.8392990
   11.67% of job   1 of   1 completed.

number           kout          theta            phi      intensity
   281          14.31          18.00         122.50      4.2645125
   11.71% of job   1 of   1 completed.

number           kout          theta            phi      intensity
   282          14.31          18.00         125.50      4.7087593
   11.75% of job   1 of   1 completed.

number           kout          theta            phi      intensity
   283          14.31          18.00         128.50      5.1722379
   11.79% of job   1 of   1 completed.

number           kout          theta            phi      intensity
   284          14.31          18.00         131.50      5.5357723
   11.83% of job   1 of   1 completed.

number           kout          theta            phi      intensity
   285          14.31          18.00         134.50      5.7063904
   11.88% of job   1 of   1 completed.

number           kout          theta            phi      intensity
   286          14.31          18.00         137.50      5.7098699
   11.92% of job   1 of   1 completed.

number           kout          theta            phi      intensity
   287          14.31          18.00         140.50      5.2164745
   11.96% of job   1 of   1 completed.

number           kout          theta            phi      intensity
   288          14.31          18.00         143.50      4.8221469
   12.00% of job   1 of   1 completed.

number           kout          theta            phi      intensity
   289          14.31          18.00         146.50      4.2828174
   12.04% of job   1 of   1 completed.

number           kout          theta            phi      intensity
   290          14.31          18.00         149.50      3.8131561
   12.08% of job   1 of   1 completed.

number           kout          theta            phi      intensity
   291          14.31          18.00         152.50      3.4342191
   12.12% of job   1 of   1 completed.

number           kout          theta            phi      intensity
   292          14.31          18.00         155.50      3.2066944
   12.17% of job   1 of   1 completed.

number           kout          theta            phi      intensity
   293          14.31          18.00         158.50      3.0529652
   12.21% of job   1 of   1 completed.

number           kout          theta            phi      intensity
   294          14.31          18.00         161.50      2.9504640
   12.25% of job   1 of   1 completed.

number           kout          theta            phi      intensity
   295          14.31          18.00         164.50      2.9458799
   12.29% of job   1 of   1 completed.

number           kout          theta            phi      intensity
   296          14.31          18.00         167.50      2.9875460
   12.33% of job   1 of   1 completed.

number           kout          theta            phi      intensity
   297          14.31          18.00         170.50      3.1693180
   12.38% of job   1 of   1 completed.

number           kout          theta            phi      intensity
   298          14.31          18.00         173.50      3.3659632
   12.42% of job   1 of   1 completed.

number           kout          theta            phi      intensity
   299          14.31          18.00         176.50      3.5803235
   12.46% of job   1 of   1 completed.

number           kout          theta            phi      intensity
   300          14.31          18.00         179.50      3.7066181
   12.50% of job   1 of   1 completed.

number           kout          theta            phi      intensity
   301          14.31          18.00         182.50      3.6934521
   12.54% of job   1 of   1 completed.

number           kout          theta            phi      intensity
   302          14.31          18.00         185.50      3.5256674
   12.58% of job   1 of   1 completed.

number           kout          theta            phi      intensity
   303          14.31          18.00         188.50      3.2822971
   12.62% of job   1 of   1 completed.

number           kout          theta            phi      intensity
   304          14.31          18.00         191.50      3.1239407
   12.67% of job   1 of   1 completed.

number           kout          theta            phi      intensity
   305          14.31          18.00         194.50      2.9676054
   12.71% of job   1 of   1 completed.

number           kout          theta            phi      intensity
   306          14.31          18.00         197.50      2.9107542
   12.75% of job   1 of   1 completed.

number           kout          theta            phi      intensity
   307          14.31          18.00         200.50      2.9644566
   12.79% of job   1 of   1 completed.

number           kout          theta            phi      intensity
   308          14.31          18.00         203.50      3.0824440
   12.83% of job   1 of   1 completed.

number           kout          theta            phi      intensity
   309          14.31          18.00         206.50      3.2710412
   12.88% of job   1 of   1 completed.

number           kout          theta            phi      intensity
   310          14.31          18.00         209.50      3.5451148
   12.92% of job   1 of   1 completed.

number           kout          theta            phi      intensity
   311          14.31          18.00         212.50      3.9523757
   12.96% of job   1 of   1 completed.

number           kout          theta            phi      intensity
   312          14.31          18.00         215.50      4.4004354
   13.00% of job   1 of   1 completed.

number           kout          theta            phi      intensity
   313          14.31          18.00         218.50      4.9275556
   13.04% of job   1 of   1 completed.

number           kout          theta            phi      intensity
   314          14.31          18.00         221.50      5.4177442
   13.08% of job   1 of   1 completed.

number           kout          theta            phi      intensity
   315          14.31          18.00         224.50      5.5526881
   13.12% of job   1 of   1 completed.

number           kout          theta            phi      intensity
   316          14.31          18.00         227.50      5.5558782
   13.17% of job   1 of   1 completed.

number           kout          theta            phi      intensity
   317          14.31          18.00         230.50      5.3576984
   13.21% of job   1 of   1 completed.

number           kout          theta            phi      intensity
   318          14.31          18.00         233.50      4.9907045
   13.25% of job   1 of   1 completed.

number           kout          theta            phi      intensity
   319          14.31          18.00         236.50      4.5214901
   13.29% of job   1 of   1 completed.

number           kout          theta            phi      intensity
   320          14.31          18.00         239.50      4.0496974
   13.33% of job   1 of   1 completed.

number           kout          theta            phi      intensity
   321          14.31          18.00         242.50      3.6855404
   13.38% of job   1 of   1 completed.

number           kout          theta            phi      intensity
   322          14.31          18.00         245.50      3.4398692
   13.42% of job   1 of   1 completed.

number           kout          theta            phi      intensity
   323          14.31          18.00         248.50      3.2563593
   13.46% of job   1 of   1 completed.

number           kout          theta            phi      intensity
   324          14.31          18.00         251.50      3.1473339
   13.50% of job   1 of   1 completed.

number           kout          theta            phi      intensity
   325          14.31          18.00         254.50      3.0593188
   13.54% of job   1 of   1 completed.

number           kout          theta            phi      intensity
   326          14.31          18.00         257.50      3.0648024
   13.58% of job   1 of   1 completed.

number           kout          theta            phi      intensity
   327          14.31          18.00         260.50      3.1088314
   13.62% of job   1 of   1 completed.

number           kout          theta            phi      intensity
   328          14.31          18.00         263.50      3.1988916
   13.67% of job   1 of   1 completed.

number           kout          theta            phi      intensity
   329          14.31          18.00         266.50      3.2672484
   13.71% of job   1 of   1 completed.

number           kout          theta            phi      intensity
   330          14.31          18.00         269.50      3.4068806
   13.75% of job   1 of   1 completed.

number           kout          theta            phi      intensity
   331          14.31          18.00         272.50      3.5152090
   13.79% of job   1 of   1 completed.

number           kout          theta            phi      intensity
   332          14.31          18.00         275.50      3.5197647
   13.83% of job   1 of   1 completed.

number           kout          theta            phi      intensity
   333          14.31          18.00         278.50      3.5090067
   13.88% of job   1 of   1 completed.

number           kout          theta            phi      intensity
   334          14.31          18.00         281.50      3.5202954
   13.92% of job   1 of   1 completed.

number           kout          theta            phi      intensity
   335          14.31          18.00         284.50      3.5071962
   13.96% of job   1 of   1 completed.

number           kout          theta            phi      intensity
   336          14.31          18.00         287.50      3.4678135
   14.00% of job   1 of   1 completed.

number           kout          theta            phi      intensity
   337          14.31          18.00         290.50      3.4146612
   14.04% of job   1 of   1 completed.

number           kout          theta            phi      intensity
   338          14.31          18.00         293.50      3.3774393
   14.08% of job   1 of   1 completed.

number           kout          theta            phi      intensity
   339          14.31          18.00         296.50      3.4072950
   14.12% of job   1 of   1 completed.

number           kout          theta            phi      intensity
   340          14.31          18.00         299.50      3.5064926
   14.17% of job   1 of   1 completed.

number           kout          theta            phi      intensity
   341          14.31          18.00         302.50      3.6996186
   14.21% of job   1 of   1 completed.

number           kout          theta            phi      intensity
   342          14.31          18.00         305.50      3.9624217
   14.25% of job   1 of   1 completed.

number           kout          theta            phi      intensity
   343          14.31          18.00         308.50      4.2269473
   14.29% of job   1 of   1 completed.

number           kout          theta            phi      intensity
   344          14.31          18.00         311.50      4.5352283
   14.33% of job   1 of   1 completed.

number           kout          theta            phi      intensity
   345          14.31          18.00         314.50      4.6789789
   14.38% of job   1 of   1 completed.

number           kout          theta            phi      intensity
   346          14.31          18.00         317.50      4.6195970
   14.42% of job   1 of   1 completed.

number           kout          theta            phi      intensity
   347          14.31          18.00         320.50      4.4768887
   14.46% of job   1 of   1 completed.

number           kout          theta            phi      intensity
   348          14.31          18.00         323.50      4.1903625
   14.50% of job   1 of   1 completed.

number           kout          theta            phi      intensity
   349          14.31          18.00         326.50      3.7868745
   14.54% of job   1 of   1 completed.

number           kout          theta            phi      intensity
   350          14.31          18.00         329.50      3.5190258
   14.58% of job   1 of   1 completed.

number           kout          theta            phi      intensity
   351          14.31          18.00         332.50      3.2947414
   14.62% of job   1 of   1 completed.

number           kout          theta            phi      intensity
   352          14.31          18.00         335.50      3.1539879
   14.67% of job   1 of   1 completed.

number           kout          theta            phi      intensity
   353          14.31          18.00         338.50      3.0837214
   14.71% of job   1 of   1 completed.

number           kout          theta            phi      intensity
   354          14.31          18.00         341.50      3.0547190
   14.75% of job   1 of   1 completed.

number           kout          theta            phi      intensity
   355          14.31          18.00         344.50      3.0959527
   14.79% of job   1 of   1 completed.

number           kout          theta            phi      intensity
   356          14.31          18.00         347.50      3.1975095
   14.83% of job   1 of   1 completed.

number           kout          theta            phi      intensity
   357          14.31          18.00         350.50      3.3423777
   14.88% of job   1 of   1 completed.

number           kout          theta            phi      intensity
   358          14.31          18.00         353.50      3.5038741
   14.92% of job   1 of   1 completed.

number           kout          theta            phi      intensity
   359          14.31          18.00         356.50      3.6305134
   14.96% of job   1 of   1 completed.

number           kout          theta            phi      intensity
   360          14.31          18.00         359.50      3.6674738
   15.00% of job   1 of   1 completed.

number           kout          theta            phi      intensity
   361          14.31          21.00           2.50      4.4598670
   15.04% of job   1 of   1 completed.

number           kout          theta            phi      intensity
   362          14.31          21.00           5.50      4.2604518
   15.08% of job   1 of   1 completed.

number           kout          theta            phi      intensity
   363          14.31          21.00           8.50      3.9842837
   15.12% of job   1 of   1 completed.

number           kout          theta            phi      intensity
   364          14.31          21.00          11.50      3.7875941
   15.17% of job   1 of   1 completed.

number           kout          theta            phi      intensity
   365          14.31          21.00          14.50      3.6357949
   15.21% of job   1 of   1 completed.

number           kout          theta            phi      intensity
   366          14.31          21.00          17.50      3.4818480
   15.25% of job   1 of   1 completed.

number           kout          theta            phi      intensity
   367          14.31          21.00          20.50      3.4206991
   15.29% of job   1 of   1 completed.

number           kout          theta            phi      intensity
   368          14.31          21.00          23.50      3.4215622
   15.33% of job   1 of   1 completed.

number           kout          theta            phi      intensity
   369          14.31          21.00          26.50      3.5465763
   15.38% of job   1 of   1 completed.

number           kout          theta            phi      intensity
   370          14.31          21.00          29.50      3.7284670
   15.42% of job   1 of   1 completed.

number           kout          theta            phi      intensity
   371          14.31          21.00          32.50      4.0932713
   15.46% of job   1 of   1 completed.

number           kout          theta            phi      intensity
   372          14.31          21.00          35.50      4.6020460
   15.50% of job   1 of   1 completed.

number           kout          theta            phi      intensity
   373          14.31          21.00          38.50      5.0690656
   15.54% of job   1 of   1 completed.

number           kout          theta            phi      intensity
   374          14.31          21.00          41.50      5.3520222
   15.58% of job   1 of   1 completed.

number           kout          theta            phi      intensity
   375          14.31          21.00          44.50      5.4656863
   15.62% of job   1 of   1 completed.

number           kout          theta            phi      intensity
   376          14.31          21.00          47.50      5.2726927
   15.67% of job   1 of   1 completed.

number           kout          theta            phi      intensity
   377          14.31          21.00          50.50      4.8930497
   15.71% of job   1 of   1 completed.

number           kout          theta            phi      intensity
   378          14.31          21.00          53.50      4.4349661
   15.75% of job   1 of   1 completed.

number           kout          theta            phi      intensity
   379          14.31          21.00          56.50      4.0439115
   15.79% of job   1 of   1 completed.

number           kout          theta            phi      intensity
   380          14.31          21.00          59.50      3.8106651
   15.83% of job   1 of   1 completed.

number           kout          theta            phi      intensity
   381          14.31          21.00          62.50      3.6711013
   15.88% of job   1 of   1 completed.

number           kout          theta            phi      intensity
   382          14.31          21.00          65.50      3.7679310
   15.92% of job   1 of   1 completed.

number           kout          theta            phi      intensity
   383          14.31          21.00          68.50      3.8764572
   15.96% of job   1 of   1 completed.

number           kout          theta            phi      intensity
   384          14.31          21.00          71.50      4.0526433
   16.00% of job   1 of   1 completed.

number           kout          theta            phi      intensity
   385          14.31          21.00          74.50      4.2654605
   16.04% of job   1 of   1 completed.

number           kout          theta            phi      intensity
   386          14.31          21.00          77.50      4.4401426
   16.08% of job   1 of   1 completed.

number           kout          theta            phi      intensity
   387          14.31          21.00          80.50      4.5403419
   16.12% of job   1 of   1 completed.

number           kout          theta            phi      intensity
   388          14.31          21.00          83.50      4.6656380
   16.17% of job   1 of   1 completed.

number           kout          theta            phi      intensity
   389          14.31          21.00          86.50      4.6789880
   16.21% of job   1 of   1 completed.

number           kout          theta            phi      intensity
   390          14.31          21.00          89.50      4.6128306
   16.25% of job   1 of   1 completed.

number           kout          theta            phi      intensity
   391          14.31          21.00          92.50      4.4528685
   16.29% of job   1 of   1 completed.

number           kout          theta            phi      intensity
   392          14.31          21.00          95.50      4.2680001
   16.33% of job   1 of   1 completed.

number           kout          theta            phi      intensity
   393          14.31          21.00          98.50      4.0254593
   16.38% of job   1 of   1 completed.

number           kout          theta            phi      intensity
   394          14.31          21.00         101.50      3.8642395
   16.42% of job   1 of   1 completed.

number           kout          theta            phi      intensity
   395          14.31          21.00         104.50      3.7795155
   16.46% of job   1 of   1 completed.

number           kout          theta            phi      intensity
   396          14.31          21.00         107.50      3.6607668
   16.50% of job   1 of   1 completed.

number           kout          theta            phi      intensity
   397          14.31          21.00         110.50      3.6593151
   16.54% of job   1 of   1 completed.

number           kout          theta            phi      intensity
   398          14.31          21.00         113.50      3.6634626
   16.58% of job   1 of   1 completed.

number           kout          theta            phi      intensity
   399          14.31          21.00         116.50      3.7485173
   16.62% of job   1 of   1 completed.

number           kout          theta            phi      intensity
   400          14.31          21.00         119.50      3.9724569
   16.67% of job   1 of   1 completed.

number           kout          theta            phi      intensity
   401          14.31          21.00         122.50      4.3094392
   16.71% of job   1 of   1 completed.

number           kout          theta            phi      intensity
   402          14.31          21.00         125.50      4.7488933
   16.75% of job   1 of   1 completed.

number           kout          theta            phi      intensity
   403          14.31          21.00         128.50      5.3464999
   16.79% of job   1 of   1 completed.

number           kout          theta            phi      intensity
   404          14.31          21.00         131.50      5.8496995
   16.83% of job   1 of   1 completed.

number           kout          theta            phi      intensity
   405          14.31          21.00         134.50      6.1343403
   16.88% of job   1 of   1 completed.

number           kout          theta            phi      intensity
   406          14.31          21.00         137.50      6.1084442
   16.92% of job   1 of   1 completed.

number           kout          theta            phi      intensity
   407          14.31          21.00         140.50      5.6245689
   16.96% of job   1 of   1 completed.

number           kout          theta            phi      intensity
   408          14.31          21.00         143.50      5.0691600
   17.00% of job   1 of   1 completed.

number           kout          theta            phi      intensity
   409          14.31          21.00         146.50      4.5371675
   17.04% of job   1 of   1 completed.

number           kout          theta            phi      intensity
   410          14.31          21.00         149.50      4.0148530
   17.08% of job   1 of   1 completed.

number           kout          theta            phi      intensity
   411          14.31          21.00         152.50      3.6358426
   17.12% of job   1 of   1 completed.

number           kout          theta            phi      intensity
   412          14.31          21.00         155.50      3.4182911
   17.17% of job   1 of   1 completed.

number           kout          theta            phi      intensity
   413          14.31          21.00         158.50      3.2938149
   17.21% of job   1 of   1 completed.

number           kout          theta            phi      intensity
   414          14.31          21.00         161.50      3.2658396
   17.25% of job   1 of   1 completed.

number           kout          theta            phi      intensity
   415          14.31          21.00         164.50      3.3965800
   17.29% of job   1 of   1 completed.

number           kout          theta            phi      intensity
   416          14.31          21.00         167.50      3.6022549
   17.33% of job   1 of   1 completed.

number           kout          theta            phi      intensity
   417          14.31          21.00         170.50      3.9587300
   17.38% of job   1 of   1 completed.

number           kout          theta            phi      intensity
   418          14.31          21.00         173.50      4.3978934
   17.42% of job   1 of   1 completed.

number           kout          theta            phi      intensity
   419          14.31          21.00         176.50      4.8210559
   17.46% of job   1 of   1 completed.

number           kout          theta            phi      intensity
   420          14.31          21.00         179.50      4.9916263
   17.50% of job   1 of   1 completed.

number           kout          theta            phi      intensity
   421          14.31          21.00         182.50      4.9687819
   17.54% of job   1 of   1 completed.

number           kout          theta            phi      intensity
   422          14.31          21.00         185.50      4.6823082
   17.58% of job   1 of   1 completed.

number           kout          theta            phi      intensity
   423          14.31          21.00         188.50      4.2492747
   17.62% of job   1 of   1 completed.

number           kout          theta            phi      intensity
   424          14.31          21.00         191.50      3.8491745
   17.67% of job   1 of   1 completed.

number           kout          theta            phi      intensity
   425          14.31          21.00         194.50      3.4955559
   17.71% of job   1 of   1 completed.

number           kout          theta            phi      intensity
   426          14.31          21.00         197.50      3.2851675
   17.75% of job   1 of   1 completed.

number           kout          theta            phi      intensity
   427          14.31          21.00         200.50      3.2147715
   17.79% of job   1 of   1 completed.

number           kout          theta            phi      intensity
   428          14.31          21.00         203.50      3.3041859
   17.83% of job   1 of   1 completed.

number           kout          theta            phi      intensity
   429          14.31          21.00         206.50      3.4541819
   17.88% of job   1 of   1 completed.

number           kout          theta            phi      intensity
   430          14.31          21.00         209.50      3.7419145
   17.92% of job   1 of   1 completed.

number           kout          theta            phi      intensity
   431          14.31          21.00         212.50      4.1818647
   17.96% of job   1 of   1 completed.

number           kout          theta            phi      intensity
   432          14.31          21.00         215.50      4.7577419
   18.00% of job   1 of   1 completed.

number           kout          theta            phi      intensity
   433          14.31          21.00         218.50      5.2915664
   18.04% of job   1 of   1 completed.

number           kout          theta            phi      intensity
   434          14.31          21.00         221.50      5.8626971
   18.08% of job   1 of   1 completed.

number           kout          theta            phi      intensity
   435          14.31          21.00         224.50      6.0547748
   18.12% of job   1 of   1 completed.

number           kout          theta            phi      intensity
   436          14.31          21.00         227.50      5.9912572
   18.17% of job   1 of   1 completed.

number           kout          theta            phi      intensity
   437          14.31          21.00         230.50      5.6219831
   18.21% of job   1 of   1 completed.

number           kout          theta            phi      intensity
   438          14.31          21.00         233.50      5.1199074
   18.25% of job   1 of   1 completed.

number           kout          theta            phi      intensity
   439          14.31          21.00         236.50      4.5405288
   18.29% of job   1 of   1 completed.

number           kout          theta            phi      intensity
   440          14.31          21.00         239.50      4.0570931
   18.33% of job   1 of   1 completed.

number           kout          theta            phi      intensity
   441          14.31          21.00         242.50      3.8134449
   18.38% of job   1 of   1 completed.

number           kout          theta            phi      intensity
   442          14.31          21.00         245.50      3.6672659
   18.42% of job   1 of   1 completed.

number           kout          theta            phi      intensity
   443          14.31          21.00         248.50      3.6198447
   18.46% of job   1 of   1 completed.

number           kout          theta            phi      intensity
   444          14.31          21.00         251.50      3.6534109
   18.50% of job   1 of   1 completed.

number           kout          theta            phi      intensity
   445          14.31          21.00         254.50      3.7281628
   18.54% of job   1 of   1 completed.

number           kout          theta            phi      intensity
   446          14.31          21.00         257.50      3.7917449
   18.58% of job   1 of   1 completed.

number           kout          theta            phi      intensity
   447          14.31          21.00         260.50      3.9007127
   18.62% of job   1 of   1 completed.

number           kout          theta            phi      intensity
   448          14.31          21.00         263.50      4.0466642
   18.67% of job   1 of   1 completed.

number           kout          theta            phi      intensity
   449          14.31          21.00         266.50      4.2777324
   18.71% of job   1 of   1 completed.

number           kout          theta            phi      intensity
   450          14.31          21.00         269.50      4.4417167
   18.75% of job   1 of   1 completed.

number           kout          theta            phi      intensity
   451          14.31          21.00         272.50      4.5785384
   18.79% of job   1 of   1 completed.

number           kout          theta            phi      intensity
   452          14.31          21.00         275.50      4.5609965
   18.83% of job   1 of   1 completed.

number           kout          theta            phi      intensity
   453          14.31          21.00         278.50      4.5430932
   18.88% of job   1 of   1 completed.

number           kout          theta            phi      intensity
   454          14.31          21.00         281.50      4.4322438
   18.92% of job   1 of   1 completed.

number           kout          theta            phi      intensity
   455          14.31          21.00         284.50      4.2949481
   18.96% of job   1 of   1 completed.

number           kout          theta            phi      intensity
   456          14.31          21.00         287.50      4.0812788
   19.00% of job   1 of   1 completed.

number           kout          theta            phi      intensity
   457          14.31          21.00         290.50      3.9019201
   19.04% of job   1 of   1 completed.

number           kout          theta            phi      intensity
   458          14.31          21.00         293.50      3.7724402
   19.08% of job   1 of   1 completed.

number           kout          theta            phi      intensity
   459          14.31          21.00         296.50      3.6838350
   19.12% of job   1 of   1 completed.

number           kout          theta            phi      intensity
   460          14.31          21.00         299.50      3.7283390
   19.17% of job   1 of   1 completed.

number           kout          theta            phi      intensity
   461          14.31          21.00         302.50      3.9333060
   19.21% of job   1 of   1 completed.

number           kout          theta            phi      intensity
   462          14.31          21.00         305.50      4.2867932
   19.25% of job   1 of   1 completed.

number           kout          theta            phi      intensity
   463          14.31          21.00         308.50      4.7483640
   19.29% of job   1 of   1 completed.

number           kout          theta            phi      intensity
   464          14.31          21.00         311.50      5.1298900
   19.33% of job   1 of   1 completed.

number           kout          theta            phi      intensity
   465          14.31          21.00         314.50      5.2930913
   19.38% of job   1 of   1 completed.

number           kout          theta            phi      intensity
   466          14.31          21.00         317.50      5.2118688
   19.42% of job   1 of   1 completed.

number           kout          theta            phi      intensity
   467          14.31          21.00         320.50      4.9423089
   19.46% of job   1 of   1 completed.

number           kout          theta            phi      intensity
   468          14.31          21.00         323.50      4.4997802
   19.50% of job   1 of   1 completed.

number           kout          theta            phi      intensity
   469          14.31          21.00         326.50      3.9632480
   19.54% of job   1 of   1 completed.

number           kout          theta            phi      intensity
   470          14.31          21.00         329.50      3.6540098
   19.58% of job   1 of   1 completed.

number           kout          theta            phi      intensity
   471          14.31          21.00         332.50      3.4499054
   19.62% of job   1 of   1 completed.

number           kout          theta            phi      intensity
   472          14.31          21.00         335.50      3.3618343
   19.67% of job   1 of   1 completed.

number           kout          theta            phi      intensity
   473          14.31          21.00         338.50      3.3526688
   19.71% of job   1 of   1 completed.

number           kout          theta            phi      intensity
   474          14.31          21.00         341.50      3.4221411
   19.75% of job   1 of   1 completed.

number           kout          theta            phi      intensity
   475          14.31          21.00         344.50      3.6149120
   19.79% of job   1 of   1 completed.

number           kout          theta            phi      intensity
   476          14.31          21.00         347.50      3.8033350
   19.83% of job   1 of   1 completed.

number           kout          theta            phi      intensity
   477          14.31          21.00         350.50      4.0346189
   19.88% of job   1 of   1 completed.

number           kout          theta            phi      intensity
   478          14.31          21.00         353.50      4.2751336
   19.92% of job   1 of   1 completed.

number           kout          theta            phi      intensity
   479          14.31          21.00         356.50      4.4640856
   19.96% of job   1 of   1 completed.

number           kout          theta            phi      intensity
   480          14.31          21.00         359.50      4.5276303
   20.00% of job   1 of   1 completed.

number           kout          theta            phi      intensity
   481          14.31          24.00           2.50      4.4815021
   20.04% of job   1 of   1 completed.

number           kout          theta            phi      intensity
   482          14.31          24.00           5.50      4.4071121
   20.08% of job   1 of   1 completed.

number           kout          theta            phi      intensity
   483          14.31          24.00           8.50      4.2817678
   20.12% of job   1 of   1 completed.

number           kout          theta            phi      intensity
   484          14.31          24.00          11.50      4.1591859
   20.17% of job   1 of   1 completed.

number           kout          theta            phi      intensity
   485          14.31          24.00          14.50      4.0269213
   20.21% of job   1 of   1 completed.

number           kout          theta            phi      intensity
   486          14.31          24.00          17.50      3.9294109
   20.25% of job   1 of   1 completed.

number           kout          theta            phi      intensity
   487          14.31          24.00          20.50      3.8592751
   20.29% of job   1 of   1 completed.

number           kout          theta            phi      intensity
   488          14.31          24.00          23.50      3.9184477
   20.33% of job   1 of   1 completed.

number           kout          theta            phi      intensity
   489          14.31          24.00          26.50      4.0664010
   20.38% of job   1 of   1 completed.

number           kout          theta            phi      intensity
   490          14.31          24.00          29.50      4.2684522
   20.42% of job   1 of   1 completed.

number           kout          theta            phi      intensity
   491          14.31          24.00          32.50      4.5838861
   20.46% of job   1 of   1 completed.

number           kout          theta            phi      intensity
   492          14.31          24.00          35.50      5.0177951
   20.50% of job   1 of   1 completed.

number           kout          theta            phi      intensity
   493          14.31          24.00          38.50      5.4862885
   20.54% of job   1 of   1 completed.

number           kout          theta            phi      intensity
   494          14.31          24.00          41.50      5.9063392
   20.58% of job   1 of   1 completed.

number           kout          theta            phi      intensity
   495          14.31          24.00          44.50      6.1585751
   20.62% of job   1 of   1 completed.

number           kout          theta            phi      intensity
   496          14.31          24.00          47.50      5.9781528
   20.67% of job   1 of   1 completed.

number           kout          theta            phi      intensity
   497          14.31          24.00          50.50      5.5917659
   20.71% of job   1 of   1 completed.

number           kout          theta            phi      intensity
   498          14.31          24.00          53.50      5.1548514
   20.75% of job   1 of   1 completed.

number           kout          theta            phi      intensity
   499          14.31          24.00          56.50      4.7238860
   20.79% of job   1 of   1 completed.

number           kout          theta            phi      intensity
   500          14.31          24.00          59.50      4.3873219
   20.83% of job   1 of   1 completed.

number           kout          theta            phi      intensity
   501          14.31          24.00          62.50      4.1224003
   20.88% of job   1 of   1 completed.

number           kout          theta            phi      intensity
   502          14.31          24.00          65.50      4.0575109
   20.92% of job   1 of   1 completed.

number           kout          theta            phi      intensity
   503          14.31          24.00          68.50      4.0264707
   20.96% of job   1 of   1 completed.

number           kout          theta            phi      intensity
   504          14.31          24.00          71.50      4.1001458
   21.00% of job   1 of   1 completed.

number           kout          theta            phi      intensity
   505          14.31          24.00          74.50      4.2800398
   21.04% of job   1 of   1 completed.

number           kout          theta            phi      intensity
   506          14.31          24.00          77.50      4.4574113
   21.08% of job   1 of   1 completed.

number           kout          theta            phi      intensity
   507          14.31          24.00          80.50      4.6602507
   21.12% of job   1 of   1 completed.

number           kout          theta            phi      intensity
   508          14.31          24.00          83.50      4.7118335
   21.17% of job   1 of   1 completed.

number           kout          theta            phi      intensity
   509          14.31          24.00          86.50      4.7952666
   21.21% of job   1 of   1 completed.

number           kout          theta            phi      intensity
   510          14.31          24.00          89.50      4.8353915
   21.25% of job   1 of   1 completed.

number           kout          theta            phi      intensity
   511          14.31          24.00          92.50      4.7616253
   21.29% of job   1 of   1 completed.

number           kout          theta            phi      intensity
   512          14.31          24.00          95.50      4.5991960
   21.33% of job   1 of   1 completed.

number           kout          theta            phi      intensity
   513          14.31          24.00          98.50      4.4721889
   21.38% of job   1 of   1 completed.

number           kout          theta            phi      intensity
   514          14.31          24.00         101.50      4.3133559
   21.42% of job   1 of   1 completed.

number           kout          theta            phi      intensity
   515          14.31          24.00         104.50      4.0686817
   21.46% of job   1 of   1 completed.

number           kout          theta            phi      intensity
   516          14.31          24.00         107.50      3.9259958
   21.50% of job   1 of   1 completed.

number           kout          theta            phi      intensity
   517          14.31          24.00         110.50      3.9171555
   21.54% of job   1 of   1 completed.

number           kout          theta            phi      intensity
   518          14.31          24.00         113.50      4.0199690
   21.58% of job   1 of   1 completed.

number           kout          theta            phi      intensity
   519          14.31          24.00         116.50      4.1528249
   21.62% of job   1 of   1 completed.

number           kout          theta            phi      intensity
   520          14.31          24.00         119.50      4.4563231
   21.67% of job   1 of   1 completed.

number           kout          theta            phi      intensity
   521          14.31          24.00         122.50      4.8758140
   21.71% of job   1 of   1 completed.

number           kout          theta            phi      intensity
   522          14.31          24.00         125.50      5.3381329
   21.75% of job   1 of   1 completed.

number           kout          theta            phi      intensity
   523          14.31          24.00         128.50      5.9122710
   21.79% of job   1 of   1 completed.

number           kout          theta            phi      intensity
   524          14.31          24.00         131.50      6.3653011
   21.83% of job   1 of   1 completed.

number           kout          theta            phi      intensity
   525          14.31          24.00         134.50      6.6586685
   21.88% of job   1 of   1 completed.

number           kout          theta            phi      intensity
   526          14.31          24.00         137.50      6.5899053
   21.92% of job   1 of   1 completed.

number           kout          theta            phi      intensity
   527          14.31          24.00         140.50      6.1670837
   21.96% of job   1 of   1 completed.

number           kout          theta            phi      intensity
   528          14.31          24.00         143.50      5.5617690
   22.00% of job   1 of   1 completed.

number           kout          theta            phi      intensity
   529          14.31          24.00         146.50      5.0136409
   22.04% of job   1 of   1 completed.

number           kout          theta            phi      intensity
   530          14.31          24.00         149.50      4.4623342
   22.08% of job   1 of   1 completed.

number           kout          theta            phi      intensity
   531          14.31          24.00         152.50      4.0523062
   22.12% of job   1 of   1 completed.

number           kout          theta            phi      intensity
   532          14.31          24.00         155.50      3.7771776
   22.17% of job   1 of   1 completed.

number           kout          theta            phi      intensity
   533          14.31          24.00         158.50      3.5556982
   22.21% of job   1 of   1 completed.

number           kout          theta            phi      intensity
   534          14.31          24.00         161.50      3.5223672
   22.25% of job   1 of   1 completed.

number           kout          theta            phi      intensity
   535          14.31          24.00         164.50      3.6433866
   22.29% of job   1 of   1 completed.

number           kout          theta            phi      intensity
   536          14.31          24.00         167.50      3.8944902
   22.33% of job   1 of   1 completed.

number           kout          theta            phi      intensity
   537          14.31          24.00         170.50      4.2729449
   22.38% of job   1 of   1 completed.

number           kout          theta            phi      intensity
   538          14.31          24.00         173.50      4.7156229
   22.42% of job   1 of   1 completed.

number           kout          theta            phi      intensity
   539          14.31          24.00         176.50      5.0002542
   22.46% of job   1 of   1 completed.

number           kout          theta            phi      intensity
   540          14.31          24.00         179.50      5.1858902
   22.50% of job   1 of   1 completed.

number           kout          theta            phi      intensity
   541          14.31          24.00         182.50      5.1431060
   22.54% of job   1 of   1 completed.

number           kout          theta            phi      intensity
   542          14.31          24.00         185.50      4.9080176
   22.58% of job   1 of   1 completed.

number           kout          theta            phi      intensity
   543          14.31          24.00         188.50      4.5602994
   22.62% of job   1 of   1 completed.

number           kout          theta            phi      intensity
   544          14.31          24.00         191.50      4.0914068
   22.67% of job   1 of   1 completed.

number           kout          theta            phi      intensity
   545          14.31          24.00         194.50      3.7277124
   22.71% of job   1 of   1 completed.

number           kout          theta            phi      intensity
   546          14.31          24.00         197.50      3.5361407
   22.75% of job   1 of   1 completed.

number           kout          theta            phi      intensity
   547          14.31          24.00         200.50      3.4499805
   22.79% of job   1 of   1 completed.

number           kout          theta            phi      intensity
   548          14.31          24.00         203.50      3.5854604
   22.83% of job   1 of   1 completed.

number           kout          theta            phi      intensity
   549          14.31          24.00         206.50      3.8066235
   22.88% of job   1 of   1 completed.

number           kout          theta            phi      intensity
   550          14.31          24.00         209.50      4.1956830
   22.92% of job   1 of   1 completed.

number           kout          theta            phi      intensity
   551          14.31          24.00         212.50      4.6853719
   22.96% of job   1 of   1 completed.

number           kout          theta            phi      intensity
   552          14.31          24.00         215.50      5.2545691
   23.00% of job   1 of   1 completed.

number           kout          theta            phi      intensity
   553          14.31          24.00         218.50      5.8617454
   23.04% of job   1 of   1 completed.

number           kout          theta            phi      intensity
   554          14.31          24.00         221.50      6.3520608
   23.08% of job   1 of   1 completed.

number           kout          theta            phi      intensity
   555          14.31          24.00         224.50      6.6301589
   23.12% of job   1 of   1 completed.

number           kout          theta            phi      intensity
   556          14.31          24.00         227.50      6.5453010
   23.17% of job   1 of   1 completed.

number           kout          theta            phi      intensity
   557          14.31          24.00         230.50      6.1514449
   23.21% of job   1 of   1 completed.

number           kout          theta            phi      intensity
   558          14.31          24.00         233.50      5.6671715
   23.25% of job   1 of   1 completed.

number           kout          theta            phi      intensity
   559          14.31          24.00         236.50      5.0966806
   23.29% of job   1 of   1 completed.

number           kout          theta            phi      intensity
   560          14.31          24.00         239.50      4.5874028
   23.33% of job   1 of   1 completed.

number           kout          theta            phi      intensity
   561          14.31          24.00         242.50      4.2347426
   23.38% of job   1 of   1 completed.

number           kout          theta            phi      intensity
   562          14.31          24.00         245.50      4.0575414
   23.42% of job   1 of   1 completed.

number           kout          theta            phi      intensity
   563          14.31          24.00         248.50      3.9498560
   23.46% of job   1 of   1 completed.

number           kout          theta            phi      intensity
   564          14.31          24.00         251.50      3.9620445
   23.50% of job   1 of   1 completed.

number           kout          theta            phi      intensity
   565          14.31          24.00         254.50      3.9894857
   23.54% of job   1 of   1 completed.

number           kout          theta            phi      intensity
   566          14.31          24.00         257.50      4.1540780
   23.58% of job   1 of   1 completed.

number           kout          theta            phi      intensity
   567          14.31          24.00         260.50      4.3718791
   23.62% of job   1 of   1 completed.

number           kout          theta            phi      intensity
   568          14.31          24.00         263.50      4.4747562
   23.67% of job   1 of   1 completed.

number           kout          theta            phi      intensity
   569          14.31          24.00         266.50      4.6468272
   23.71% of job   1 of   1 completed.

number           kout          theta            phi      intensity
   570          14.31          24.00         269.50      4.7440486
   23.75% of job   1 of   1 completed.

number           kout          theta            phi      intensity
   571          14.31          24.00         272.50      4.7842922
   23.79% of job   1 of   1 completed.

number           kout          theta            phi      intensity
   572          14.31          24.00         275.50      4.7141352
   23.83% of job   1 of   1 completed.

number           kout          theta            phi      intensity
   573          14.31          24.00         278.50      4.6457772
   23.88% of job   1 of   1 completed.

number           kout          theta            phi      intensity
   574          14.31          24.00         281.50      4.5285206
   23.92% of job   1 of   1 completed.

number           kout          theta            phi      intensity
   575          14.31          24.00         284.50      4.3497891
   23.96% of job   1 of   1 completed.

number           kout          theta            phi      intensity
   576          14.31          24.00         287.50      4.1774220
   24.00% of job   1 of   1 completed.

number           kout          theta            phi      intensity
   577          14.31          24.00         290.50      4.0283790
   24.04% of job   1 of   1 completed.

number           kout          theta            phi      intensity
   578          14.31          24.00         293.50      4.0108795
   24.08% of job   1 of   1 completed.

number           kout          theta            phi      intensity
   579          14.31          24.00         296.50      4.1027417
   24.12% of job   1 of   1 completed.

number           kout          theta            phi      intensity
   580          14.31          24.00         299.50      4.2735543
   24.17% of job   1 of   1 completed.

number           kout          theta            phi      intensity
   581          14.31          24.00         302.50      4.6099324
   24.21% of job   1 of   1 completed.

number           kout          theta            phi      intensity
   582          14.31          24.00         305.50      5.0151563
   24.25% of job   1 of   1 completed.

number           kout          theta            phi      intensity
   583          14.31          24.00         308.50      5.5344472
   24.29% of job   1 of   1 completed.

number           kout          theta            phi      intensity
   584          14.31          24.00         311.50      5.9655490
   24.33% of job   1 of   1 completed.

number           kout          theta            phi      intensity
   585          14.31          24.00         314.50      6.1054893
   24.38% of job   1 of   1 completed.

number           kout          theta            phi      intensity
   586          14.31          24.00         317.50      5.9145617
   24.42% of job   1 of   1 completed.

number           kout          theta            phi      intensity
   587          14.31          24.00         320.50      5.4762673
   24.46% of job   1 of   1 completed.

number           kout          theta            phi      intensity
   588          14.31          24.00         323.50      4.9865947
   24.50% of job   1 of   1 completed.

number           kout          theta            phi      intensity
   589          14.31          24.00         326.50      4.5585370
   24.54% of job   1 of   1 completed.

number           kout          theta            phi      intensity
   590          14.31          24.00         329.50      4.1823478
   24.58% of job   1 of   1 completed.

number           kout          theta            phi      intensity
   591          14.31          24.00         332.50      3.9744177
   24.62% of job   1 of   1 completed.

number           kout          theta            phi      intensity
   592          14.31          24.00         335.50      3.8370819
   24.67% of job   1 of   1 completed.

number           kout          theta            phi      intensity
   593          14.31          24.00         338.50      3.8267052
   24.71% of job   1 of   1 completed.

number           kout          theta            phi      intensity
   594          14.31          24.00         341.50      3.9214571
   24.75% of job   1 of   1 completed.

number           kout          theta            phi      intensity
   595          14.31          24.00         344.50      4.0403380
   24.79% of job   1 of   1 completed.

number           kout          theta            phi      intensity
   596          14.31          24.00         347.50      4.1755342
   24.83% of job   1 of   1 completed.

number           kout          theta            phi      intensity
   597          14.31          24.00         350.50      4.3355021
   24.88% of job   1 of   1 completed.

number           kout          theta            phi      intensity
   598          14.31          24.00         353.50      4.4190307
   24.92% of job   1 of   1 completed.

number           kout          theta            phi      intensity
   599          14.31          24.00         356.50      4.4960117
   24.96% of job   1 of   1 completed.

number           kout          theta            phi      intensity
   600          14.31          24.00         359.50      4.5184908
   25.00% of job   1 of   1 completed.

number           kout          theta            phi      intensity
   601          14.31          27.00           2.50      4.3310795
   25.04% of job   1 of   1 completed.

number           kout          theta            phi      intensity
   602          14.31          27.00           5.50      4.3398528
   25.08% of job   1 of   1 completed.

number           kout          theta            phi      intensity
   603          14.31          27.00           8.50      4.2955365
   25.12% of job   1 of   1 completed.

number           kout          theta            phi      intensity
   604          14.31          27.00          11.50      4.1574173
   25.17% of job   1 of   1 completed.

number           kout          theta            phi      intensity
   605          14.31          27.00          14.50      4.0188489
   25.21% of job   1 of   1 completed.

number           kout          theta            phi      intensity
   606          14.31          27.00          17.50      3.9527924
   25.25% of job   1 of   1 completed.

number           kout          theta            phi      intensity
   607          14.31          27.00          20.50      3.9489739
   25.29% of job   1 of   1 completed.

number           kout          theta            phi      intensity
   608          14.31          27.00          23.50      4.1739793
   25.33% of job   1 of   1 completed.

number           kout          theta            phi      intensity
   609          14.31          27.00          26.50      4.4148836
   25.38% of job   1 of   1 completed.

number           kout          theta            phi      intensity
   610          14.31          27.00          29.50      4.5494413
   25.42% of job   1 of   1 completed.

number           kout          theta            phi      intensity
   611          14.31          27.00          32.50      4.6318207
   25.46% of job   1 of   1 completed.

number           kout          theta            phi      intensity
   612          14.31          27.00          35.50      4.7321606
   25.50% of job   1 of   1 completed.

number           kout          theta            phi      intensity
   613          14.31          27.00          38.50      4.9422030
   25.54% of job   1 of   1 completed.

number           kout          theta            phi      intensity
   614          14.31          27.00          41.50      5.1575680
   25.58% of job   1 of   1 completed.

number           kout          theta            phi      intensity
   615          14.31          27.00          44.50      5.3915277
   25.62% of job   1 of   1 completed.

number           kout          theta            phi      intensity
   616          14.31          27.00          47.50      5.3274875
   25.67% of job   1 of   1 completed.

number           kout          theta            phi      intensity
   617          14.31          27.00          50.50      5.0903010
   25.71% of job   1 of   1 completed.

number           kout          theta            phi      intensity
   618          14.31          27.00          53.50      4.7864709
   25.75% of job   1 of   1 completed.

number           kout          theta            phi      intensity
   619          14.31          27.00          56.50      4.4773722
   25.79% of job   1 of   1 completed.

number           kout          theta            phi      intensity
   620          14.31          27.00          59.50      4.1653743
   25.83% of job   1 of   1 completed.

number           kout          theta            phi      intensity
   621          14.31          27.00          62.50      3.9614429
   25.88% of job   1 of   1 completed.

number           kout          theta            phi      intensity
   622          14.31          27.00          65.50      3.7141244
   25.92% of job   1 of   1 completed.

number           kout          theta            phi      intensity
   623          14.31          27.00          68.50      3.4639292
   25.96% of job   1 of   1 completed.

number           kout          theta            phi      intensity
   624          14.31          27.00          71.50      3.3938341
   26.00% of job   1 of   1 completed.

number           kout          theta            phi      intensity
   625          14.31          27.00          74.50      3.4722054
   26.04% of job   1 of   1 completed.

number           kout          theta            phi      intensity
   626          14.31          27.00          77.50      3.7903440
   26.08% of job   1 of   1 completed.

number           kout          theta            phi      intensity
   627          14.31          27.00          80.50      4.0005550
   26.12% of job   1 of   1 completed.

number           kout          theta            phi      intensity
   628          14.31          27.00          83.50      4.1495609
   26.17% of job   1 of   1 completed.

number           kout          theta            phi      intensity
   629          14.31          27.00          86.50      4.3430600
   26.21% of job   1 of   1 completed.

number           kout          theta            phi      intensity
   630          14.31          27.00          89.50      4.5286169
   26.25% of job   1 of   1 completed.

number           kout          theta            phi      intensity
   631          14.31          27.00          92.50      4.5803237
   26.29% of job   1 of   1 completed.

number           kout          theta            phi      intensity
   632          14.31          27.00          95.50      4.5235486
   26.33% of job   1 of   1 completed.

number           kout          theta            phi      intensity
   633          14.31          27.00          98.50      4.3979917
   26.38% of job   1 of   1 completed.

number           kout          theta            phi      intensity
   634          14.31          27.00         101.50      3.9952078
   26.42% of job   1 of   1 completed.

number           kout          theta            phi      intensity
   635          14.31          27.00         104.50      3.6717691
   26.46% of job   1 of   1 completed.

number           kout          theta            phi      intensity
   636          14.31          27.00         107.50      3.4333563
   26.50% of job   1 of   1 completed.

number           kout          theta            phi      intensity
   637          14.31          27.00         110.50      3.3710835
   26.54% of job   1 of   1 completed.

number           kout          theta            phi      intensity
   638          14.31          27.00         113.50      3.6232531
   26.58% of job   1 of   1 completed.

number           kout          theta            phi      intensity
   639          14.31          27.00         116.50      3.9747965
   26.62% of job   1 of   1 completed.

number           kout          theta            phi      intensity
   640          14.31          27.00         119.50      4.3785124
   26.67% of job   1 of   1 completed.

number           kout          theta            phi      intensity
   641          14.31          27.00         122.50      4.7790327
   26.71% of job   1 of   1 completed.

number           kout          theta            phi      intensity
   642          14.31          27.00         125.50      5.2675014
   26.75% of job   1 of   1 completed.

number           kout          theta            phi      intensity
   643          14.31          27.00         128.50      5.5377946
   26.79% of job   1 of   1 completed.

number           kout          theta            phi      intensity
   644          14.31          27.00         131.50      5.8090262
   26.83% of job   1 of   1 completed.

number           kout          theta            phi      intensity
   645          14.31          27.00         134.50      5.9464211
   26.88% of job   1 of   1 completed.

number           kout          theta            phi      intensity
   646          14.31          27.00         137.50      5.9137616
   26.92% of job   1 of   1 completed.

number           kout          theta            phi      intensity
   647          14.31          27.00         140.50      5.6006522
   26.96% of job   1 of   1 completed.

number           kout          theta            phi      intensity
   648          14.31          27.00         143.50      5.3160405
   27.00% of job   1 of   1 completed.

number           kout          theta            phi      intensity
   649          14.31          27.00         146.50      4.8960085
   27.04% of job   1 of   1 completed.

number           kout          theta            phi      intensity
   650          14.31          27.00         149.50      4.4842062
   27.08% of job   1 of   1 completed.

number           kout          theta            phi      intensity
   651          14.31          27.00         152.50      4.0678577
   27.12% of job   1 of   1 completed.

number           kout          theta            phi      intensity
   652          14.31          27.00         155.50      3.7205207
   27.17% of job   1 of   1 completed.

number           kout          theta            phi      intensity
   653          14.31          27.00         158.50      3.3862591
   27.21% of job   1 of   1 completed.

number           kout          theta            phi      intensity
   654          14.31          27.00         161.50      3.2738810
   27.25% of job   1 of   1 completed.

number           kout          theta            phi      intensity
   655          14.31          27.00         164.50      3.3814418
   27.29% of job   1 of   1 completed.

number           kout          theta            phi      intensity
   656          14.31          27.00         167.50      3.6437228
   27.33% of job   1 of   1 completed.

number           kout          theta            phi      intensity
   657          14.31          27.00         170.50      4.0289502
   27.38% of job   1 of   1 completed.

number           kout          theta            phi      intensity
   658          14.31          27.00         173.50      4.3028674
   27.42% of job   1 of   1 completed.

number           kout          theta            phi      intensity
   659          14.31          27.00         176.50      4.5487089
   27.46% of job   1 of   1 completed.

number           kout          theta            phi      intensity
   660          14.31          27.00         179.50      4.7033916
   27.50% of job   1 of   1 completed.

number           kout          theta            phi      intensity
   661          14.31          27.00         182.50      4.6351857
   27.54% of job   1 of   1 completed.

number           kout          theta            phi      intensity
   662          14.31          27.00         185.50      4.4466600
   27.58% of job   1 of   1 completed.

number           kout          theta            phi      intensity
   663          14.31          27.00         188.50      4.1913486
   27.62% of job   1 of   1 completed.

number           kout          theta            phi      intensity
   664          14.31          27.00         191.50      3.8051298
   27.67% of job   1 of   1 completed.

number           kout          theta            phi      intensity
   665          14.31          27.00         194.50      3.5469949
   27.71% of job   1 of   1 completed.

number           kout          theta            phi      intensity
   666          14.31          27.00         197.50      3.3326666
   27.75% of job   1 of   1 completed.

number           kout          theta            phi      intensity
   667          14.31          27.00         200.50      3.2855885
   27.79% of job   1 of   1 completed.

number           kout          theta            phi      intensity
   668          14.31          27.00         203.50      3.5042858
   27.83% of job   1 of   1 completed.

number           kout          theta            phi      intensity
   669          14.31          27.00         206.50      3.8196037
   27.88% of job   1 of   1 completed.

number           kout          theta            phi      intensity
   670          14.31          27.00         209.50      4.2190194
   27.92% of job   1 of   1 completed.

number           kout          theta            phi      intensity
   671          14.31          27.00         212.50      4.7402568
   27.96% of job   1 of   1 completed.

number           kout          theta            phi      intensity
   672          14.31          27.00         215.50      5.1684737
   28.00% of job   1 of   1 completed.

number           kout          theta            phi      intensity
   673          14.31          27.00         218.50      5.5763650
   28.04% of job   1 of   1 completed.

number           kout          theta            phi      intensity
   674          14.31          27.00         221.50      5.8375411
   28.08% of job   1 of   1 completed.

number           kout          theta            phi      intensity
   675          14.31          27.00         224.50      6.0471973
   28.12% of job   1 of   1 completed.

number           kout          theta            phi      intensity
   676          14.31          27.00         227.50      6.0160632
   28.17% of job   1 of   1 completed.

number           kout          theta            phi      intensity
   677          14.31          27.00         230.50      5.8193107
   28.21% of job   1 of   1 completed.

number           kout          theta            phi      intensity
   678          14.31          27.00         233.50      5.4862752
   28.25% of job   1 of   1 completed.

number           kout          theta            phi      intensity
   679          14.31          27.00         236.50      5.1438427
   28.29% of job   1 of   1 completed.

number           kout          theta            phi      intensity
   680          14.31          27.00         239.50      4.7027998
   28.33% of job   1 of   1 completed.

number           kout          theta            phi      intensity
   681          14.31          27.00         242.50      4.2411604
   28.38% of job   1 of   1 completed.

number           kout          theta            phi      intensity
   682          14.31          27.00         245.50      3.8534687
   28.42% of job   1 of   1 completed.

number           kout          theta            phi      intensity
   683          14.31          27.00         248.50      3.5326004
   28.46% of job   1 of   1 completed.

number           kout          theta            phi      intensity
   684          14.31          27.00         251.50      3.4211826
   28.50% of job   1 of   1 completed.

number           kout          theta            phi      intensity
   685          14.31          27.00         254.50      3.6036928
   28.54% of job   1 of   1 completed.

number           kout          theta            phi      intensity
   686          14.31          27.00         257.50      3.9354222
   28.58% of job   1 of   1 completed.

number           kout          theta            phi      intensity
   687          14.31          27.00         260.50      4.2516828
   28.62% of job   1 of   1 completed.

number           kout          theta            phi      intensity
   688          14.31          27.00         263.50      4.4479957
   28.67% of job   1 of   1 completed.

number           kout          theta            phi      intensity
   689          14.31          27.00         266.50      4.5915217
   28.71% of job   1 of   1 completed.

number           kout          theta            phi      intensity
   690          14.31          27.00         269.50      4.5398831
   28.75% of job   1 of   1 completed.

number           kout          theta            phi      intensity
   691          14.31          27.00         272.50      4.4212933
   28.79% of job   1 of   1 completed.

number           kout          theta            phi      intensity
   692          14.31          27.00         275.50      4.2531471
   28.83% of job   1 of   1 completed.

number           kout          theta            phi      intensity
   693          14.31          27.00         278.50      4.1423650
   28.88% of job   1 of   1 completed.

number           kout          theta            phi      intensity
   694          14.31          27.00         281.50      3.8537893
   28.92% of job   1 of   1 completed.

number           kout          theta            phi      intensity
   695          14.31          27.00         284.50      3.6491930
   28.96% of job   1 of   1 completed.

number           kout          theta            phi      intensity
   696          14.31          27.00         287.50      3.4990222
   29.00% of job   1 of   1 completed.

number           kout          theta            phi      intensity
   697          14.31          27.00         290.50      3.5154145
   29.04% of job   1 of   1 completed.

number           kout          theta            phi      intensity
   698          14.31          27.00         293.50      3.7486603
   29.08% of job   1 of   1 completed.

number           kout          theta            phi      intensity
   699          14.31          27.00         296.50      3.9891834
   29.12% of job   1 of   1 completed.

number           kout          theta            phi      intensity
   700          14.31          27.00         299.50      4.2751136
   29.17% of job   1 of   1 completed.

number           kout          theta            phi      intensity
   701          14.31          27.00         302.50      4.5516677
   29.21% of job   1 of   1 completed.

number           kout          theta            phi      intensity
   702          14.31          27.00         305.50      4.8245587
   29.25% of job   1 of   1 completed.

number           kout          theta            phi      intensity
   703          14.31          27.00         308.50      5.2354341
   29.29% of job   1 of   1 completed.

number           kout          theta            phi      intensity
   704          14.31          27.00         311.50      5.4211230
   29.33% of job   1 of   1 completed.

number           kout          theta            phi      intensity
   705          14.31          27.00         314.50      5.5782962
   29.38% of job   1 of   1 completed.

number           kout          theta            phi      intensity
   706          14.31          27.00         317.50      5.3583717
   29.42% of job   1 of   1 completed.

number           kout          theta            phi      intensity
   707          14.31          27.00         320.50      5.0608730
   29.46% of job   1 of   1 completed.

number           kout          theta            phi      intensity
   708          14.31          27.00         323.50      4.8367114
   29.50% of job   1 of   1 completed.

number           kout          theta            phi      intensity
   709          14.31          27.00         326.50      4.7161002
   29.54% of job   1 of   1 completed.

number           kout          theta            phi      intensity
   710          14.31          27.00         329.50      4.5872831
   29.58% of job   1 of   1 completed.

number           kout          theta            phi      intensity
   711          14.31          27.00         332.50      4.4010091
   29.62% of job   1 of   1 completed.

number           kout          theta            phi      intensity
   712          14.31          27.00         335.50      4.2270541
   29.67% of job   1 of   1 completed.

number           kout          theta            phi      intensity
   713          14.31          27.00         338.50      4.0227284
   29.71% of job   1 of   1 completed.

number           kout          theta            phi      intensity
   714          14.31          27.00         341.50      3.9440486
   29.75% of job   1 of   1 completed.

number           kout          theta            phi      intensity
   715          14.31          27.00         344.50      4.0305977
   29.79% of job   1 of   1 completed.

number           kout          theta            phi      intensity
   716          14.31          27.00         347.50      4.1736169
   29.83% of job   1 of   1 completed.

number           kout          theta            phi      intensity
   717          14.31          27.00         350.50      4.3297000
   29.88% of job   1 of   1 completed.

number           kout          theta            phi      intensity
   718          14.31          27.00         353.50      4.3603392
   29.92% of job   1 of   1 completed.

number           kout          theta            phi      intensity
   719          14.31          27.00         356.50      4.3029580
   29.96% of job   1 of   1 completed.

number           kout          theta            phi      intensity
   720          14.31          27.00         359.50      4.3371148
   30.00% of job   1 of   1 completed.

number           kout          theta            phi      intensity
   721          14.31          30.00           2.50      3.7910616
   30.04% of job   1 of   1 completed.

number           kout          theta            phi      intensity
   722          14.31          30.00           5.50      3.8098772
   30.08% of job   1 of   1 completed.

number           kout          theta            phi      intensity
   723          14.31          30.00           8.50      3.7461596
   30.12% of job   1 of   1 completed.

number           kout          theta            phi      intensity
   724          14.31          30.00          11.50      3.7343600
   30.17% of job   1 of   1 completed.

number           kout          theta            phi      intensity
   725          14.31          30.00          14.50      3.6797926
   30.21% of job   1 of   1 completed.

number           kout          theta            phi      intensity
   726          14.31          30.00          17.50      3.6459436
   30.25% of job   1 of   1 completed.

number           kout          theta            phi      intensity
   727          14.31          30.00          20.50      3.6676800
   30.29% of job   1 of   1 completed.

number           kout          theta            phi      intensity
   728          14.31          30.00          23.50      3.7598584
   30.33% of job   1 of   1 completed.

number           kout          theta            phi      intensity
   729          14.31          30.00          26.50      3.9259374
   30.38% of job   1 of   1 completed.

number           kout          theta            phi      intensity
   730          14.31          30.00          29.50      4.0708966
   30.42% of job   1 of   1 completed.

number           kout          theta            phi      intensity
   731          14.31          30.00          32.50      4.2555757
   30.46% of job   1 of   1 completed.

number           kout          theta            phi      intensity
   732          14.31          30.00          35.50      4.3094726
   30.50% of job   1 of   1 completed.

number           kout          theta            phi      intensity
   733          14.31          30.00          38.50      4.1979485
   30.54% of job   1 of   1 completed.

number           kout          theta            phi      intensity
   734          14.31          30.00          41.50      4.2415786
   30.58% of job   1 of   1 completed.

number           kout          theta            phi      intensity
   735          14.31          30.00          44.50      4.2078595
   30.62% of job   1 of   1 completed.

number           kout          theta            phi      intensity
   736          14.31          30.00          47.50      4.2086978
   30.67% of job   1 of   1 completed.

number           kout          theta            phi      intensity
   737          14.31          30.00          50.50      4.1382928
   30.71% of job   1 of   1 completed.

number           kout          theta            phi      intensity
   738          14.31          30.00          53.50      3.9839401
   30.75% of job   1 of   1 completed.

number           kout          theta            phi      intensity
   739          14.31          30.00          56.50      3.7323930
   30.79% of job   1 of   1 completed.

number           kout          theta            phi      intensity
   740          14.31          30.00          59.50      3.4969866
   30.83% of job   1 of   1 completed.

number           kout          theta            phi      intensity
   741          14.31          30.00          62.50      3.3705597
   30.88% of job   1 of   1 completed.

number           kout          theta            phi      intensity
   742          14.31          30.00          65.50      3.1666877
   30.92% of job   1 of   1 completed.

number           kout          theta            phi      intensity
   743          14.31          30.00          68.50      2.9771645
   30.96% of job   1 of   1 completed.

number           kout          theta            phi      intensity
   744          14.31          30.00          71.50      2.8877630
   31.00% of job   1 of   1 completed.

number           kout          theta            phi      intensity
   745          14.31          30.00          74.50      2.9438057
   31.04% of job   1 of   1 completed.

number           kout          theta            phi      intensity
   746          14.31          30.00          77.50      3.0979536
   31.08% of job   1 of   1 completed.

number           kout          theta            phi      intensity
   747          14.31          30.00          80.50      3.2806070
   31.12% of job   1 of   1 completed.

number           kout          theta            phi      intensity
   748          14.31          30.00          83.50      3.4752893
   31.17% of job   1 of   1 completed.

number           kout          theta            phi      intensity
   749          14.31          30.00          86.50      3.6190002
   31.21% of job   1 of   1 completed.

number           kout          theta            phi      intensity
   750          14.31          30.00          89.50      3.7687261
   31.25% of job   1 of   1 completed.

number           kout          theta            phi      intensity
   751          14.31          30.00          92.50      3.7721825
   31.29% of job   1 of   1 completed.

number           kout          theta            phi      intensity
   752          14.31          30.00          95.50      3.5648692
   31.33% of job   1 of   1 completed.

number           kout          theta            phi      intensity
   753          14.31          30.00          98.50      3.5489194
   31.38% of job   1 of   1 completed.

number           kout          theta            phi      intensity
   754          14.31          30.00         101.50      3.2420566
   31.42% of job   1 of   1 completed.

number           kout          theta            phi      intensity
   755          14.31          30.00         104.50      2.9747279
   31.46% of job   1 of   1 completed.

number           kout          theta            phi      intensity
   756          14.31          30.00         107.50      2.8103054
   31.50% of job   1 of   1 completed.

number           kout          theta            phi      intensity
   757          14.31          30.00         110.50      2.7514651
   31.54% of job   1 of   1 completed.

number           kout          theta            phi      intensity
   758          14.31          30.00         113.50      3.0493400
   31.58% of job   1 of   1 completed.

number           kout          theta            phi      intensity
   759          14.31          30.00         116.50      3.2496350
   31.62% of job   1 of   1 completed.

number           kout          theta            phi      intensity
   760          14.31          30.00         119.50      3.6141059
   31.67% of job   1 of   1 completed.

number           kout          theta            phi      intensity
   761          14.31          30.00         122.50      4.0113292
   31.71% of job   1 of   1 completed.

number           kout          theta            phi      intensity
   762          14.31          30.00         125.50      4.2526536
   31.75% of job   1 of   1 completed.

number           kout          theta            phi      intensity
   763          14.31          30.00         128.50      4.3589272
   31.79% of job   1 of   1 completed.

number           kout          theta            phi      intensity
   764          14.31          30.00         131.50      4.3359904
   31.83% of job   1 of   1 completed.

number           kout          theta            phi      intensity
   765          14.31          30.00         134.50      4.3703713
   31.88% of job   1 of   1 completed.

number           kout          theta            phi      intensity
   766          14.31          30.00         137.50      4.4066935
   31.92% of job   1 of   1 completed.

number           kout          theta            phi      intensity
   767          14.31          30.00         140.50      4.3768563
   31.96% of job   1 of   1 completed.

number           kout          theta            phi      intensity
   768          14.31          30.00         143.50      4.3560133
   32.00% of job   1 of   1 completed.

number           kout          theta            phi      intensity
   769          14.31          30.00         146.50      4.1683168
   32.04% of job   1 of   1 completed.

number           kout          theta            phi      intensity
   770          14.31          30.00         149.50      3.8360856
   32.08% of job   1 of   1 completed.

number           kout          theta            phi      intensity
   771          14.31          30.00         152.50      3.5897858
   32.12% of job   1 of   1 completed.

number           kout          theta            phi      intensity
   772          14.31          30.00         155.50      3.4483411
   32.17% of job   1 of   1 completed.

number           kout          theta            phi      intensity
   773          14.31          30.00         158.50      3.3347709
   32.21% of job   1 of   1 completed.

number           kout          theta            phi      intensity
   774          14.31          30.00         161.50      3.2949915
   32.25% of job   1 of   1 completed.

number           kout          theta            phi      intensity
   775          14.31          30.00         164.50      3.3353224
   32.29% of job   1 of   1 completed.

number           kout          theta            phi      intensity
   776          14.31          30.00         167.50      3.4660318
   32.33% of job   1 of   1 completed.

number           kout          theta            phi      intensity
   777          14.31          30.00         170.50      3.5872090
   32.38% of job   1 of   1 completed.

number           kout          theta            phi      intensity
   778          14.31          30.00         173.50      3.6739213
   32.42% of job   1 of   1 completed.

number           kout          theta            phi      intensity
   779          14.31          30.00         176.50      3.9542589
   32.46% of job   1 of   1 completed.

number           kout          theta            phi      intensity
   780          14.31          30.00         179.50      4.0908542
   32.50% of job   1 of   1 completed.

number           kout          theta            phi      intensity
   781          14.31          30.00         182.50      4.0746107
   32.54% of job   1 of   1 completed.

number           kout          theta            phi      intensity
   782          14.31          30.00         185.50      3.8747070
   32.58% of job   1 of   1 completed.

number           kout          theta            phi      intensity
   783          14.31          30.00         188.50      3.6928148
   32.62% of job   1 of   1 completed.

number           kout          theta            phi      intensity
   784          14.31          30.00         191.50      3.5067863
   32.67% of job   1 of   1 completed.

number           kout          theta            phi      intensity
   785          14.31          30.00         194.50      3.4246681
   32.71% of job   1 of   1 completed.

number           kout          theta            phi      intensity
   786          14.31          30.00         197.50      3.3651772
   32.75% of job   1 of   1 completed.

number           kout          theta            phi      intensity
   787          14.31          30.00         200.50      3.3263443
   32.79% of job   1 of   1 completed.

number           kout          theta            phi      intensity
   788          14.31          30.00         203.50      3.3627369
   32.83% of job   1 of   1 completed.

number           kout          theta            phi      intensity
   789          14.31          30.00         206.50      3.4937599
   32.88% of job   1 of   1 completed.

number           kout          theta            phi      intensity
   790          14.31          30.00         209.50      3.7056644
   32.92% of job   1 of   1 completed.

number           kout          theta            phi      intensity
   791          14.31          30.00         212.50      4.0471973
   32.96% of job   1 of   1 completed.

number           kout          theta            phi      intensity
   792          14.31          30.00         215.50      4.2366719
   33.00% of job   1 of   1 completed.

number           kout          theta            phi      intensity
   793          14.31          30.00         218.50      4.4483790
   33.04% of job   1 of   1 completed.

number           kout          theta            phi      intensity
   794          14.31          30.00         221.50      4.4765735
   33.08% of job   1 of   1 completed.

number           kout          theta            phi      intensity
   795          14.31          30.00         224.50      4.4678769
   33.12% of job   1 of   1 completed.

number           kout          theta            phi      intensity
   796          14.31          30.00         227.50      4.5266652
   33.17% of job   1 of   1 completed.

number           kout          theta            phi      intensity
   797          14.31          30.00         230.50      4.4879603
   33.21% of job   1 of   1 completed.

number           kout          theta            phi      intensity
   798          14.31          30.00         233.50      4.4441910
   33.25% of job   1 of   1 completed.

number           kout          theta            phi      intensity
   799          14.31          30.00         236.50      4.3066859
   33.29% of job   1 of   1 completed.

number           kout          theta            phi      intensity
   800          14.31          30.00         239.50      3.8904991
   33.33% of job   1 of   1 completed.

number           kout          theta            phi      intensity
   801          14.31          30.00         242.50      3.4366429
   33.38% of job   1 of   1 completed.

number           kout          theta            phi      intensity
   802          14.31          30.00         245.50      3.0633247
   33.42% of job   1 of   1 completed.

number           kout          theta            phi      intensity
   803          14.31          30.00         248.50      2.8716736
   33.46% of job   1 of   1 completed.

number           kout          theta            phi      intensity
   804          14.31          30.00         251.50      2.8102608
   33.50% of job   1 of   1 completed.

number           kout          theta            phi      intensity
   805          14.31          30.00         254.50      2.9318886
   33.54% of job   1 of   1 completed.

number           kout          theta            phi      intensity
   806          14.31          30.00         257.50      3.1794798
   33.58% of job   1 of   1 completed.

number           kout          theta            phi      intensity
   807          14.31          30.00         260.50      3.4725106
   33.62% of job   1 of   1 completed.

number           kout          theta            phi      intensity
   808          14.31          30.00         263.50      3.6400435
   33.67% of job   1 of   1 completed.

number           kout          theta            phi      intensity
   809          14.31          30.00         266.50      3.7991791
   33.71% of job   1 of   1 completed.

number           kout          theta            phi      intensity
   810          14.31          30.00         269.50      3.8815460
   33.75% of job   1 of   1 completed.

number           kout          theta            phi      intensity
   811          14.31          30.00         272.50      3.8006468
   33.79% of job   1 of   1 completed.

number           kout          theta            phi      intensity
   812          14.31          30.00         275.50      3.5502818
   33.83% of job   1 of   1 completed.

number           kout          theta            phi      intensity
   813          14.31          30.00         278.50      3.3911550
   33.88% of job   1 of   1 completed.

number           kout          theta            phi      intensity
   814          14.31          30.00         281.50      3.1466200
   33.92% of job   1 of   1 completed.

number           kout          theta            phi      intensity
   815          14.31          30.00         284.50      3.0258820
   33.96% of job   1 of   1 completed.

number           kout          theta            phi      intensity
   816          14.31          30.00         287.50      2.9281747
   34.00% of job   1 of   1 completed.

number           kout          theta            phi      intensity
   817          14.31          30.00         290.50      2.9418783
   34.04% of job   1 of   1 completed.

number           kout          theta            phi      intensity
   818          14.31          30.00         293.50      3.1545365
   34.08% of job   1 of   1 completed.

number           kout          theta            phi      intensity
   819          14.31          30.00         296.50      3.3405778
   34.12% of job   1 of   1 completed.

number           kout          theta            phi      intensity
   820          14.31          30.00         299.50      3.5987730
   34.17% of job   1 of   1 completed.

number           kout          theta            phi      intensity
   821          14.31          30.00         302.50      3.8547440
   34.21% of job   1 of   1 completed.

number           kout          theta            phi      intensity
   822          14.31          30.00         305.50      4.1303148
   34.25% of job   1 of   1 completed.

number           kout          theta            phi      intensity
   823          14.31          30.00         308.50      4.2187762
   34.29% of job   1 of   1 completed.

number           kout          theta            phi      intensity
   824          14.31          30.00         311.50      4.3431954
   34.33% of job   1 of   1 completed.

number           kout          theta            phi      intensity
   825          14.31          30.00         314.50      4.3854513
   34.38% of job   1 of   1 completed.

number           kout          theta            phi      intensity
   826          14.31          30.00         317.50      4.3200374
   34.42% of job   1 of   1 completed.

number           kout          theta            phi      intensity
   827          14.31          30.00         320.50      4.3767724
   34.46% of job   1 of   1 completed.

number           kout          theta            phi      intensity
   828          14.31          30.00         323.50      4.3315234
   34.50% of job   1 of   1 completed.

number           kout          theta            phi      intensity
   829          14.31          30.00         326.50      4.3730388
   34.54% of job   1 of   1 completed.

number           kout          theta            phi      intensity
   830          14.31          30.00         329.50      4.1918063
   34.58% of job   1 of   1 completed.

number           kout          theta            phi      intensity
   831          14.31          30.00         332.50      3.9670718
   34.62% of job   1 of   1 completed.

number           kout          theta            phi      intensity
   832          14.31          30.00         335.50      3.8548172
   34.67% of job   1 of   1 completed.

number           kout          theta            phi      intensity
   833          14.31          30.00         338.50      3.6853387
   34.71% of job   1 of   1 completed.

number           kout          theta            phi      intensity
   834          14.31          30.00         341.50      3.7158146
   34.75% of job   1 of   1 completed.

number           kout          theta            phi      intensity
   835          14.31          30.00         344.50      3.7389190
   34.79% of job   1 of   1 completed.

number           kout          theta            phi      intensity
   836          14.31          30.00         347.50      3.7262726
   34.83% of job   1 of   1 completed.

number           kout          theta            phi      intensity
   837          14.31          30.00         350.50      3.7657058
   34.88% of job   1 of   1 completed.

number           kout          theta            phi      intensity
   838          14.31          30.00         353.50      3.8118131
   34.92% of job   1 of   1 completed.

number           kout          theta            phi      intensity
   839          14.31          30.00         356.50      3.7527752
   34.96% of job   1 of   1 completed.

number           kout          theta            phi      intensity
   840          14.31          30.00         359.50      3.7921999
   35.00% of job   1 of   1 completed.

number           kout          theta            phi      intensity
   841          14.31          33.00           2.50      2.8786252
   35.04% of job   1 of   1 completed.

number           kout          theta            phi      intensity
   842          14.31          33.00           5.50      2.9241827
   35.08% of job   1 of   1 completed.

number           kout          theta            phi      intensity
   843          14.31          33.00           8.50      3.0336435
   35.12% of job   1 of   1 completed.

number           kout          theta            phi      intensity
   844          14.31          33.00          11.50      3.1648455
   35.17% of job   1 of   1 completed.

number           kout          theta            phi      intensity
   845          14.31          33.00          14.50      3.2785699
   35.21% of job   1 of   1 completed.

number           kout          theta            phi      intensity
   846          14.31          33.00          17.50      3.3276665
   35.25% of job   1 of   1 completed.

number           kout          theta            phi      intensity
   847          14.31          33.00          20.50      3.1556778
   35.29% of job   1 of   1 completed.

number           kout          theta            phi      intensity
   848          14.31          33.00          23.50      2.9845505
   35.33% of job   1 of   1 completed.

number           kout          theta            phi      intensity
   849          14.31          33.00          26.50      2.9078655
   35.38% of job   1 of   1 completed.

number           kout          theta            phi      intensity
   850          14.31          33.00          29.50      3.0169814
   35.42% of job   1 of   1 completed.

number           kout          theta            phi      intensity
   851          14.31          33.00          32.50      3.2891276
   35.46% of job   1 of   1 completed.

number           kout          theta            phi      intensity
   852          14.31          33.00          35.50      3.4649937
   35.50% of job   1 of   1 completed.

number           kout          theta            phi      intensity
   853          14.31          33.00          38.50      3.6583998
   35.54% of job   1 of   1 completed.

number           kout          theta            phi      intensity
   854          14.31          33.00          41.50      3.8376720
   35.58% of job   1 of   1 completed.

number           kout          theta            phi      intensity
   855          14.31          33.00          44.50      3.9012139
   35.62% of job   1 of   1 completed.

number           kout          theta            phi      intensity
   856          14.31          33.00          47.50      3.7907736
   35.67% of job   1 of   1 completed.

number           kout          theta            phi      intensity
   857          14.31          33.00          50.50      3.5265925
   35.71% of job   1 of   1 completed.

number           kout          theta            phi      intensity
   858          14.31          33.00          53.50      3.3056977
   35.75% of job   1 of   1 completed.

number           kout          theta            phi      intensity
   859          14.31          33.00          56.50      3.1068056
   35.79% of job   1 of   1 completed.

number           kout          theta            phi      intensity
   860          14.31          33.00          59.50      3.0428708
   35.83% of job   1 of   1 completed.

number           kout          theta            phi      intensity
   861          14.31          33.00          62.50      2.9941351
   35.88% of job   1 of   1 completed.

number           kout          theta            phi      intensity
   862          14.31          33.00          65.50      2.9458320
   35.92% of job   1 of   1 completed.

number           kout          theta            phi      intensity
   863          14.31          33.00          68.50      2.9574821
   35.96% of job   1 of   1 completed.

number           kout          theta            phi      intensity
   864          14.31          33.00          71.50      2.8273678
   36.00% of job   1 of   1 completed.

number           kout          theta            phi      intensity
   865          14.31          33.00          74.50      2.7999184
   36.04% of job   1 of   1 completed.

number           kout          theta            phi      intensity
   866          14.31          33.00          77.50      2.8145454
   36.08% of job   1 of   1 completed.

number           kout          theta            phi      intensity
   867          14.31          33.00          80.50      2.9440985
   36.12% of job   1 of   1 completed.

number           kout          theta            phi      intensity
   868          14.31          33.00          83.50      3.0477498
   36.17% of job   1 of   1 completed.

number           kout          theta            phi      intensity
   869          14.31          33.00          86.50      3.1827133
   36.21% of job   1 of   1 completed.

number           kout          theta            phi      intensity
   870          14.31          33.00          89.50      3.2160788
   36.25% of job   1 of   1 completed.

number           kout          theta            phi      intensity
   871          14.31          33.00          92.50      3.1269562
   36.29% of job   1 of   1 completed.

number           kout          theta            phi      intensity
   872          14.31          33.00          95.50      2.9626665
   36.33% of job   1 of   1 completed.

number           kout          theta            phi      intensity
   873          14.31          33.00          98.50      2.8444641
   36.38% of job   1 of   1 completed.

number           kout          theta            phi      intensity
   874          14.31          33.00         101.50      2.7164609
   36.42% of job   1 of   1 completed.

number           kout          theta            phi      intensity
   875          14.31          33.00         104.50      2.7274287
   36.46% of job   1 of   1 completed.

number           kout          theta            phi      intensity
   876          14.31          33.00         107.50      2.7289798
   36.50% of job   1 of   1 completed.

number           kout          theta            phi      intensity
   877          14.31          33.00         110.50      2.6807692
   36.54% of job   1 of   1 completed.

number           kout          theta            phi      intensity
   878          14.31          33.00         113.50      2.6453643
   36.58% of job   1 of   1 completed.

number           kout          theta            phi      intensity
   879          14.31          33.00         116.50      2.7312047
   36.62% of job   1 of   1 completed.

number           kout          theta            phi      intensity
   880          14.31          33.00         119.50      2.9401257
   36.67% of job   1 of   1 completed.

number           kout          theta            phi      intensity
   881          14.31          33.00         122.50      3.0976734
   36.71% of job   1 of   1 completed.

number           kout          theta            phi      intensity
   882          14.31          33.00         125.50      3.2904727
   36.75% of job   1 of   1 completed.

number           kout          theta            phi      intensity
   883          14.31          33.00         128.50      3.4042466
   36.79% of job   1 of   1 completed.

number           kout          theta            phi      intensity
   884          14.31          33.00         131.50      3.4903069
   36.83% of job   1 of   1 completed.

number           kout          theta            phi      intensity
   885          14.31          33.00         134.50      3.7109253
   36.88% of job   1 of   1 completed.

number           kout          theta            phi      intensity
   886          14.31          33.00         137.50      3.7216704
   36.92% of job   1 of   1 completed.

number           kout          theta            phi      intensity
   887          14.31          33.00         140.50      3.6383493
   36.96% of job   1 of   1 completed.

number           kout          theta            phi      intensity
   888          14.31          33.00         143.50      3.5025110
   37.00% of job   1 of   1 completed.

number           kout          theta            phi      intensity
   889          14.31          33.00         146.50      3.3322048
   37.04% of job   1 of   1 completed.

number           kout          theta            phi      intensity
   890          14.31          33.00         149.50      3.2130082
   37.08% of job   1 of   1 completed.

number           kout          theta            phi      intensity
   891          14.31          33.00         152.50      3.1052744
   37.12% of job   1 of   1 completed.

number           kout          theta            phi      intensity
   892          14.31          33.00         155.50      3.1878932
   37.17% of job   1 of   1 completed.

number           kout          theta            phi      intensity
   893          14.31          33.00         158.50      3.2934697
   37.21% of job   1 of   1 completed.

number           kout          theta            phi      intensity
   894          14.31          33.00         161.50      3.4047165
   37.25% of job   1 of   1 completed.

number           kout          theta            phi      intensity
   895          14.31          33.00         164.50      3.3662298
   37.29% of job   1 of   1 completed.

number           kout          theta            phi      intensity
   896          14.31          33.00         167.50      3.2121992
   37.33% of job   1 of   1 completed.

number           kout          theta            phi      intensity
   897          14.31          33.00         170.50      3.0777099
   37.38% of job   1 of   1 completed.

number           kout          theta            phi      intensity
   898          14.31          33.00         173.50      3.0580091
   37.42% of job   1 of   1 completed.

number           kout          theta            phi      intensity
   899          14.31          33.00         176.50      3.1524439
   37.46% of job   1 of   1 completed.

number           kout          theta            phi      intensity
   900          14.31          33.00         179.50      3.2777424
   37.50% of job   1 of   1 completed.

number           kout          theta            phi      intensity
   901          14.31          33.00         182.50      3.2408082
   37.54% of job   1 of   1 completed.

number           kout          theta            phi      intensity
   902          14.31          33.00         185.50      3.0967524
   37.58% of job   1 of   1 completed.

number           kout          theta            phi      intensity
   903          14.31          33.00         188.50      3.1062458
   37.62% of job   1 of   1 completed.

number           kout          theta            phi      intensity
   904          14.31          33.00         191.50      3.1818426
   37.67% of job   1 of   1 completed.

number           kout          theta            phi      intensity
   905          14.31          33.00         194.50      3.3152924
   37.71% of job   1 of   1 completed.

number           kout          theta            phi      intensity
   906          14.31          33.00         197.50      3.4068129
   37.75% of job   1 of   1 completed.

number           kout          theta            phi      intensity
   907          14.31          33.00         200.50      3.3532000
   37.79% of job   1 of   1 completed.

number           kout          theta            phi      intensity
   908          14.31          33.00         203.50      3.2561073
   37.83% of job   1 of   1 completed.

number           kout          theta            phi      intensity
   909          14.31          33.00         206.50      3.1983500
   37.88% of job   1 of   1 completed.

number           kout          theta            phi      intensity
   910          14.31          33.00         209.50      3.1340945
   37.92% of job   1 of   1 completed.

number           kout          theta            phi      intensity
   911          14.31          33.00         212.50      3.2372644
   37.96% of job   1 of   1 completed.

number           kout          theta            phi      intensity
   912          14.31          33.00         215.50      3.4853799
   38.00% of job   1 of   1 completed.

number           kout          theta            phi      intensity
   913          14.31          33.00         218.50      3.6000636
   38.04% of job   1 of   1 completed.

number           kout          theta            phi      intensity
   914          14.31          33.00         221.50      3.6613610
   38.08% of job   1 of   1 completed.

number           kout          theta            phi      intensity
   915          14.31          33.00         224.50      3.7346737
   38.12% of job   1 of   1 completed.

number           kout          theta            phi      intensity
   916          14.31          33.00         227.50      3.6883481
   38.17% of job   1 of   1 completed.

number           kout          theta            phi      intensity
   917          14.31          33.00         230.50      3.5779493
   38.21% of job   1 of   1 completed.

number           kout          theta            phi      intensity
   918          14.31          33.00         233.50      3.4350197
   38.25% of job   1 of   1 completed.

number           kout          theta            phi      intensity
   919          14.31          33.00         236.50      3.2803915
   38.29% of job   1 of   1 completed.

number           kout          theta            phi      intensity
   920          14.31          33.00         239.50      3.0710704
   38.33% of job   1 of   1 completed.

number           kout          theta            phi      intensity
   921          14.31          33.00         242.50      2.7811639
   38.38% of job   1 of   1 completed.

number           kout          theta            phi      intensity
   922          14.31          33.00         245.50      2.6167967
   38.42% of job   1 of   1 completed.

number           kout          theta            phi      intensity
   923          14.31          33.00         248.50      2.6523330
   38.46% of job   1 of   1 completed.

number           kout          theta            phi      intensity
   924          14.31          33.00         251.50      2.7004735
   38.50% of job   1 of   1 completed.

number           kout          theta            phi      intensity
   925          14.31          33.00         254.50      2.7828691
   38.54% of job   1 of   1 completed.

number           kout          theta            phi      intensity
   926          14.31          33.00         257.50      2.7416534
   38.58% of job   1 of   1 completed.

number           kout          theta            phi      intensity
   927          14.31          33.00         260.50      2.8494647
   38.62% of job   1 of   1 completed.

number           kout          theta            phi      intensity
   928          14.31          33.00         263.50      3.0277627
   38.67% of job   1 of   1 completed.

number           kout          theta            phi      intensity
   929          14.31          33.00         266.50      3.1750381
   38.71% of job   1 of   1 completed.

number           kout          theta            phi      intensity
   930          14.31          33.00         269.50      3.2989185
   38.75% of job   1 of   1 completed.

number           kout          theta            phi      intensity
   931          14.31          33.00         272.50      3.3219039
   38.79% of job   1 of   1 completed.

number           kout          theta            phi      intensity
   932          14.31          33.00         275.50      3.1561880
   38.83% of job   1 of   1 completed.

number           kout          theta            phi      intensity
   933          14.31          33.00         278.50      2.9999545
   38.88% of job   1 of   1 completed.

number           kout          theta            phi      intensity
   934          14.31          33.00         281.50      2.8979776
   38.92% of job   1 of   1 completed.

number           kout          theta            phi      intensity
   935          14.31          33.00         284.50      2.8158691
   38.96% of job   1 of   1 completed.

number           kout          theta            phi      intensity
   936          14.31          33.00         287.50      2.8211648
   39.00% of job   1 of   1 completed.

number           kout          theta            phi      intensity
   937          14.31          33.00         290.50      2.9061239
   39.04% of job   1 of   1 completed.

number           kout          theta            phi      intensity
   938          14.31          33.00         293.50      2.9538097
   39.08% of job   1 of   1 completed.

number           kout          theta            phi      intensity
   939          14.31          33.00         296.50      2.9821718
   39.12% of job   1 of   1 completed.

number           kout          theta            phi      intensity
   940          14.31          33.00         299.50      3.0305624
   39.17% of job   1 of   1 completed.

number           kout          theta            phi      intensity
   941          14.31          33.00         302.50      3.0984116
   39.21% of job   1 of   1 completed.

number           kout          theta            phi      intensity
   942          14.31          33.00         305.50      3.2478361
   39.25% of job   1 of   1 completed.

number           kout          theta            phi      intensity
   943          14.31          33.00         308.50      3.3762510
   39.29% of job   1 of   1 completed.

number           kout          theta            phi      intensity
   944          14.31          33.00         311.50      3.6254044
   39.33% of job   1 of   1 completed.

number           kout          theta            phi      intensity
   945          14.31          33.00         314.50      3.7130003
   39.38% of job   1 of   1 completed.

number           kout          theta            phi      intensity
   946          14.31          33.00         317.50      3.7841759
   39.42% of job   1 of   1 completed.

number           kout          theta            phi      intensity
   947          14.31          33.00         320.50      3.7039545
   39.46% of job   1 of   1 completed.

number           kout          theta            phi      intensity
   948          14.31          33.00         323.50      3.6114886
   39.50% of job   1 of   1 completed.

number           kout          theta            phi      intensity
   949          14.31          33.00         326.50      3.4624503
   39.54% of job   1 of   1 completed.

number           kout          theta            phi      intensity
   950          14.31          33.00         329.50      3.1586740
   39.58% of job   1 of   1 completed.

number           kout          theta            phi      intensity
   951          14.31          33.00         332.50      3.0124474
   39.62% of job   1 of   1 completed.

number           kout          theta            phi      intensity
   952          14.31          33.00         335.50      3.0195234
   39.67% of job   1 of   1 completed.

number           kout          theta            phi      intensity
   953          14.31          33.00         338.50      3.1443608
   39.71% of job   1 of   1 completed.

number           kout          theta            phi      intensity
   954          14.31          33.00         341.50      3.3188114
   39.75% of job   1 of   1 completed.

number           kout          theta            phi      intensity
   955          14.31          33.00         344.50      3.3551409
   39.79% of job   1 of   1 completed.

number           kout          theta            phi      intensity
   956          14.31          33.00         347.50      3.1684980
   39.83% of job   1 of   1 completed.

number           kout          theta            phi      intensity
   957          14.31          33.00         350.50      3.0836496
   39.88% of job   1 of   1 completed.

number           kout          theta            phi      intensity
   958          14.31          33.00         353.50      2.9271009
   39.92% of job   1 of   1 completed.

number           kout          theta            phi      intensity
   959          14.31          33.00         356.50      2.8883457
   39.96% of job   1 of   1 completed.

number           kout          theta            phi      intensity
   960          14.31          33.00         359.50      2.9092362
   40.00% of job   1 of   1 completed.

number           kout          theta            phi      intensity
   961          14.31          36.00           2.50      2.9232969
   40.04% of job   1 of   1 completed.

number           kout          theta            phi      intensity
   962          14.31          36.00           5.50      3.1450150
   40.08% of job   1 of   1 completed.

number           kout          theta            phi      intensity
   963          14.31          36.00           8.50      3.3161469
   40.12% of job   1 of   1 completed.

number           kout          theta            phi      intensity
   964          14.31          36.00          11.50      3.2944138
   40.17% of job   1 of   1 completed.

number           kout          theta            phi      intensity
   965          14.31          36.00          14.50      3.1641169
   40.21% of job   1 of   1 completed.

number           kout          theta            phi      intensity
   966          14.31          36.00          17.50      3.1006486
   40.25% of job   1 of   1 completed.

number           kout          theta            phi      intensity
   967          14.31          36.00          20.50      2.9738960
   40.29% of job   1 of   1 completed.

number           kout          theta            phi      intensity
   968          14.31          36.00          23.50      2.6488752
   40.33% of job   1 of   1 completed.

number           kout          theta            phi      intensity
   969          14.31          36.00          26.50      2.3231757
   40.38% of job   1 of   1 completed.

number           kout          theta            phi      intensity
   970          14.31          36.00          29.50      2.1375344
   40.42% of job   1 of   1 completed.

number           kout          theta            phi      intensity
   971          14.31          36.00          32.50      2.2677796
   40.46% of job   1 of   1 completed.

number           kout          theta            phi      intensity
   972          14.31          36.00          35.50      2.6246254
   40.50% of job   1 of   1 completed.

number           kout          theta            phi      intensity
   973          14.31          36.00          38.50      3.1509199
   40.54% of job   1 of   1 completed.

number           kout          theta            phi      intensity
   974          14.31          36.00          41.50      3.6866248
   40.58% of job   1 of   1 completed.

number           kout          theta            phi      intensity
   975          14.31          36.00          44.50      4.0555201
   40.62% of job   1 of   1 completed.

number           kout          theta            phi      intensity
   976          14.31          36.00          47.50      3.7481911
   40.67% of job   1 of   1 completed.

number           kout          theta            phi      intensity
   977          14.31          36.00          50.50      3.1817749
   40.71% of job   1 of   1 completed.

number           kout          theta            phi      intensity
   978          14.31          36.00          53.50      2.7587245
   40.75% of job   1 of   1 completed.

number           kout          theta            phi      intensity
   979          14.31          36.00          56.50      2.7227182
   40.79% of job   1 of   1 completed.

number           kout          theta            phi      intensity
   980          14.31          36.00          59.50      2.6324790
   40.83% of job   1 of   1 completed.

number           kout          theta            phi      intensity
   981          14.31          36.00          62.50      2.7022803
   40.88% of job   1 of   1 completed.

number           kout          theta            phi      intensity
   982          14.31          36.00          65.50      2.8080680
   40.92% of job   1 of   1 completed.

number           kout          theta            phi      intensity
   983          14.31          36.00          68.50      2.9186552
   40.96% of job   1 of   1 completed.

number           kout          theta            phi      intensity
   984          14.31          36.00          71.50      2.8374369
   41.00% of job   1 of   1 completed.

number           kout          theta            phi      intensity
   985          14.31          36.00          74.50      2.7440674
   41.04% of job   1 of   1 completed.

number           kout          theta            phi      intensity
   986          14.31          36.00          77.50      3.0168426
   41.08% of job   1 of   1 completed.

number           kout          theta            phi      intensity
   987          14.31          36.00          80.50      3.5142908
   41.12% of job   1 of   1 completed.

number           kout          theta            phi      intensity
   988          14.31          36.00          83.50      4.0230956
   41.17% of job   1 of   1 completed.

number           kout          theta            phi      intensity
   989          14.31          36.00          86.50      4.0934615
   41.21% of job   1 of   1 completed.

number           kout          theta            phi      intensity
   990          14.31          36.00          89.50      4.0597095
   41.25% of job   1 of   1 completed.

number           kout          theta            phi      intensity
   991          14.31          36.00          92.50      4.0075054
   41.29% of job   1 of   1 completed.

number           kout          theta            phi      intensity
   992          14.31          36.00          95.50      3.8795443
   41.33% of job   1 of   1 completed.

number           kout          theta            phi      intensity
   993          14.31          36.00          98.50      3.6447802
   41.38% of job   1 of   1 completed.

number           kout          theta            phi      intensity
   994          14.31          36.00         101.50      3.3505452
   41.42% of job   1 of   1 completed.

number           kout          theta            phi      intensity
   995          14.31          36.00         104.50      3.0582266
   41.46% of job   1 of   1 completed.

number           kout          theta            phi      intensity
   996          14.31          36.00         107.50      2.9533999
   41.50% of job   1 of   1 completed.

number           kout          theta            phi      intensity
   997          14.31          36.00         110.50      2.7160857
   41.54% of job   1 of   1 completed.

number           kout          theta            phi      intensity
   998          14.31          36.00         113.50      2.6745672
   41.58% of job   1 of   1 completed.

number           kout          theta            phi      intensity
   999          14.31          36.00         116.50      2.6226668
   41.62% of job   1 of   1 completed.

number           kout          theta            phi      intensity
  1000          14.31          36.00         119.50      2.5771623
   41.67% of job   1 of   1 completed.

number           kout          theta            phi      intensity
  1001          14.31          36.00         122.50      2.6335046
   41.71% of job   1 of   1 completed.

number           kout          theta            phi      intensity
  1002          14.31          36.00         125.50      2.7583952
   41.75% of job   1 of   1 completed.

number           kout          theta            phi      intensity
  1003          14.31          36.00         128.50      2.8456724
   41.79% of job   1 of   1 completed.

number           kout          theta            phi      intensity
  1004          14.31          36.00         131.50      3.1157398
   41.83% of job   1 of   1 completed.

number           kout          theta            phi      intensity
  1005          14.31          36.00         134.50      3.2811725
   41.88% of job   1 of   1 completed.

number           kout          theta            phi      intensity
  1006          14.31          36.00         137.50      3.1942899
   41.92% of job   1 of   1 completed.

number           kout          theta            phi      intensity
  1007          14.31          36.00         140.50      3.0006125
   41.96% of job   1 of   1 completed.

number           kout          theta            phi      intensity
  1008          14.31          36.00         143.50      2.9382114
   42.00% of job   1 of   1 completed.

number           kout          theta            phi      intensity
  1009          14.31          36.00         146.50      2.8545535
   42.04% of job   1 of   1 completed.

number           kout          theta            phi      intensity
  1010          14.31          36.00         149.50      2.8127291
   42.08% of job   1 of   1 completed.

number           kout          theta            phi      intensity
  1011          14.31          36.00         152.50      2.8163168
   42.12% of job   1 of   1 completed.

number           kout          theta            phi      intensity
  1012          14.31          36.00         155.50      2.9269066
   42.17% of job   1 of   1 completed.

number           kout          theta            phi      intensity
  1013          14.31          36.00         158.50      2.9659817
   42.21% of job   1 of   1 completed.

number           kout          theta            phi      intensity
  1014          14.31          36.00         161.50      3.0690820
   42.25% of job   1 of   1 completed.

number           kout          theta            phi      intensity
  1015          14.31          36.00         164.50      3.0658062
   42.29% of job   1 of   1 completed.

number           kout          theta            phi      intensity
  1016          14.31          36.00         167.50      3.1036129
   42.33% of job   1 of   1 completed.

number           kout          theta            phi      intensity
  1017          14.31          36.00         170.50      3.2062571
   42.38% of job   1 of   1 completed.

number           kout          theta            phi      intensity
  1018          14.31          36.00         173.50      3.3229544
   42.42% of job   1 of   1 completed.

number           kout          theta            phi      intensity
  1019          14.31          36.00         176.50      3.3189375
   42.46% of job   1 of   1 completed.

number           kout          theta            phi      intensity
  1020          14.31          36.00         179.50      3.3506167
   42.50% of job   1 of   1 completed.

number           kout          theta            phi      intensity
  1021          14.31          36.00         182.50      3.2688339
   42.54% of job   1 of   1 completed.

number           kout          theta            phi      intensity
  1022          14.31          36.00         185.50      3.3145745
   42.58% of job   1 of   1 completed.

number           kout          theta            phi      intensity
  1023          14.31          36.00         188.50      3.2916133
   42.62% of job   1 of   1 completed.

number           kout          theta            phi      intensity
  1024          14.31          36.00         191.50      3.1977832
   42.67% of job   1 of   1 completed.

number           kout          theta            phi      intensity
  1025          14.31          36.00         194.50      3.0944784
   42.71% of job   1 of   1 completed.

number           kout          theta            phi      intensity
  1026          14.31          36.00         197.50      3.0958369
   42.75% of job   1 of   1 completed.

number           kout          theta            phi      intensity
  1027          14.31          36.00         200.50      3.0471849
   42.79% of job   1 of   1 completed.

number           kout          theta            phi      intensity
  1028          14.31          36.00         203.50      2.9652338
   42.83% of job   1 of   1 completed.

number           kout          theta            phi      intensity
  1029          14.31          36.00         206.50      2.8450868
   42.88% of job   1 of   1 completed.

number           kout          theta            phi      intensity
  1030          14.31          36.00         209.50      2.7324679
   42.92% of job   1 of   1 completed.

number           kout          theta            phi      intensity
  1031          14.31          36.00         212.50      2.7803376
   42.96% of job   1 of   1 completed.

number           kout          theta            phi      intensity
  1032          14.31          36.00         215.50      2.7812932
   43.00% of job   1 of   1 completed.

number           kout          theta            phi      intensity
  1033          14.31          36.00         218.50      2.8267698
   43.04% of job   1 of   1 completed.

number           kout          theta            phi      intensity
  1034          14.31          36.00         221.50      3.0385368
   43.08% of job   1 of   1 completed.

number           kout          theta            phi      intensity
  1035          14.31          36.00         224.50      3.2411773
   43.12% of job   1 of   1 completed.

number           kout          theta            phi      intensity
  1036          14.31          36.00         227.50      3.1733105
   43.17% of job   1 of   1 completed.

number           kout          theta            phi      intensity
  1037          14.31          36.00         230.50      2.9300375
   43.21% of job   1 of   1 completed.

number           kout          theta            phi      intensity
  1038          14.31          36.00         233.50      2.7519658
   43.25% of job   1 of   1 completed.

number           kout          theta            phi      intensity
  1039          14.31          36.00         236.50      2.6807041
   43.29% of job   1 of   1 completed.

number           kout          theta            phi      intensity
  1040          14.31          36.00         239.50      2.5873177
   43.33% of job   1 of   1 completed.

number           kout          theta            phi      intensity
  1041          14.31          36.00         242.50      2.5879185
   43.38% of job   1 of   1 completed.

number           kout          theta            phi      intensity
  1042          14.31          36.00         245.50      2.6346815
   43.42% of job   1 of   1 completed.

number           kout          theta            phi      intensity
  1043          14.31          36.00         248.50      2.6363277
   43.46% of job   1 of   1 completed.

number           kout          theta            phi      intensity
  1044          14.31          36.00         251.50      2.8056726
   43.50% of job   1 of   1 completed.

number           kout          theta            phi      intensity
  1045          14.31          36.00         254.50      2.9396975
   43.54% of job   1 of   1 completed.

number           kout          theta            phi      intensity
  1046          14.31          36.00         257.50      3.1479015
   43.58% of job   1 of   1 completed.

number           kout          theta            phi      intensity
  1047          14.31          36.00         260.50      3.4492662
   43.62% of job   1 of   1 completed.

number           kout          theta            phi      intensity
  1048          14.31          36.00         263.50      3.6965554
   43.67% of job   1 of   1 completed.

number           kout          theta            phi      intensity
  1049          14.31          36.00         266.50      3.8202870
   43.71% of job   1 of   1 completed.

number           kout          theta            phi      intensity
  1050          14.31          36.00         269.50      3.8387766
   43.75% of job   1 of   1 completed.

number           kout          theta            phi      intensity
  1051          14.31          36.00         272.50      3.8628399
   43.79% of job   1 of   1 completed.

number           kout          theta            phi      intensity
  1052          14.31          36.00         275.50      3.8480539
   43.83% of job   1 of   1 completed.

number           kout          theta            phi      intensity
  1053          14.31          36.00         278.50      3.5103195
   43.88% of job   1 of   1 completed.

number           kout          theta            phi      intensity
  1054          14.31          36.00         281.50      3.1141920
   43.92% of job   1 of   1 completed.

number           kout          theta            phi      intensity
  1055          14.31          36.00         284.50      2.7739284
   43.96% of job   1 of   1 completed.

number           kout          theta            phi      intensity
  1056          14.31          36.00         287.50      2.7365401
   44.00% of job   1 of   1 completed.

number           kout          theta            phi      intensity
  1057          14.31          36.00         290.50      2.7644804
   44.04% of job   1 of   1 completed.

number           kout          theta            phi      intensity
  1058          14.31          36.00         293.50      2.6780789
   44.08% of job   1 of   1 completed.

number           kout          theta            phi      intensity
  1059          14.31          36.00         296.50      2.6775939
   44.12% of job   1 of   1 completed.

number           kout          theta            phi      intensity
  1060          14.31          36.00         299.50      2.5566194
   44.17% of job   1 of   1 completed.

number           kout          theta            phi      intensity
  1061          14.31          36.00         302.50      2.6143653
   44.21% of job   1 of   1 completed.

number           kout          theta            phi      intensity
  1062          14.31          36.00         305.50      2.7399762
   44.25% of job   1 of   1 completed.

number           kout          theta            phi      intensity
  1063          14.31          36.00         308.50      3.0973980
   44.29% of job   1 of   1 completed.

number           kout          theta            phi      intensity
  1064          14.31          36.00         311.50      3.5018618
   44.33% of job   1 of   1 completed.

number           kout          theta            phi      intensity
  1065          14.31          36.00         314.50      3.9209805
   44.38% of job   1 of   1 completed.

number           kout          theta            phi      intensity
  1066          14.31          36.00         317.50      3.6044865
   44.42% of job   1 of   1 completed.

number           kout          theta            phi      intensity
  1067          14.31          36.00         320.50      3.1853759
   44.46% of job   1 of   1 completed.

number           kout          theta            phi      intensity
  1068          14.31          36.00         323.50      2.6498172
   44.50% of job   1 of   1 completed.

number           kout          theta            phi      intensity
  1069          14.31          36.00         326.50      2.3109426
   44.54% of job   1 of   1 completed.

number           kout          theta            phi      intensity
  1070          14.31          36.00         329.50      2.1158888
   44.58% of job   1 of   1 completed.

number           kout          theta            phi      intensity
  1071          14.31          36.00         332.50      2.2373145
   44.62% of job   1 of   1 completed.

number           kout          theta            phi      intensity
  1072          14.31          36.00         335.50      2.5939944
   44.67% of job   1 of   1 completed.

number           kout          theta            phi      intensity
  1073          14.31          36.00         338.50      2.9450963
   44.71% of job   1 of   1 completed.

number           kout          theta            phi      intensity
  1074          14.31          36.00         341.50      3.0923674
   44.75% of job   1 of   1 completed.

number           kout          theta            phi      intensity
  1075          14.31          36.00         344.50      3.1837990
   44.79% of job   1 of   1 completed.

number           kout          theta            phi      intensity
  1076          14.31          36.00         347.50      3.2528389
   44.83% of job   1 of   1 completed.

number           kout          theta            phi      intensity
  1077          14.31          36.00         350.50      3.3145072
   44.88% of job   1 of   1 completed.

number           kout          theta            phi      intensity
  1078          14.31          36.00         353.50      3.1992795
   44.92% of job   1 of   1 completed.

number           kout          theta            phi      intensity
  1079          14.31          36.00         356.50      2.9628375
   44.96% of job   1 of   1 completed.

number           kout          theta            phi      intensity
  1080          14.31          36.00         359.50      2.9796829
   45.00% of job   1 of   1 completed.

number           kout          theta            phi      intensity
  1081          14.31          39.00           2.50      3.9931173
   45.04% of job   1 of   1 completed.

number           kout          theta            phi      intensity
  1082          14.31          39.00           5.50      4.4051385
   45.08% of job   1 of   1 completed.

number           kout          theta            phi      intensity
  1083          14.31          39.00           8.50      4.4905586
   45.12% of job   1 of   1 completed.

number           kout          theta            phi      intensity
  1084          14.31          39.00          11.50      4.0621524
   45.17% of job   1 of   1 completed.

number           kout          theta            phi      intensity
  1085          14.31          39.00          14.50      3.5916607
   45.21% of job   1 of   1 completed.

number           kout          theta            phi      intensity
  1086          14.31          39.00          17.50      3.4826534
   45.25% of job   1 of   1 completed.

number           kout          theta            phi      intensity
  1087          14.31          39.00          20.50      3.4273427
   45.29% of job   1 of   1 completed.

number           kout          theta            phi      intensity
  1088          14.31          39.00          23.50      3.0080812
   45.33% of job   1 of   1 completed.

number           kout          theta            phi      intensity
  1089          14.31          39.00          26.50      2.3721974
   45.38% of job   1 of   1 completed.

number           kout          theta            phi      intensity
  1090          14.31          39.00          29.50      2.0000920
   45.42% of job   1 of   1 completed.

number           kout          theta            phi      intensity
  1091          14.31          39.00          32.50      2.1175587
   45.46% of job   1 of   1 completed.

number           kout          theta            phi      intensity
  1092          14.31          39.00          35.50      2.4914472
   45.50% of job   1 of   1 completed.

number           kout          theta            phi      intensity
  1093          14.31          39.00          38.50      3.0819092
   45.54% of job   1 of   1 completed.

number           kout          theta            phi      intensity
  1094          14.31          39.00          41.50      3.7505825
   45.58% of job   1 of   1 completed.

number           kout          theta            phi      intensity
  1095          14.31          39.00          44.50      4.3045802
   45.62% of job   1 of   1 completed.

number           kout          theta            phi      intensity
  1096          14.31          39.00          47.50      3.9686260
   45.67% of job   1 of   1 completed.

number           kout          theta            phi      intensity
  1097          14.31          39.00          50.50      3.4234340
   45.71% of job   1 of   1 completed.

number           kout          theta            phi      intensity
  1098          14.31          39.00          53.50      2.8679130
   45.75% of job   1 of   1 completed.

number           kout          theta            phi      intensity
  1099          14.31          39.00          56.50      2.7470796
   45.79% of job   1 of   1 completed.

number           kout          theta            phi      intensity
  1100          14.31          39.00          59.50      2.5089078
   45.83% of job   1 of   1 completed.

number           kout          theta            phi      intensity
  1101          14.31          39.00          62.50      2.5379961
   45.88% of job   1 of   1 completed.

number           kout          theta            phi      intensity
  1102          14.31          39.00          65.50      2.7552383
   45.92% of job   1 of   1 completed.

number           kout          theta            phi      intensity
  1103          14.31          39.00          68.50      2.9804752
   45.96% of job   1 of   1 completed.

number           kout          theta            phi      intensity
  1104          14.31          39.00          71.50      2.8983638
   46.00% of job   1 of   1 completed.

number           kout          theta            phi      intensity
  1105          14.31          39.00          74.50      2.9335282
   46.04% of job   1 of   1 completed.

number           kout          theta            phi      intensity
  1106          14.31          39.00          77.50      3.6535625
   46.08% of job   1 of   1 completed.

number           kout          theta            phi      intensity
  1107          14.31          39.00          80.50      4.7670159
   46.12% of job   1 of   1 completed.

number           kout          theta            phi      intensity
  1108          14.31          39.00          83.50      5.6586280
   46.17% of job   1 of   1 completed.

number           kout          theta            phi      intensity
  1109          14.31          39.00          86.50      5.8494992
   46.21% of job   1 of   1 completed.

number           kout          theta            phi      intensity
  1110          14.31          39.00          89.50      5.7748146
   46.25% of job   1 of   1 completed.

number           kout          theta            phi      intensity
  1111          14.31          39.00          92.50      5.7530251
   46.29% of job   1 of   1 completed.

number           kout          theta            phi      intensity
  1112          14.31          39.00          95.50      5.7447810
   46.33% of job   1 of   1 completed.

number           kout          theta            phi      intensity
  1113          14.31          39.00          98.50      5.2960095
   46.38% of job   1 of   1 completed.

number           kout          theta            phi      intensity
  1114          14.31          39.00         101.50      4.4296160
   46.42% of job   1 of   1 completed.

number           kout          theta            phi      intensity
  1115          14.31          39.00         104.50      3.6354430
   46.46% of job   1 of   1 completed.

number           kout          theta            phi      intensity
  1116          14.31          39.00         107.50      3.3789968
   46.50% of job   1 of   1 completed.

number           kout          theta            phi      intensity
  1117          14.31          39.00         110.50      3.1965406
   46.54% of job   1 of   1 completed.

number           kout          theta            phi      intensity
  1118          14.31          39.00         113.50      3.2095239
   46.58% of job   1 of   1 completed.

number           kout          theta            phi      intensity
  1119          14.31          39.00         116.50      2.9832933
   46.62% of job   1 of   1 completed.

number           kout          theta            phi      intensity
  1120          14.31          39.00         119.50      2.7265856
   46.67% of job   1 of   1 completed.

number           kout          theta            phi      intensity
  1121          14.31          39.00         122.50      2.5712798
   46.71% of job   1 of   1 completed.

number           kout          theta            phi      intensity
  1122          14.31          39.00         125.50      2.5168359
   46.75% of job   1 of   1 completed.

number           kout          theta            phi      intensity
  1123          14.31          39.00         128.50      2.6240547
   46.79% of job   1 of   1 completed.

number           kout          theta            phi      intensity
  1124          14.31          39.00         131.50      2.9012334
   46.83% of job   1 of   1 completed.

number           kout          theta            phi      intensity
  1125          14.31          39.00         134.50      3.0787175
   46.88% of job   1 of   1 completed.

number           kout          theta            phi      intensity
  1126          14.31          39.00         137.50      2.9949160
   46.92% of job   1 of   1 completed.

number           kout          theta            phi      intensity
  1127          14.31          39.00         140.50      2.6534877
   46.96% of job   1 of   1 completed.

number           kout          theta            phi      intensity
  1128          14.31          39.00         143.50      2.5054095
   47.00% of job   1 of   1 completed.

number           kout          theta            phi      intensity
  1129          14.31          39.00         146.50      2.5648835
   47.04% of job   1 of   1 completed.

number           kout          theta            phi      intensity
  1130          14.31          39.00         149.50      2.6755636
   47.08% of job   1 of   1 completed.

number           kout          theta            phi      intensity
  1131          14.31          39.00         152.50      2.7567837
   47.12% of job   1 of   1 completed.

number           kout          theta            phi      intensity
  1132          14.31          39.00         155.50      3.0185120
   47.17% of job   1 of   1 completed.

number           kout          theta            phi      intensity
  1133          14.31          39.00         158.50      3.2640259
   47.21% of job   1 of   1 completed.

number           kout          theta            phi      intensity
  1134          14.31          39.00         161.50      3.1633103
   47.25% of job   1 of   1 completed.

number           kout          theta            phi      intensity
  1135          14.31          39.00         164.50      3.1664941
   47.29% of job   1 of   1 completed.

number           kout          theta            phi      intensity
  1136          14.31          39.00         167.50      3.6952877
   47.33% of job   1 of   1 completed.

number           kout          theta            phi      intensity
  1137          14.31          39.00         170.50      4.2802515
   47.38% of job   1 of   1 completed.

number           kout          theta            phi      intensity
  1138          14.31          39.00         173.50      4.8266730
   47.42% of job   1 of   1 completed.

number           kout          theta            phi      intensity
  1139          14.31          39.00         176.50      4.7172885
   47.46% of job   1 of   1 completed.

number           kout          theta            phi      intensity
  1140          14.31          39.00         179.50      4.6242409
   47.50% of job   1 of   1 completed.

number           kout          theta            phi      intensity
  1141          14.31          39.00         182.50      4.5066323
   47.54% of job   1 of   1 completed.

number           kout          theta            phi      intensity
  1142          14.31          39.00         185.50      4.7076211
   47.58% of job   1 of   1 completed.

number           kout          theta            phi      intensity
  1143          14.31          39.00         188.50      4.6592603
   47.62% of job   1 of   1 completed.

number           kout          theta            phi      intensity
  1144          14.31          39.00         191.50      4.1053786
   47.67% of job   1 of   1 completed.

number           kout          theta            phi      intensity
  1145          14.31          39.00         194.50      3.3882434
   47.71% of job   1 of   1 completed.

number           kout          theta            phi      intensity
  1146          14.31          39.00         197.50      3.2092192
   47.75% of job   1 of   1 completed.

number           kout          theta            phi      intensity
  1147          14.31          39.00         200.50      3.1648779
   47.79% of job   1 of   1 completed.

number           kout          theta            phi      intensity
  1148          14.31          39.00         203.50      3.1842835
   47.83% of job   1 of   1 completed.

number           kout          theta            phi      intensity
  1149          14.31          39.00         206.50      2.8571835
   47.88% of job   1 of   1 completed.

number           kout          theta            phi      intensity
  1150          14.31          39.00         209.50      2.6589811
   47.92% of job   1 of   1 completed.

number           kout          theta            phi      intensity
  1151          14.31          39.00         212.50      2.6101887
   47.96% of job   1 of   1 completed.

number           kout          theta            phi      intensity
  1152          14.31          39.00         215.50      2.5303380
   48.00% of job   1 of   1 completed.

number           kout          theta            phi      intensity
  1153          14.31          39.00         218.50      2.4454019
   48.04% of job   1 of   1 completed.

number           kout          theta            phi      intensity
  1154          14.31          39.00         221.50      2.7189448
   48.08% of job   1 of   1 completed.

number           kout          theta            phi      intensity
  1155          14.31          39.00         224.50      3.0184441
   48.12% of job   1 of   1 completed.

number           kout          theta            phi      intensity
  1156          14.31          39.00         227.50      3.0050485
   48.17% of job   1 of   1 completed.

number           kout          theta            phi      intensity
  1157          14.31          39.00         230.50      2.6353498
   48.21% of job   1 of   1 completed.

number           kout          theta            phi      intensity
  1158          14.31          39.00         233.50      2.4674280
   48.25% of job   1 of   1 completed.

number           kout          theta            phi      intensity
  1159          14.31          39.00         236.50      2.4039371
   48.29% of job   1 of   1 completed.

number           kout          theta            phi      intensity
  1160          14.31          39.00         239.50      2.5969567
   48.33% of job   1 of   1 completed.

number           kout          theta            phi      intensity
  1161          14.31          39.00         242.50      2.7802391
   48.38% of job   1 of   1 completed.

number           kout          theta            phi      intensity
  1162          14.31          39.00         245.50      3.0499012
   48.42% of job   1 of   1 completed.

number           kout          theta            phi      intensity
  1163          14.31          39.00         248.50      3.1147230
   48.46% of job   1 of   1 completed.

number           kout          theta            phi      intensity
  1164          14.31          39.00         251.50      3.1609786
   48.50% of job   1 of   1 completed.

number           kout          theta            phi      intensity
  1165          14.31          39.00         254.50      3.4848020
   48.54% of job   1 of   1 completed.

number           kout          theta            phi      intensity
  1166          14.31          39.00         257.50      4.0817132
   48.58% of job   1 of   1 completed.

number           kout          theta            phi      intensity
  1167          14.31          39.00         260.50      4.7854991
   48.62% of job   1 of   1 completed.

number           kout          theta            phi      intensity
  1168          14.31          39.00         263.50      5.2658725
   48.67% of job   1 of   1 completed.

number           kout          theta            phi      intensity
  1169          14.31          39.00         266.50      5.3169408
   48.71% of job   1 of   1 completed.

number           kout          theta            phi      intensity
  1170          14.31          39.00         269.50      5.2942920
   48.75% of job   1 of   1 completed.

number           kout          theta            phi      intensity
  1171          14.31          39.00         272.50      5.2909746
   48.79% of job   1 of   1 completed.

number           kout          theta            phi      intensity
  1172          14.31          39.00         275.50      5.4119592
   48.83% of job   1 of   1 completed.

number           kout          theta            phi      intensity
  1173          14.31          39.00         278.50      4.7513385
   48.88% of job   1 of   1 completed.

number           kout          theta            phi      intensity
  1174          14.31          39.00         281.50      3.8071997
   48.92% of job   1 of   1 completed.

number           kout          theta            phi      intensity
  1175          14.31          39.00         284.50      2.9915335
   48.96% of job   1 of   1 completed.

number           kout          theta            phi      intensity
  1176          14.31          39.00         287.50      2.8293073
   49.00% of job   1 of   1 completed.

number           kout          theta            phi      intensity
  1177          14.31          39.00         290.50      2.8269472
   49.04% of job   1 of   1 completed.

number           kout          theta            phi      intensity
  1178          14.31          39.00         293.50      2.6935961
   49.08% of job   1 of   1 completed.

number           kout          theta            phi      intensity
  1179          14.31          39.00         296.50      2.4913073
   49.12% of job   1 of   1 completed.

number           kout          theta            phi      intensity
  1180          14.31          39.00         299.50      2.4455922
   49.17% of job   1 of   1 completed.

number           kout          theta            phi      intensity
  1181          14.31          39.00         302.50      2.6883538
   49.21% of job   1 of   1 completed.

number           kout          theta            phi      intensity
  1182          14.31          39.00         305.50      2.9958887
   49.25% of job   1 of   1 completed.

number           kout          theta            phi      intensity
  1183          14.31          39.00         308.50      3.4039612
   49.29% of job   1 of   1 completed.

number           kout          theta            phi      intensity
  1184          14.31          39.00         311.50      3.8894188
   49.33% of job   1 of   1 completed.

number           kout          theta            phi      intensity
  1185          14.31          39.00         314.50      4.3832645
   49.38% of job   1 of   1 completed.

number           kout          theta            phi      intensity
  1186          14.31          39.00         317.50      3.8048298
   49.42% of job   1 of   1 completed.

number           kout          theta            phi      intensity
  1187          14.31          39.00         320.50      3.1186616
   49.46% of job   1 of   1 completed.

number           kout          theta            phi      intensity
  1188          14.31          39.00         323.50      2.5550857
   49.50% of job   1 of   1 completed.

number           kout          theta            phi      intensity
  1189          14.31          39.00         326.50      2.1817291
   49.54% of job   1 of   1 completed.

number           kout          theta            phi      intensity
  1190          14.31          39.00         329.50      2.0220940
   49.58% of job   1 of   1 completed.

number           kout          theta            phi      intensity
  1191          14.31          39.00         332.50      2.2649698
   49.62% of job   1 of   1 completed.

number           kout          theta            phi      intensity
  1192          14.31          39.00         335.50      2.7584305
   49.67% of job   1 of   1 completed.

number           kout          theta            phi      intensity
  1193          14.31          39.00         338.50      3.3676331
   49.71% of job   1 of   1 completed.

number           kout          theta            phi      intensity
  1194          14.31          39.00         341.50      3.4375751
   49.75% of job   1 of   1 completed.

number           kout          theta            phi      intensity
  1195          14.31          39.00         344.50      3.5551107
   49.79% of job   1 of   1 completed.

number           kout          theta            phi      intensity
  1196          14.31          39.00         347.50      3.9483242
   49.83% of job   1 of   1 completed.

number           kout          theta            phi      intensity
  1197          14.31          39.00         350.50      4.4878869
   49.88% of job   1 of   1 completed.

number           kout          theta            phi      intensity
  1198          14.31          39.00         353.50      4.4640231
   49.92% of job   1 of   1 completed.

number           kout          theta            phi      intensity
  1199          14.31          39.00         356.50      4.0085521
   49.96% of job   1 of   1 completed.

number           kout          theta            phi      intensity
  1200          14.31          39.00         359.50      4.0061827
   50.00% of job   1 of   1 completed.

number           kout          theta            phi      intensity
  1201          14.31          42.00           2.50      5.3992505
   50.04% of job   1 of   1 completed.

number           kout          theta            phi      intensity
  1202          14.31          42.00           5.50      5.8621788
   50.08% of job   1 of   1 completed.

number           kout          theta            phi      intensity
  1203          14.31          42.00           8.50      5.6319065
   50.12% of job   1 of   1 completed.

number           kout          theta            phi      intensity
  1204          14.31          42.00          11.50      4.6753030
   50.17% of job   1 of   1 completed.

number           kout          theta            phi      intensity
  1205          14.31          42.00          14.50      3.8492362
   50.21% of job   1 of   1 completed.

number           kout          theta            phi      intensity
  1206          14.31          42.00          17.50      3.6799524
   50.25% of job   1 of   1 completed.

number           kout          theta            phi      intensity
  1207          14.31          42.00          20.50      3.8798821
   50.29% of job   1 of   1 completed.

number           kout          theta            phi      intensity
  1208          14.31          42.00          23.50      3.6171553
   50.33% of job   1 of   1 completed.

number           kout          theta            phi      intensity
  1209          14.31          42.00          26.50      2.9775753
   50.38% of job   1 of   1 completed.

number           kout          theta            phi      intensity
  1210          14.31          42.00          29.50      2.6956284
   50.42% of job   1 of   1 completed.

number           kout          theta            phi      intensity
  1211          14.31          42.00          32.50      2.9215925
   50.46% of job   1 of   1 completed.

number           kout          theta            phi      intensity
  1212          14.31          42.00          35.50      3.1516531
   50.50% of job   1 of   1 completed.

number           kout          theta            phi      intensity
  1213          14.31          42.00          38.50      3.6495779
   50.54% of job   1 of   1 completed.

number           kout          theta            phi      intensity
  1214          14.31          42.00          41.50      4.1258292
   50.58% of job   1 of   1 completed.

number           kout          theta            phi      intensity
  1215          14.31          42.00          44.50      4.5644202
   50.62% of job   1 of   1 completed.

number           kout          theta            phi      intensity
  1216          14.31          42.00          47.50      4.4123678
   50.67% of job   1 of   1 completed.

number           kout          theta            phi      intensity
  1217          14.31          42.00          50.50      4.0678768
   50.71% of job   1 of   1 completed.

number           kout          theta            phi      intensity
  1218          14.31          42.00          53.50      3.6261957
   50.75% of job   1 of   1 completed.

number           kout          theta            phi      intensity
  1219          14.31          42.00          56.50      3.5065401
   50.79% of job   1 of   1 completed.

number           kout          theta            phi      intensity
  1220          14.31          42.00          59.50      3.2947142
   50.83% of job   1 of   1 completed.

number           kout          theta            phi      intensity
  1221          14.31          42.00          62.50      3.2591002
   50.88% of job   1 of   1 completed.

number           kout          theta            phi      intensity
  1222          14.31          42.00          65.50      3.3580387
   50.92% of job   1 of   1 completed.

number           kout          theta            phi      intensity
  1223          14.31          42.00          68.50      3.1519563
   50.96% of job   1 of   1 completed.

number           kout          theta            phi      intensity
  1224          14.31          42.00          71.50      3.0041201
   51.00% of job   1 of   1 completed.

number           kout          theta            phi      intensity
  1225          14.31          42.00          74.50      3.1241624
   51.04% of job   1 of   1 completed.

number           kout          theta            phi      intensity
  1226          14.31          42.00          77.50      3.9588833
   51.08% of job   1 of   1 completed.

number           kout          theta            phi      intensity
  1227          14.31          42.00          80.50      5.4241347
   51.12% of job   1 of   1 completed.

number           kout          theta            phi      intensity
  1228          14.31          42.00          83.50      6.6644549
   51.17% of job   1 of   1 completed.

number           kout          theta            phi      intensity
  1229          14.31          42.00          86.50      6.9903240
   51.21% of job   1 of   1 completed.

number           kout          theta            phi      intensity
  1230          14.31          42.00          89.50      6.9006271
   51.25% of job   1 of   1 completed.

number           kout          theta            phi      intensity
  1231          14.31          42.00          92.50      6.7713261
   51.29% of job   1 of   1 completed.

number           kout          theta            phi      intensity
  1232          14.31          42.00          95.50      6.8497119
   51.33% of job   1 of   1 completed.

number           kout          theta            phi      intensity
  1233          14.31          42.00          98.50      6.0294743
   51.38% of job   1 of   1 completed.

number           kout          theta            phi      intensity
  1234          14.31          42.00         101.50      4.8022275
   51.42% of job   1 of   1 completed.

number           kout          theta            phi      intensity
  1235          14.31          42.00         104.50      3.8634560
   51.46% of job   1 of   1 completed.

number           kout          theta            phi      intensity
  1236          14.31          42.00         107.50      3.5713603
   51.50% of job   1 of   1 completed.

number           kout          theta            phi      intensity
  1237          14.31          42.00         110.50      3.7406311
   51.54% of job   1 of   1 completed.

number           kout          theta            phi      intensity
  1238          14.31          42.00         113.50      3.9159520
   51.58% of job   1 of   1 completed.

number           kout          theta            phi      intensity
  1239          14.31          42.00         116.50      3.5504558
   51.62% of job   1 of   1 completed.

number           kout          theta            phi      intensity
  1240          14.31          42.00         119.50      3.1014001
   51.67% of job   1 of   1 completed.

number           kout          theta            phi      intensity
  1241          14.31          42.00         122.50      2.8717690
   51.71% of job   1 of   1 completed.

number           kout          theta            phi      intensity
  1242          14.31          42.00         125.50      2.7098548
   51.75% of job   1 of   1 completed.

number           kout          theta            phi      intensity
  1243          14.31          42.00         128.50      2.9960394
   51.79% of job   1 of   1 completed.

number           kout          theta            phi      intensity
  1244          14.31          42.00         131.50      3.4790785
   51.83% of job   1 of   1 completed.

number           kout          theta            phi      intensity
  1245          14.31          42.00         134.50      3.6441100
   51.88% of job   1 of   1 completed.

number           kout          theta            phi      intensity
  1246          14.31          42.00         137.50      3.4930229
   51.92% of job   1 of   1 completed.

number           kout          theta            phi      intensity
  1247          14.31          42.00         140.50      3.0753396
   51.96% of job   1 of   1 completed.

number           kout          theta            phi      intensity
  1248          14.31          42.00         143.50      2.8375967
   52.00% of job   1 of   1 completed.

number           kout          theta            phi      intensity
  1249          14.31          42.00         146.50      2.9101772
   52.04% of job   1 of   1 completed.

number           kout          theta            phi      intensity
  1250          14.31          42.00         149.50      3.0990448
   52.08% of job   1 of   1 completed.

number           kout          theta            phi      intensity
  1251          14.31          42.00         152.50      3.3803356
   52.12% of job   1 of   1 completed.

number           kout          theta            phi      intensity
  1252          14.31          42.00         155.50      3.7259285
   52.17% of job   1 of   1 completed.

number           kout          theta            phi      intensity
  1253          14.31          42.00         158.50      3.8168209
   52.21% of job   1 of   1 completed.

number           kout          theta            phi      intensity
  1254          14.31          42.00         161.50      3.5314372
   52.25% of job   1 of   1 completed.

number           kout          theta            phi      intensity
  1255          14.31          42.00         164.50      3.5031245
   52.29% of job   1 of   1 completed.

number           kout          theta            phi      intensity
  1256          14.31          42.00         167.50      4.2051597
   52.33% of job   1 of   1 completed.

number           kout          theta            phi      intensity
  1257          14.31          42.00         170.50      5.3028855
   52.38% of job   1 of   1 completed.

number           kout          theta            phi      intensity
  1258          14.31          42.00         173.50      6.1054549
   52.42% of job   1 of   1 completed.

number           kout          theta            phi      intensity
  1259          14.31          42.00         176.50      6.1404362
   52.46% of job   1 of   1 completed.

number           kout          theta            phi      intensity
  1260          14.31          42.00         179.50      6.0623136
   52.50% of job   1 of   1 completed.

number           kout          theta            phi      intensity
  1261          14.31          42.00         182.50      5.9234657
   52.54% of job   1 of   1 completed.

number           kout          theta            phi      intensity
  1262          14.31          42.00         185.50      6.1547484
   52.58% of job   1 of   1 completed.

number           kout          theta            phi      intensity
  1263          14.31          42.00         188.50      5.8319373
   52.62% of job   1 of   1 completed.

number           kout          theta            phi      intensity
  1264          14.31          42.00         191.50      4.8768849
   52.67% of job   1 of   1 completed.

number           kout          theta            phi      intensity
  1265          14.31          42.00         194.50      3.6963556
   52.71% of job   1 of   1 completed.

number           kout          theta            phi      intensity
  1266          14.31          42.00         197.50      3.4831512
   52.75% of job   1 of   1 completed.

number           kout          theta            phi      intensity
  1267          14.31          42.00         200.50      3.7135961
   52.79% of job   1 of   1 completed.

number           kout          theta            phi      intensity
  1268          14.31          42.00         203.50      3.8316298
   52.83% of job   1 of   1 completed.

number           kout          theta            phi      intensity
  1269          14.31          42.00         206.50      3.4855187
   52.88% of job   1 of   1 completed.

number           kout          theta            phi      intensity
  1270          14.31          42.00         209.50      3.1414468
   52.92% of job   1 of   1 completed.

number           kout          theta            phi      intensity
  1271          14.31          42.00         212.50      2.9536543
   52.96% of job   1 of   1 completed.

number           kout          theta            phi      intensity
  1272          14.31          42.00         215.50      2.7978334
   53.00% of job   1 of   1 completed.

number           kout          theta            phi      intensity
  1273          14.31          42.00         218.50      2.9240513
   53.04% of job   1 of   1 completed.

number           kout          theta            phi      intensity
  1274          14.31          42.00         221.50      3.4006431
   53.08% of job   1 of   1 completed.

number           kout          theta            phi      intensity
  1275          14.31          42.00         224.50      3.7939637
   53.12% of job   1 of   1 completed.

number           kout          theta            phi      intensity
  1276          14.31          42.00         227.50      3.7550304
   53.17% of job   1 of   1 completed.

number           kout          theta            phi      intensity
  1277          14.31          42.00         230.50      3.2101507
   53.21% of job   1 of   1 completed.

number           kout          theta            phi      intensity
  1278          14.31          42.00         233.50      2.7854373
   53.25% of job   1 of   1 completed.

number           kout          theta            phi      intensity
  1279          14.31          42.00         236.50      2.7450457
   53.29% of job   1 of   1 completed.

number           kout          theta            phi      intensity
  1280          14.31          42.00         239.50      2.8417311
   53.33% of job   1 of   1 completed.

number           kout          theta            phi      intensity
  1281          14.31          42.00         242.50      3.2223246
   53.38% of job   1 of   1 completed.

number           kout          theta            phi      intensity
  1282          14.31          42.00         245.50      3.7384443
   53.42% of job   1 of   1 completed.

number           kout          theta            phi      intensity
  1283          14.31          42.00         248.50      3.6934681
   53.46% of job   1 of   1 completed.

number           kout          theta            phi      intensity
  1284          14.31          42.00         251.50      3.5105159
   53.50% of job   1 of   1 completed.

number           kout          theta            phi      intensity
  1285          14.31          42.00         254.50      3.6500771
   53.54% of job   1 of   1 completed.

number           kout          theta            phi      intensity
  1286          14.31          42.00         257.50      4.3671675
   53.58% of job   1 of   1 completed.

number           kout          theta            phi      intensity
  1287          14.31          42.00         260.50      5.5507240
   53.62% of job   1 of   1 completed.

number           kout          theta            phi      intensity
  1288          14.31          42.00         263.50      6.4039536
   53.67% of job   1 of   1 completed.

number           kout          theta            phi      intensity
  1289          14.31          42.00         266.50      6.5820999
   53.71% of job   1 of   1 completed.

number           kout          theta            phi      intensity
  1290          14.31          42.00         269.50      6.6195431
   53.75% of job   1 of   1 completed.

number           kout          theta            phi      intensity
  1291          14.31          42.00         272.50      6.5859370
   53.79% of job   1 of   1 completed.

number           kout          theta            phi      intensity
  1292          14.31          42.00         275.50      6.6408029
   53.83% of job   1 of   1 completed.

number           kout          theta            phi      intensity
  1293          14.31          42.00         278.50      5.8023529
   53.88% of job   1 of   1 completed.

number           kout          theta            phi      intensity
  1294          14.31          42.00         281.50      4.3314242
   53.92% of job   1 of   1 completed.

number           kout          theta            phi      intensity
  1295          14.31          42.00         284.50      3.1913769
   53.96% of job   1 of   1 completed.

number           kout          theta            phi      intensity
  1296          14.31          42.00         287.50      2.8878708
   54.00% of job   1 of   1 completed.

number           kout          theta            phi      intensity
  1297          14.31          42.00         290.50      3.0562704
   54.04% of job   1 of   1 completed.

number           kout          theta            phi      intensity
  1298          14.31          42.00         293.50      3.1642513
   54.08% of job   1 of   1 completed.

number           kout          theta            phi      intensity
  1299          14.31          42.00         296.50      3.2348063
   54.12% of job   1 of   1 completed.

number           kout          theta            phi      intensity
  1300          14.31          42.00         299.50      3.1982422
   54.17% of job   1 of   1 completed.

number           kout          theta            phi      intensity
  1301          14.31          42.00         302.50      3.2961614
   54.21% of job   1 of   1 completed.

number           kout          theta            phi      intensity
  1302          14.31          42.00         305.50      3.4024713
   54.25% of job   1 of   1 completed.

number           kout          theta            phi      intensity
  1303          14.31          42.00         308.50      3.6429319
   54.29% of job   1 of   1 completed.

number           kout          theta            phi      intensity
  1304          14.31          42.00         311.50      4.1217585
   54.33% of job   1 of   1 completed.

number           kout          theta            phi      intensity
  1305          14.31          42.00         314.50      4.5082335
   54.38% of job   1 of   1 completed.

number           kout          theta            phi      intensity
  1306          14.31          42.00         317.50      4.1331553
   54.42% of job   1 of   1 completed.

number           kout          theta            phi      intensity
  1307          14.31          42.00         320.50      3.7606556
   54.46% of job   1 of   1 completed.

number           kout          theta            phi      intensity
  1308          14.31          42.00         323.50      3.1426001
   54.50% of job   1 of   1 completed.

number           kout          theta            phi      intensity
  1309          14.31          42.00         326.50      2.8290231
   54.54% of job   1 of   1 completed.

number           kout          theta            phi      intensity
  1310          14.31          42.00         329.50      2.7047291
   54.58% of job   1 of   1 completed.

number           kout          theta            phi      intensity
  1311          14.31          42.00         332.50      2.8114254
   54.62% of job   1 of   1 completed.

number           kout          theta            phi      intensity
  1312          14.31          42.00         335.50      3.4322712
   54.67% of job   1 of   1 completed.

number           kout          theta            phi      intensity
  1313          14.31          42.00         338.50      3.9301491
   54.71% of job   1 of   1 completed.

number           kout          theta            phi      intensity
  1314          14.31          42.00         341.50      3.7123508
   54.75% of job   1 of   1 completed.

number           kout          theta            phi      intensity
  1315          14.31          42.00         344.50      3.7993925
   54.79% of job   1 of   1 completed.

number           kout          theta            phi      intensity
  1316          14.31          42.00         347.50      4.4914298
   54.83% of job   1 of   1 completed.

number           kout          theta            phi      intensity
  1317          14.31          42.00         350.50      5.5028424
   54.88% of job   1 of   1 completed.

number           kout          theta            phi      intensity
  1318          14.31          42.00         353.50      5.9906082
   54.92% of job   1 of   1 completed.

number           kout          theta            phi      intensity
  1319          14.31          42.00         356.50      5.5574784
   54.96% of job   1 of   1 completed.

number           kout          theta            phi      intensity
  1320          14.31          42.00         359.50      5.4234185
   55.00% of job   1 of   1 completed.

number           kout          theta            phi      intensity
  1321          14.31          45.00           2.50      4.9419022
   55.04% of job   1 of   1 completed.

number           kout          theta            phi      intensity
  1322          14.31          45.00           5.50      5.3930588
   55.08% of job   1 of   1 completed.

number           kout          theta            phi      intensity
  1323          14.31          45.00           8.50      5.1607018
   55.12% of job   1 of   1 completed.

number           kout          theta            phi      intensity
  1324          14.31          45.00          11.50      4.3176117
   55.17% of job   1 of   1 completed.

number           kout          theta            phi      intensity
  1325          14.31          45.00          14.50      3.7237222
   55.21% of job   1 of   1 completed.

number           kout          theta            phi      intensity
  1326          14.31          45.00          17.50      3.7570391
   55.25% of job   1 of   1 completed.

number           kout          theta            phi      intensity
  1327          14.31          45.00          20.50      4.0804944
   55.29% of job   1 of   1 completed.

number           kout          theta            phi      intensity
  1328          14.31          45.00          23.50      4.1038976
   55.33% of job   1 of   1 completed.

number           kout          theta            phi      intensity
  1329          14.31          45.00          26.50      3.7469180
   55.38% of job   1 of   1 completed.

number           kout          theta            phi      intensity
  1330          14.31          45.00          29.50      3.7099943
   55.42% of job   1 of   1 completed.

number           kout          theta            phi      intensity
  1331          14.31          45.00          32.50      3.6332357
   55.46% of job   1 of   1 completed.

number           kout          theta            phi      intensity
  1332          14.31          45.00          35.50      3.7079732
   55.50% of job   1 of   1 completed.

number           kout          theta            phi      intensity
  1333          14.31          45.00          38.50      4.0421495
   55.54% of job   1 of   1 completed.

number           kout          theta            phi      intensity
  1334          14.31          45.00          41.50      4.6221776
   55.58% of job   1 of   1 completed.

number           kout          theta            phi      intensity
  1335          14.31          45.00          44.50      4.6919427
   55.62% of job   1 of   1 completed.

number           kout          theta            phi      intensity
  1336          14.31          45.00          47.50      4.4949698
   55.67% of job   1 of   1 completed.

number           kout          theta            phi      intensity
  1337          14.31          45.00          50.50      3.9223070
   55.71% of job   1 of   1 completed.

number           kout          theta            phi      intensity
  1338          14.31          45.00          53.50      3.7920401
   55.75% of job   1 of   1 completed.

number           kout          theta            phi      intensity
  1339          14.31          45.00          56.50      3.9334238
   55.79% of job   1 of   1 completed.

number           kout          theta            phi      intensity
  1340          14.31          45.00          59.50      4.1079025
   55.83% of job   1 of   1 completed.

number           kout          theta            phi      intensity
  1341          14.31          45.00          62.50      4.1056809
   55.88% of job   1 of   1 completed.

number           kout          theta            phi      intensity
  1342          14.31          45.00          65.50      3.8497944
   55.92% of job   1 of   1 completed.

number           kout          theta            phi      intensity
  1343          14.31          45.00          68.50      3.2715902
   55.96% of job   1 of   1 completed.

number           kout          theta            phi      intensity
  1344          14.31          45.00          71.50      2.8258440
   56.00% of job   1 of   1 completed.

number           kout          theta            phi      intensity
  1345          14.31          45.00          74.50      2.7780094
   56.04% of job   1 of   1 completed.

number           kout          theta            phi      intensity
  1346          14.31          45.00          77.50      3.2626846
   56.08% of job   1 of   1 completed.

number           kout          theta            phi      intensity
  1347          14.31          45.00          80.50      4.2364702
   56.12% of job   1 of   1 completed.

number           kout          theta            phi      intensity
  1348          14.31          45.00          83.50      5.2546315
   56.17% of job   1 of   1 completed.

number           kout          theta            phi      intensity
  1349          14.31          45.00          86.50      5.4847283
   56.21% of job   1 of   1 completed.

number           kout          theta            phi      intensity
  1350          14.31          45.00          89.50      5.4742017
   56.25% of job   1 of   1 completed.

number           kout          theta            phi      intensity
  1351          14.31          45.00          92.50      5.4521766
   56.29% of job   1 of   1 completed.

number           kout          theta            phi      intensity
  1352          14.31          45.00          95.50      5.5220456
   56.33% of job   1 of   1 completed.

number           kout          theta            phi      intensity
  1353          14.31          45.00          98.50      4.7629104
   56.38% of job   1 of   1 completed.

number           kout          theta            phi      intensity
  1354          14.31          45.00         101.50      3.7475040
   56.42% of job   1 of   1 completed.

number           kout          theta            phi      intensity
  1355          14.31          45.00         104.50      3.2086089
   56.46% of job   1 of   1 completed.

number           kout          theta            phi      intensity
  1356          14.31          45.00         107.50      3.2889988
   56.50% of job   1 of   1 completed.

number           kout          theta            phi      intensity
  1357          14.31          45.00         110.50      3.6899927
   56.54% of job   1 of   1 completed.

number           kout          theta            phi      intensity
  1358          14.31          45.00         113.50      4.1879430
   56.58% of job   1 of   1 completed.

number           kout          theta            phi      intensity
  1359          14.31          45.00         116.50      4.0677419
   56.62% of job   1 of   1 completed.

number           kout          theta            phi      intensity
  1360          14.31          45.00         119.50      3.7451437
   56.67% of job   1 of   1 completed.

number           kout          theta            phi      intensity
  1361          14.31          45.00         122.50      3.3716247
   56.71% of job   1 of   1 completed.

number           kout          theta            phi      intensity
  1362          14.31          45.00         125.50      3.0949724
   56.75% of job   1 of   1 completed.

number           kout          theta            phi      intensity
  1363          14.31          45.00         128.50      3.2709846
   56.79% of job   1 of   1 completed.

number           kout          theta            phi      intensity
  1364          14.31          45.00         131.50      3.8127794
   56.83% of job   1 of   1 completed.

number           kout          theta            phi      intensity
  1365          14.31          45.00         134.50      4.0277452
   56.88% of job   1 of   1 completed.

number           kout          theta            phi      intensity
  1366          14.31          45.00         137.50      3.9375594
   56.92% of job   1 of   1 completed.

number           kout          theta            phi      intensity
  1367          14.31          45.00         140.50      3.6443431
   56.96% of job   1 of   1 completed.

number           kout          theta            phi      intensity
  1368          14.31          45.00         143.50      3.3579323
   57.00% of job   1 of   1 completed.

number           kout          theta            phi      intensity
  1369          14.31          45.00         146.50      3.5979357
   57.04% of job   1 of   1 completed.

number           kout          theta            phi      intensity
  1370          14.31          45.00         149.50      4.0813355
   57.08% of job   1 of   1 completed.

number           kout          theta            phi      intensity
  1371          14.31          45.00         152.50      4.2262025
   57.12% of job   1 of   1 completed.

number           kout          theta            phi      intensity
  1372          14.31          45.00         155.50      4.2951474
   57.17% of job   1 of   1 completed.

number           kout          theta            phi      intensity
  1373          14.31          45.00         158.50      3.9899633
   57.21% of job   1 of   1 completed.

number           kout          theta            phi      intensity
  1374          14.31          45.00         161.50      3.3719022
   57.25% of job   1 of   1 completed.

number           kout          theta            phi      intensity
  1375          14.31          45.00         164.50      3.1795118
   57.29% of job   1 of   1 completed.

number           kout          theta            phi      intensity
  1376          14.31          45.00         167.50      3.5519087
   57.33% of job   1 of   1 completed.

number           kout          theta            phi      intensity
  1377          14.31          45.00         170.50      4.5065389
   57.38% of job   1 of   1 completed.

number           kout          theta            phi      intensity
  1378          14.31          45.00         173.50      5.1427851
   57.42% of job   1 of   1 completed.

number           kout          theta            phi      intensity
  1379          14.31          45.00         176.50      5.1192422
   57.46% of job   1 of   1 completed.

number           kout          theta            phi      intensity
  1380          14.31          45.00         179.50      4.9888048
   57.50% of job   1 of   1 completed.

number           kout          theta            phi      intensity
  1381          14.31          45.00         182.50      4.9997840
   57.54% of job   1 of   1 completed.

number           kout          theta            phi      intensity
  1382          14.31          45.00         185.50      5.3152089
   57.58% of job   1 of   1 completed.

number           kout          theta            phi      intensity
  1383          14.31          45.00         188.50      4.8865285
   57.62% of job   1 of   1 completed.

number           kout          theta            phi      intensity
  1384          14.31          45.00         191.50      4.1030130
   57.67% of job   1 of   1 completed.

number           kout          theta            phi      intensity
  1385          14.31          45.00         194.50      3.3181181
   57.71% of job   1 of   1 completed.

number           kout          theta            phi      intensity
  1386          14.31          45.00         197.50      3.2715282
   57.75% of job   1 of   1 completed.

number           kout          theta            phi      intensity
  1387          14.31          45.00         200.50      3.7768075
   57.79% of job   1 of   1 completed.

number           kout          theta            phi      intensity
  1388          14.31          45.00         203.50      4.1820226
   57.83% of job   1 of   1 completed.

number           kout          theta            phi      intensity
  1389          14.31          45.00         206.50      4.1836905
   57.88% of job   1 of   1 completed.

number           kout          theta            phi      intensity
  1390          14.31          45.00         209.50      4.0191922
   57.92% of job   1 of   1 completed.

number           kout          theta            phi      intensity
  1391          14.31          45.00         212.50      3.7162571
   57.96% of job   1 of   1 completed.

number           kout          theta            phi      intensity
  1392          14.31          45.00         215.50      3.2494278
   58.00% of job   1 of   1 completed.

number           kout          theta            phi      intensity
  1393          14.31          45.00         218.50      3.4785020
   58.04% of job   1 of   1 completed.

number           kout          theta            phi      intensity
  1394          14.31          45.00         221.50      3.9724090
   58.08% of job   1 of   1 completed.

number           kout          theta            phi      intensity
  1395          14.31          45.00         224.50      4.2232385
   58.12% of job   1 of   1 completed.

number           kout          theta            phi      intensity
  1396          14.31          45.00         227.50      4.1073809
   58.17% of job   1 of   1 completed.

number           kout          theta            phi      intensity
  1397          14.31          45.00         230.50      3.7276373
   58.21% of job   1 of   1 completed.

number           kout          theta            phi      intensity
  1398          14.31          45.00         233.50      3.3030260
   58.25% of job   1 of   1 completed.

number           kout          theta            phi      intensity
  1399          14.31          45.00         236.50      3.0944445
   58.29% of job   1 of   1 completed.

number           kout          theta            phi      intensity
  1400          14.31          45.00         239.50      3.3923092
   58.33% of job   1 of   1 completed.

number           kout          theta            phi      intensity
  1401          14.31          45.00         242.50      3.7085321
   58.38% of job   1 of   1 completed.

number           kout          theta            phi      intensity
  1402          14.31          45.00         245.50      4.1662951
   58.42% of job   1 of   1 completed.

number           kout          theta            phi      intensity
  1403          14.31          45.00         248.50      3.9526236
   58.46% of job   1 of   1 completed.

number           kout          theta            phi      intensity
  1404          14.31          45.00         251.50      3.4807260
   58.50% of job   1 of   1 completed.

number           kout          theta            phi      intensity
  1405          14.31          45.00         254.50      3.2684720
   58.54% of job   1 of   1 completed.

number           kout          theta            phi      intensity
  1406          14.31          45.00         257.50      3.6693680
   58.58% of job   1 of   1 completed.

number           kout          theta            phi      intensity
  1407          14.31          45.00         260.50      4.5840092
   58.62% of job   1 of   1 completed.

number           kout          theta            phi      intensity
  1408          14.31          45.00         263.50      5.4355836
   58.67% of job   1 of   1 completed.

number           kout          theta            phi      intensity
  1409          14.31          45.00         266.50      5.4898067
   58.71% of job   1 of   1 completed.

number           kout          theta            phi      intensity
  1410          14.31          45.00         269.50      5.4936371
   58.75% of job   1 of   1 completed.

number           kout          theta            phi      intensity
  1411          14.31          45.00         272.50      5.5418816
   58.79% of job   1 of   1 completed.

number           kout          theta            phi      intensity
  1412          14.31          45.00         275.50      5.5224037
   58.83% of job   1 of   1 completed.

number           kout          theta            phi      intensity
  1413          14.31          45.00         278.50      4.7709179
   58.88% of job   1 of   1 completed.

number           kout          theta            phi      intensity
  1414          14.31          45.00         281.50      3.6305647
   58.92% of job   1 of   1 completed.

number           kout          theta            phi      intensity
  1415          14.31          45.00         284.50      2.9044180
   58.96% of job   1 of   1 completed.

number           kout          theta            phi      intensity
  1416          14.31          45.00         287.50      2.8372829
   59.00% of job   1 of   1 completed.

number           kout          theta            phi      intensity
  1417          14.31          45.00         290.50      3.1468556
   59.04% of job   1 of   1 completed.

number           kout          theta            phi      intensity
  1418          14.31          45.00         293.50      3.6254227
   59.08% of job   1 of   1 completed.

number           kout          theta            phi      intensity
  1419          14.31          45.00         296.50      4.1515102
   59.12% of job   1 of   1 completed.

number           kout          theta            phi      intensity
  1420          14.31          45.00         299.50      4.1785522
   59.17% of job   1 of   1 completed.

number           kout          theta            phi      intensity
  1421          14.31          45.00         302.50      3.8679867
   59.21% of job   1 of   1 completed.

number           kout          theta            phi      intensity
  1422          14.31          45.00         305.50      3.6008132
   59.25% of job   1 of   1 completed.

number           kout          theta            phi      intensity
  1423          14.31          45.00         308.50      3.7003129
   59.29% of job   1 of   1 completed.

number           kout          theta            phi      intensity
  1424          14.31          45.00         311.50      4.2716470
   59.33% of job   1 of   1 completed.

number           kout          theta            phi      intensity
  1425          14.31          45.00         314.50      4.4956813
   59.38% of job   1 of   1 completed.

number           kout          theta            phi      intensity
  1426          14.31          45.00         317.50      4.4299407
   59.42% of job   1 of   1 completed.

number           kout          theta            phi      intensity
  1427          14.31          45.00         320.50      4.0683198
   59.46% of job   1 of   1 completed.

number           kout          theta            phi      intensity
  1428          14.31          45.00         323.50      3.6635735
   59.50% of job   1 of   1 completed.

number           kout          theta            phi      intensity
  1429          14.31          45.00         326.50      3.5308228
   59.54% of job   1 of   1 completed.

number           kout          theta            phi      intensity
  1430          14.31          45.00         329.50      3.5826924
   59.58% of job   1 of   1 completed.

number           kout          theta            phi      intensity
  1431          14.31          45.00         332.50      3.7048519
   59.62% of job   1 of   1 completed.

number           kout          theta            phi      intensity
  1432          14.31          45.00         335.50      3.9645653
   59.67% of job   1 of   1 completed.

number           kout          theta            phi      intensity
  1433          14.31          45.00         338.50      4.1171393
   59.71% of job   1 of   1 completed.

number           kout          theta            phi      intensity
  1434          14.31          45.00         341.50      3.8531168
   59.75% of job   1 of   1 completed.

number           kout          theta            phi      intensity
  1435          14.31          45.00         344.50      3.7068393
   59.79% of job   1 of   1 completed.

number           kout          theta            phi      intensity
  1436          14.31          45.00         347.50      4.1473680
   59.83% of job   1 of   1 completed.

number           kout          theta            phi      intensity
  1437          14.31          45.00         350.50      5.0667858
   59.88% of job   1 of   1 completed.

number           kout          theta            phi      intensity
  1438          14.31          45.00         353.50      5.5017467
   59.92% of job   1 of   1 completed.

number           kout          theta            phi      intensity
  1439          14.31          45.00         356.50      5.0785089
   59.96% of job   1 of   1 completed.

number           kout          theta            phi      intensity
  1440          14.31          45.00         359.50      4.8472714
   60.00% of job   1 of   1 completed.

number           kout          theta            phi      intensity
  1441          14.31          48.00           2.50      2.9871724
   60.04% of job   1 of   1 completed.

number           kout          theta            phi      intensity
  1442          14.31          48.00           5.50      3.4246762
   60.08% of job   1 of   1 completed.

number           kout          theta            phi      intensity
  1443          14.31          48.00           8.50      3.5598314
   60.12% of job   1 of   1 completed.

number           kout          theta            phi      intensity
  1444          14.31          48.00          11.50      3.3587763
   60.17% of job   1 of   1 completed.

number           kout          theta            phi      intensity
  1445          14.31          48.00          14.50      3.5045583
   60.21% of job   1 of   1 completed.

number           kout          theta            phi      intensity
  1446          14.31          48.00          17.50      3.6224468
   60.25% of job   1 of   1 completed.

number           kout          theta            phi      intensity
  1447          14.31          48.00          20.50      3.5019672
   60.29% of job   1 of   1 completed.

number           kout          theta            phi      intensity
  1448          14.31          48.00          23.50      3.2809124
   60.33% of job   1 of   1 completed.

number           kout          theta            phi      intensity
  1449          14.31          48.00          26.50      3.3465226
   60.38% of job   1 of   1 completed.

number           kout          theta            phi      intensity
  1450          14.31          48.00          29.50      3.5696318
   60.42% of job   1 of   1 completed.

number           kout          theta            phi      intensity
  1451          14.31          48.00          32.50      3.5745935
   60.46% of job   1 of   1 completed.

number           kout          theta            phi      intensity
  1452          14.31          48.00          35.50      3.7307692
   60.50% of job   1 of   1 completed.

number           kout          theta            phi      intensity
  1453          14.31          48.00          38.50      4.5308118
   60.54% of job   1 of   1 completed.

number           kout          theta            phi      intensity
  1454          14.31          48.00          41.50      5.5365291
   60.58% of job   1 of   1 completed.

number           kout          theta            phi      intensity
  1455          14.31          48.00          44.50      5.9912491
   60.62% of job   1 of   1 completed.

number           kout          theta            phi      intensity
  1456          14.31          48.00          47.50      5.4151063
   60.67% of job   1 of   1 completed.

number           kout          theta            phi      intensity
  1457          14.31          48.00          50.50      4.3246303
   60.71% of job   1 of   1 completed.

number           kout          theta            phi      intensity
  1458          14.31          48.00          53.50      3.6987884
   60.75% of job   1 of   1 completed.

number           kout          theta            phi      intensity
  1459          14.31          48.00          56.50      3.8449094
   60.79% of job   1 of   1 completed.

number           kout          theta            phi      intensity
  1460          14.31          48.00          59.50      4.0279846
   60.83% of job   1 of   1 completed.

number           kout          theta            phi      intensity
  1461          14.31          48.00          62.50      3.7879636
   60.88% of job   1 of   1 completed.

number           kout          theta            phi      intensity
  1462          14.31          48.00          65.50      3.4304278
   60.92% of job   1 of   1 completed.

number           kout          theta            phi      intensity
  1463          14.31          48.00          68.50      3.2405941
   60.96% of job   1 of   1 completed.

number           kout          theta            phi      intensity
  1464          14.31          48.00          71.50      2.9788053
   61.00% of job   1 of   1 completed.

number           kout          theta            phi      intensity
  1465          14.31          48.00          74.50      2.7741222
   61.04% of job   1 of   1 completed.

number           kout          theta            phi      intensity
  1466          14.31          48.00          77.50      2.5765860
   61.08% of job   1 of   1 completed.

number           kout          theta            phi      intensity
  1467          14.31          48.00          80.50      2.7585382
   61.12% of job   1 of   1 completed.

number           kout          theta            phi      intensity
  1468          14.31          48.00          83.50      3.2718384
   61.17% of job   1 of   1 completed.

number           kout          theta            phi      intensity
  1469          14.31          48.00          86.50      3.2176735
   61.21% of job   1 of   1 completed.

number           kout          theta            phi      intensity
  1470          14.31          48.00          89.50      3.1626112
   61.25% of job   1 of   1 completed.

number           kout          theta            phi      intensity
  1471          14.31          48.00          92.50      3.2565439
   61.29% of job   1 of   1 completed.

number           kout          theta            phi      intensity
  1472          14.31          48.00          95.50      3.5142100
   61.33% of job   1 of   1 completed.

number           kout          theta            phi      intensity
  1473          14.31          48.00          98.50      3.1770656
   61.38% of job   1 of   1 completed.

number           kout          theta            phi      intensity
  1474          14.31          48.00         101.50      2.8297474
   61.42% of job   1 of   1 completed.

number           kout          theta            phi      intensity
  1475          14.31          48.00         104.50      2.8702095
   61.46% of job   1 of   1 completed.

number           kout          theta            phi      intensity
  1476          14.31          48.00         107.50      3.0932236
   61.50% of job   1 of   1 completed.

number           kout          theta            phi      intensity
  1477          14.31          48.00         110.50      3.4140606
   61.54% of job   1 of   1 completed.

number           kout          theta            phi      intensity
  1478          14.31          48.00         113.50      3.6065648
   61.58% of job   1 of   1 completed.

number           kout          theta            phi      intensity
  1479          14.31          48.00         116.50      3.7243748
   61.62% of job   1 of   1 completed.

number           kout          theta            phi      intensity
  1480          14.31          48.00         119.50      3.4847145
   61.67% of job   1 of   1 completed.

number           kout          theta            phi      intensity
  1481          14.31          48.00         122.50      3.0579250
   61.71% of job   1 of   1 completed.

number           kout          theta            phi      intensity
  1482          14.31          48.00         125.50      3.0439262
   61.75% of job   1 of   1 completed.

number           kout          theta            phi      intensity
  1483          14.31          48.00         128.50      3.7243187
   61.79% of job   1 of   1 completed.

number           kout          theta            phi      intensity
  1484          14.31          48.00         131.50      4.7671375
   61.83% of job   1 of   1 completed.

number           kout          theta            phi      intensity
  1485          14.31          48.00         134.50      5.4051533
   61.88% of job   1 of   1 completed.

number           kout          theta            phi      intensity
  1486          14.31          48.00         137.50      5.0664639
   61.92% of job   1 of   1 completed.

number           kout          theta            phi      intensity
  1487          14.31          48.00         140.50      4.0913196
   61.96% of job   1 of   1 completed.

number           kout          theta            phi      intensity
  1488          14.31          48.00         143.50      3.3990068
   62.00% of job   1 of   1 completed.

number           kout          theta            phi      intensity
  1489          14.31          48.00         146.50      3.5043519
   62.04% of job   1 of   1 completed.

number           kout          theta            phi      intensity
  1490          14.31          48.00         149.50      3.8984945
   62.08% of job   1 of   1 completed.

number           kout          theta            phi      intensity
  1491          14.31          48.00         152.50      3.9656861
   62.12% of job   1 of   1 completed.

number           kout          theta            phi      intensity
  1492          14.31          48.00         155.50      3.8062193
   62.17% of job   1 of   1 completed.

number           kout          theta            phi      intensity
  1493          14.31          48.00         158.50      3.5216811
   62.21% of job   1 of   1 completed.

number           kout          theta            phi      intensity
  1494          14.31          48.00         161.50      3.3081169
   62.25% of job   1 of   1 completed.

number           kout          theta            phi      intensity
  1495          14.31          48.00         164.50      3.1565597
   62.29% of job   1 of   1 completed.

number           kout          theta            phi      intensity
  1496          14.31          48.00         167.50      3.0353413
   62.33% of job   1 of   1 completed.

number           kout          theta            phi      intensity
  1497          14.31          48.00         170.50      3.3000653
   62.38% of job   1 of   1 completed.

number           kout          theta            phi      intensity
  1498          14.31          48.00         173.50      3.4761174
   62.42% of job   1 of   1 completed.

number           kout          theta            phi      intensity
  1499          14.31          48.00         176.50      3.0409386
   62.46% of job   1 of   1 completed.

number           kout          theta            phi      intensity
  1500          14.31          48.00         179.50      2.7225420
   62.50% of job   1 of   1 completed.

number           kout          theta            phi      intensity
  1501          14.31          48.00         182.50      2.8058214
   62.54% of job   1 of   1 completed.

number           kout          theta            phi      intensity
  1502          14.31          48.00         185.50      3.2504470
   62.58% of job   1 of   1 completed.

number           kout          theta            phi      intensity
  1503          14.31          48.00         188.50      3.4033291
   62.62% of job   1 of   1 completed.

number           kout          theta            phi      intensity
  1504          14.31          48.00         191.50      3.2195902
   62.67% of job   1 of   1 completed.

number           kout          theta            phi      intensity
  1505          14.31          48.00         194.50      3.1883764
   62.71% of job   1 of   1 completed.

number           kout          theta            phi      intensity
  1506          14.31          48.00         197.50      3.2765331
   62.75% of job   1 of   1 completed.

number           kout          theta            phi      intensity
  1507          14.31          48.00         200.50      3.3818719
   62.79% of job   1 of   1 completed.

number           kout          theta            phi      intensity
  1508          14.31          48.00         203.50      3.5378387
   62.83% of job   1 of   1 completed.

number           kout          theta            phi      intensity
  1509          14.31          48.00         206.50      3.8213441
   62.88% of job   1 of   1 completed.

number           kout          theta            phi      intensity
  1510          14.31          48.00         209.50      3.8887928
   62.92% of job   1 of   1 completed.

number           kout          theta            phi      intensity
  1511          14.31          48.00         212.50      3.5077074
   62.96% of job   1 of   1 completed.

number           kout          theta            phi      intensity
  1512          14.31          48.00         215.50      3.2589684
   63.00% of job   1 of   1 completed.

number           kout          theta            phi      intensity
  1513          14.31          48.00         218.50      3.7608564
   63.04% of job   1 of   1 completed.

number           kout          theta            phi      intensity
  1514          14.31          48.00         221.50      4.5719075
   63.08% of job   1 of   1 completed.

number           kout          theta            phi      intensity
  1515          14.31          48.00         224.50      5.0524549
   63.12% of job   1 of   1 completed.

number           kout          theta            phi      intensity
  1516          14.31          48.00         227.50      4.9052444
   63.17% of job   1 of   1 completed.

number           kout          theta            phi      intensity
  1517          14.31          48.00         230.50      4.1248102
   63.21% of job   1 of   1 completed.

number           kout          theta            phi      intensity
  1518          14.31          48.00         233.50      3.3476498
   63.25% of job   1 of   1 completed.

number           kout          theta            phi      intensity
  1519          14.31          48.00         236.50      3.1853533
   63.29% of job   1 of   1 completed.

number           kout          theta            phi      intensity
  1520          14.31          48.00         239.50      3.3761528
   63.33% of job   1 of   1 completed.

number           kout          theta            phi      intensity
  1521          14.31          48.00         242.50      3.5559418
   63.38% of job   1 of   1 completed.

number           kout          theta            phi      intensity
  1522          14.31          48.00         245.50      3.7350323
   63.42% of job   1 of   1 completed.

number           kout          theta            phi      intensity
  1523          14.31          48.00         248.50      3.5212691
   63.46% of job   1 of   1 completed.

number           kout          theta            phi      intensity
  1524          14.31          48.00         251.50      3.3020461
   63.50% of job   1 of   1 completed.

number           kout          theta            phi      intensity
  1525          14.31          48.00         254.50      2.9944456
   63.54% of job   1 of   1 completed.

number           kout          theta            phi      intensity
  1526          14.31          48.00         257.50      2.8700142
   63.58% of job   1 of   1 completed.

number           kout          theta            phi      intensity
  1527          14.31          48.00         260.50      3.0188839
   63.62% of job   1 of   1 completed.

number           kout          theta            phi      intensity
  1528          14.31          48.00         263.50      3.3154738
   63.67% of job   1 of   1 completed.

number           kout          theta            phi      intensity
  1529          14.31          48.00         266.50      3.1693285
   63.71% of job   1 of   1 completed.

number           kout          theta            phi      intensity
  1530          14.31          48.00         269.50      3.1153100
   63.75% of job   1 of   1 completed.

number           kout          theta            phi      intensity
  1531          14.31          48.00         272.50      3.2198684
   63.79% of job   1 of   1 completed.

number           kout          theta            phi      intensity
  1532          14.31          48.00         275.50      3.4980433
   63.83% of job   1 of   1 completed.

number           kout          theta            phi      intensity
  1533          14.31          48.00         278.50      3.1623268
   63.88% of job   1 of   1 completed.

number           kout          theta            phi      intensity
  1534          14.31          48.00         281.50      2.6902964
   63.92% of job   1 of   1 completed.

number           kout          theta            phi      intensity
  1535          14.31          48.00         284.50      2.8307238
   63.96% of job   1 of   1 completed.

number           kout          theta            phi      intensity
  1536          14.31          48.00         287.50      3.0317421
   64.00% of job   1 of   1 completed.

number           kout          theta            phi      intensity
  1537          14.31          48.00         290.50      3.2479775
   64.04% of job   1 of   1 completed.

number           kout          theta            phi      intensity
  1538          14.31          48.00         293.50      3.5849352
   64.08% of job   1 of   1 completed.

number           kout          theta            phi      intensity
  1539          14.31          48.00         296.50      4.0245795
   64.12% of job   1 of   1 completed.

number           kout          theta            phi      intensity
  1540          14.31          48.00         299.50      3.9037845
   64.17% of job   1 of   1 completed.

number           kout          theta            phi      intensity
  1541          14.31          48.00         302.50      3.4659166
   64.21% of job   1 of   1 completed.

number           kout          theta            phi      intensity
  1542          14.31          48.00         305.50      3.3922415
   64.25% of job   1 of   1 completed.

number           kout          theta            phi      intensity
  1543          14.31          48.00         308.50      3.8954318
   64.29% of job   1 of   1 completed.

number           kout          theta            phi      intensity
  1544          14.31          48.00         311.50      4.8885636
   64.33% of job   1 of   1 completed.

number           kout          theta            phi      intensity
  1545          14.31          48.00         314.50      5.7247276
   64.38% of job   1 of   1 completed.

number           kout          theta            phi      intensity
  1546          14.31          48.00         317.50      5.7577591
   64.42% of job   1 of   1 completed.

number           kout          theta            phi      intensity
  1547          14.31          48.00         320.50      4.9095712
   64.46% of job   1 of   1 completed.

number           kout          theta            phi      intensity
  1548          14.31          48.00         323.50      4.0630441
   64.50% of job   1 of   1 completed.

number           kout          theta            phi      intensity
  1549          14.31          48.00         326.50      3.6469843
   64.54% of job   1 of   1 completed.

number           kout          theta            phi      intensity
  1550          14.31          48.00         329.50      3.5426283
   64.58% of job   1 of   1 completed.

number           kout          theta            phi      intensity
  1551          14.31          48.00         332.50      3.4023731
   64.62% of job   1 of   1 completed.

number           kout          theta            phi      intensity
  1552          14.31          48.00         335.50      3.2900867
   64.67% of job   1 of   1 completed.

number           kout          theta            phi      intensity
  1553          14.31          48.00         338.50      3.4193032
   64.71% of job   1 of   1 completed.

number           kout          theta            phi      intensity
  1554          14.31          48.00         341.50      3.6927865
   64.75% of job   1 of   1 completed.

number           kout          theta            phi      intensity
  1555          14.31          48.00         344.50      3.5107648
   64.79% of job   1 of   1 completed.

number           kout          theta            phi      intensity
  1556          14.31          48.00         347.50      3.3733225
   64.83% of job   1 of   1 completed.

number           kout          theta            phi      intensity
  1557          14.31          48.00         350.50      3.5341070
   64.88% of job   1 of   1 completed.

number           kout          theta            phi      intensity
  1558          14.31          48.00         353.50      3.5414789
   64.92% of job   1 of   1 completed.

number           kout          theta            phi      intensity
  1559          14.31          48.00         356.50      3.0795498
   64.96% of job   1 of   1 completed.

number           kout          theta            phi      intensity
  1560          14.31          48.00         359.50      2.8231843
   65.00% of job   1 of   1 completed.

number           kout          theta            phi      intensity
  1561          14.31          51.00           2.50      2.2035072
   65.04% of job   1 of   1 completed.

number           kout          theta            phi      intensity
  1562          14.31          51.00           5.50      2.3736832
   65.08% of job   1 of   1 completed.

number           kout          theta            phi      intensity
  1563          14.31          51.00           8.50      2.5512249
   65.12% of job   1 of   1 completed.

number           kout          theta            phi      intensity
  1564          14.31          51.00          11.50      2.6899869
   65.17% of job   1 of   1 completed.

number           kout          theta            phi      intensity
  1565          14.31          51.00          14.50      2.9748459
   65.21% of job   1 of   1 completed.

number           kout          theta            phi      intensity
  1566          14.31          51.00          17.50      2.8021059
   65.25% of job   1 of   1 completed.

number           kout          theta            phi      intensity
  1567          14.31          51.00          20.50      2.3296077
   65.29% of job   1 of   1 completed.

number           kout          theta            phi      intensity
  1568          14.31          51.00          23.50      1.9598560
   65.33% of job   1 of   1 completed.

number           kout          theta            phi      intensity
  1569          14.31          51.00          26.50      2.2105587
   65.38% of job   1 of   1 completed.

number           kout          theta            phi      intensity
  1570          14.31          51.00          29.50      2.5917277
   65.42% of job   1 of   1 completed.

number           kout          theta            phi      intensity
  1571          14.31          51.00          32.50      2.9031351
   65.46% of job   1 of   1 completed.

number           kout          theta            phi      intensity
  1572          14.31          51.00          35.50      3.6295795
   65.50% of job   1 of   1 completed.

number           kout          theta            phi      intensity
  1573          14.31          51.00          38.50      4.6550746
   65.54% of job   1 of   1 completed.

number           kout          theta            phi      intensity
  1574          14.31          51.00          41.50      6.2773476
   65.58% of job   1 of   1 completed.

number           kout          theta            phi      intensity
  1575          14.31          51.00          44.50      6.9175115
   65.62% of job   1 of   1 completed.

number           kout          theta            phi      intensity
  1576          14.31          51.00          47.50      6.0820699
   65.67% of job   1 of   1 completed.

number           kout          theta            phi      intensity
  1577          14.31          51.00          50.50      4.4894986
   65.71% of job   1 of   1 completed.

number           kout          theta            phi      intensity
  1578          14.31          51.00          53.50      3.3107536
   65.75% of job   1 of   1 completed.

number           kout          theta            phi      intensity
  1579          14.31          51.00          56.50      2.9418681
   65.79% of job   1 of   1 completed.

number           kout          theta            phi      intensity
  1580          14.31          51.00          59.50      2.7858551
   65.83% of job   1 of   1 completed.

number           kout          theta            phi      intensity
  1581          14.31          51.00          62.50      2.7548239
   65.88% of job   1 of   1 completed.

number           kout          theta            phi      intensity
  1582          14.31          51.00          65.50      2.6061080
   65.92% of job   1 of   1 completed.

number           kout          theta            phi      intensity
  1583          14.31          51.00          68.50      2.7991655
   65.96% of job   1 of   1 completed.

number           kout          theta            phi      intensity
  1584          14.31          51.00          71.50      3.1657515
   66.00% of job   1 of   1 completed.

number           kout          theta            phi      intensity
  1585          14.31          51.00          74.50      3.1328945
   66.04% of job   1 of   1 completed.

number           kout          theta            phi      intensity
  1586          14.31          51.00          77.50      2.6018913
   66.08% of job   1 of   1 completed.

number           kout          theta            phi      intensity
  1587          14.31          51.00          80.50      2.3036518
   66.12% of job   1 of   1 completed.

number           kout          theta            phi      intensity
  1588          14.31          51.00          83.50      2.3620243
   66.17% of job   1 of   1 completed.

number           kout          theta            phi      intensity
  1589          14.31          51.00          86.50      2.3157418
   66.21% of job   1 of   1 completed.

number           kout          theta            phi      intensity
  1590          14.31          51.00          89.50      2.4264228
   66.25% of job   1 of   1 completed.

number           kout          theta            phi      intensity
  1591          14.31          51.00          92.50      2.5108786
   66.29% of job   1 of   1 completed.

number           kout          theta            phi      intensity
  1592          14.31          51.00          95.50      2.6363652
   66.33% of job   1 of   1 completed.

number           kout          theta            phi      intensity
  1593          14.31          51.00          98.50      2.6092236
   66.38% of job   1 of   1 completed.

number           kout          theta            phi      intensity
  1594          14.31          51.00         101.50      2.5242012
   66.42% of job   1 of   1 completed.

number           kout          theta            phi      intensity
  1595          14.31          51.00         104.50      2.7720518
   66.46% of job   1 of   1 completed.

number           kout          theta            phi      intensity
  1596          14.31          51.00         107.50      2.9634068
   66.50% of job   1 of   1 completed.

number           kout          theta            phi      intensity
  1597          14.31          51.00         110.50      2.9252365
   66.54% of job   1 of   1 completed.

number           kout          theta            phi      intensity
  1598          14.31          51.00         113.50      2.7651718
   66.58% of job   1 of   1 completed.

number           kout          theta            phi      intensity
  1599          14.31          51.00         116.50      2.8427904
   66.62% of job   1 of   1 completed.

number           kout          theta            phi      intensity
  1600          14.31          51.00         119.50      2.6888049
   66.67% of job   1 of   1 completed.

number           kout          theta            phi      intensity
  1601          14.31          51.00         122.50      2.5297863
   66.71% of job   1 of   1 completed.

number           kout          theta            phi      intensity
  1602          14.31          51.00         125.50      2.8932106
   66.75% of job   1 of   1 completed.

number           kout          theta            phi      intensity
  1603          14.31          51.00         128.50      4.1748466
   66.79% of job   1 of   1 completed.

number           kout          theta            phi      intensity
  1604          14.31          51.00         131.50      5.8757591
   66.83% of job   1 of   1 completed.

number           kout          theta            phi      intensity
  1605          14.31          51.00         134.50      6.8068528
   66.88% of job   1 of   1 completed.

number           kout          theta            phi      intensity
  1606          14.31          51.00         137.50      6.1449866
   66.92% of job   1 of   1 completed.

number           kout          theta            phi      intensity
  1607          14.31          51.00         140.50      4.7758093
   66.96% of job   1 of   1 completed.

number           kout          theta            phi      intensity
  1608          14.31          51.00         143.50      3.5910761
   67.00% of job   1 of   1 completed.

number           kout          theta            phi      intensity
  1609          14.31          51.00         146.50      2.9431326
   67.04% of job   1 of   1 completed.

number           kout          theta            phi      intensity
  1610          14.31          51.00         149.50      2.7978637
   67.08% of job   1 of   1 completed.

number           kout          theta            phi      intensity
  1611          14.31          51.00         152.50      2.6739798
   67.12% of job   1 of   1 completed.

number           kout          theta            phi      intensity
  1612          14.31          51.00         155.50      2.4258621
   67.17% of job   1 of   1 completed.

number           kout          theta            phi      intensity
  1613          14.31          51.00         158.50      2.4487760
   67.21% of job   1 of   1 completed.

number           kout          theta            phi      intensity
  1614          14.31          51.00         161.50      2.7990501
   67.25% of job   1 of   1 completed.

number           kout          theta            phi      intensity
  1615          14.31          51.00         164.50      3.0618126
   67.29% of job   1 of   1 completed.

number           kout          theta            phi      intensity
  1616          14.31          51.00         167.50      2.9696836
   67.33% of job   1 of   1 completed.

number           kout          theta            phi      intensity
  1617          14.31          51.00         170.50      2.9465275
   67.38% of job   1 of   1 completed.

number           kout          theta            phi      intensity
  1618          14.31          51.00         173.50      2.7245786
   67.42% of job   1 of   1 completed.

number           kout          theta            phi      intensity
  1619          14.31          51.00         176.50      2.3655975
   67.46% of job   1 of   1 completed.

number           kout          theta            phi      intensity
  1620          14.31          51.00         179.50      2.2296083
   67.50% of job   1 of   1 completed.

number           kout          theta            phi      intensity
  1621          14.31          51.00         182.50      2.2678335
   67.54% of job   1 of   1 completed.

number           kout          theta            phi      intensity
  1622          14.31          51.00         185.50      2.5960586
   67.58% of job   1 of   1 completed.

number           kout          theta            phi      intensity
  1623          14.31          51.00         188.50      2.9242570
   67.62% of job   1 of   1 completed.

number           kout          theta            phi      intensity
  1624          14.31          51.00         191.50      3.0047572
   67.67% of job   1 of   1 completed.

number           kout          theta            phi      intensity
  1625          14.31          51.00         194.50      3.1487887
   67.71% of job   1 of   1 completed.

number           kout          theta            phi      intensity
  1626          14.31          51.00         197.50      2.9567518
   67.75% of job   1 of   1 completed.

number           kout          theta            phi      intensity
  1627          14.31          51.00         200.50      2.5199182
   67.79% of job   1 of   1 completed.

number           kout          theta            phi      intensity
  1628          14.31          51.00         203.50      2.2916951
   67.83% of job   1 of   1 completed.

number           kout          theta            phi      intensity
  1629          14.31          51.00         206.50      2.5302353
   67.88% of job   1 of   1 completed.

number           kout          theta            phi      intensity
  1630          14.31          51.00         209.50      2.8642228
   67.92% of job   1 of   1 completed.

number           kout          theta            phi      intensity
  1631          14.31          51.00         212.50      2.8748062
   67.96% of job   1 of   1 completed.

number           kout          theta            phi      intensity
  1632          14.31          51.00         215.50      3.0703304
   68.00% of job   1 of   1 completed.

number           kout          theta            phi      intensity
  1633          14.31          51.00         218.50      3.8565340
   68.04% of job   1 of   1 completed.

number           kout          theta            phi      intensity
  1634          14.31          51.00         221.50      5.3698335
   68.08% of job   1 of   1 completed.

number           kout          theta            phi      intensity
  1635          14.31          51.00         224.50      6.3625698
   68.12% of job   1 of   1 completed.

number           kout          theta            phi      intensity
  1636          14.31          51.00         227.50      6.0633788
   68.17% of job   1 of   1 completed.

number           kout          theta            phi      intensity
  1637          14.31          51.00         230.50      4.6142697
   68.21% of job   1 of   1 completed.

number           kout          theta            phi      intensity
  1638          14.31          51.00         233.50      3.3277228
   68.25% of job   1 of   1 completed.

number           kout          theta            phi      intensity
  1639          14.31          51.00         236.50      2.6742289
   68.29% of job   1 of   1 completed.

number           kout          theta            phi      intensity
  1640          14.31          51.00         239.50      2.5105941
   68.33% of job   1 of   1 completed.

number           kout          theta            phi      intensity
  1641          14.31          51.00         242.50      2.7346609
   68.38% of job   1 of   1 completed.

number           kout          theta            phi      intensity
  1642          14.31          51.00         245.50      2.7739410
   68.42% of job   1 of   1 completed.

number           kout          theta            phi      intensity
  1643          14.31          51.00         248.50      2.7686269
   68.46% of job   1 of   1 completed.

number           kout          theta            phi      intensity
  1644          14.31          51.00         251.50      2.9056141
   68.50% of job   1 of   1 completed.

number           kout          theta            phi      intensity
  1645          14.31          51.00         254.50      2.8059871
   68.54% of job   1 of   1 completed.

number           kout          theta            phi      intensity
  1646          14.31          51.00         257.50      2.4858804
   68.58% of job   1 of   1 completed.

number           kout          theta            phi      intensity
  1647          14.31          51.00         260.50      2.3337660
   68.62% of job   1 of   1 completed.

number           kout          theta            phi      intensity
  1648          14.31          51.00         263.50      2.2706904
   68.67% of job   1 of   1 completed.

number           kout          theta            phi      intensity
  1649          14.31          51.00         266.50      2.3007576
   68.71% of job   1 of   1 completed.

number           kout          theta            phi      intensity
  1650          14.31          51.00         269.50      2.3321216
   68.75% of job   1 of   1 completed.

number           kout          theta            phi      intensity
  1651          14.31          51.00         272.50      2.3560560
   68.79% of job   1 of   1 completed.

number           kout          theta            phi      intensity
  1652          14.31          51.00         275.50      2.4367487
   68.83% of job   1 of   1 completed.

number           kout          theta            phi      intensity
  1653          14.31          51.00         278.50      2.3891685
   68.88% of job   1 of   1 completed.

number           kout          theta            phi      intensity
  1654          14.31          51.00         281.50      2.4737499
   68.92% of job   1 of   1 completed.

number           kout          theta            phi      intensity
  1655          14.31          51.00         284.50      2.8859861
   68.96% of job   1 of   1 completed.

number           kout          theta            phi      intensity
  1656          14.31          51.00         287.50      2.9593871
   69.00% of job   1 of   1 completed.

number           kout          theta            phi      intensity
  1657          14.31          51.00         290.50      2.9631004
   69.04% of job   1 of   1 completed.

number           kout          theta            phi      intensity
  1658          14.31          51.00         293.50      2.8947592
   69.08% of job   1 of   1 completed.

number           kout          theta            phi      intensity
  1659          14.31          51.00         296.50      2.9784992
   69.12% of job   1 of   1 completed.

number           kout          theta            phi      intensity
  1660          14.31          51.00         299.50      2.9451408
   69.17% of job   1 of   1 completed.

number           kout          theta            phi      intensity
  1661          14.31          51.00         302.50      2.6760731
   69.21% of job   1 of   1 completed.

number           kout          theta            phi      intensity
  1662          14.31          51.00         305.50      3.0751040
   69.25% of job   1 of   1 completed.

number           kout          theta            phi      intensity
  1663          14.31          51.00         308.50      4.0765300
   69.29% of job   1 of   1 completed.

number           kout          theta            phi      intensity
  1664          14.31          51.00         311.50      5.8492303
   69.33% of job   1 of   1 completed.

number           kout          theta            phi      intensity
  1665          14.31          51.00         314.50      7.0792909
   69.38% of job   1 of   1 completed.

number           kout          theta            phi      intensity
  1666          14.31          51.00         317.50      6.8955922
   69.42% of job   1 of   1 completed.

number           kout          theta            phi      intensity
  1667          14.31          51.00         320.50      5.5836868
   69.46% of job   1 of   1 completed.

number           kout          theta            phi      intensity
  1668          14.31          51.00         323.50      4.1923242
   69.50% of job   1 of   1 completed.

number           kout          theta            phi      intensity
  1669          14.31          51.00         326.50      3.3638036
   69.54% of job   1 of   1 completed.

number           kout          theta            phi      intensity
  1670          14.31          51.00         329.50      2.7897742
   69.58% of job   1 of   1 completed.

number           kout          theta            phi      intensity
  1671          14.31          51.00         332.50      2.3454721
   69.62% of job   1 of   1 completed.

number           kout          theta            phi      intensity
  1672          14.31          51.00         335.50      2.0812058
   69.67% of job   1 of   1 completed.

number           kout          theta            phi      intensity
  1673          14.31          51.00         338.50      2.2064507
   69.71% of job   1 of   1 completed.

number           kout          theta            phi      intensity
  1674          14.31          51.00         341.50      2.7469766
   69.75% of job   1 of   1 completed.

number           kout          theta            phi      intensity
  1675          14.31          51.00         344.50      2.8475149
   69.79% of job   1 of   1 completed.

number           kout          theta            phi      intensity
  1676          14.31          51.00         347.50      2.7071753
   69.83% of job   1 of   1 completed.

number           kout          theta            phi      intensity
  1677          14.31          51.00         350.50      2.6189137
   69.88% of job   1 of   1 completed.

number           kout          theta            phi      intensity
  1678          14.31          51.00         353.50      2.4228275
   69.92% of job   1 of   1 completed.

number           kout          theta            phi      intensity
  1679          14.31          51.00         356.50      2.2641864
   69.96% of job   1 of   1 completed.

number           kout          theta            phi      intensity
  1680          14.31          51.00         359.50      2.1903839
   70.00% of job   1 of   1 completed.

number           kout          theta            phi      intensity
  1681          14.31          54.00           2.50      2.7444448
   70.04% of job   1 of   1 completed.

number           kout          theta            phi      intensity
  1682          14.31          54.00           5.50      2.5166037
   70.08% of job   1 of   1 completed.

number           kout          theta            phi      intensity
  1683          14.31          54.00           8.50      2.5684228
   70.12% of job   1 of   1 completed.

number           kout          theta            phi      intensity
  1684          14.31          54.00          11.50      2.5494051
   70.17% of job   1 of   1 completed.

number           kout          theta            phi      intensity
  1685          14.31          54.00          14.50      2.4874840
   70.21% of job   1 of   1 completed.

number           kout          theta            phi      intensity
  1686          14.31          54.00          17.50      2.0883501
   70.25% of job   1 of   1 completed.

number           kout          theta            phi      intensity
  1687          14.31          54.00          20.50      1.6235718
   70.29% of job   1 of   1 completed.

number           kout          theta            phi      intensity
  1688          14.31          54.00          23.50      1.3765649
   70.33% of job   1 of   1 completed.

number           kout          theta            phi      intensity
  1689          14.31          54.00          26.50      1.7383041
   70.38% of job   1 of   1 completed.

number           kout          theta            phi      intensity
  1690          14.31          54.00          29.50      2.1711776
   70.42% of job   1 of   1 completed.

number           kout          theta            phi      intensity
  1691          14.31          54.00          32.50      2.5962594
   70.46% of job   1 of   1 completed.

number           kout          theta            phi      intensity
  1692          14.31          54.00          35.50      3.0102329
   70.50% of job   1 of   1 completed.

number           kout          theta            phi      intensity
  1693          14.31          54.00          38.50      3.9776824
   70.54% of job   1 of   1 completed.

number           kout          theta            phi      intensity
  1694          14.31          54.00          41.50      5.2192760
   70.58% of job   1 of   1 completed.

number           kout          theta            phi      intensity
  1695          14.31          54.00          44.50      5.7671466
   70.62% of job   1 of   1 completed.

number           kout          theta            phi      intensity
  1696          14.31          54.00          47.50      5.0276136
   70.67% of job   1 of   1 completed.

number           kout          theta            phi      intensity
  1697          14.31          54.00          50.50      3.7546227
   70.71% of job   1 of   1 completed.

number           kout          theta            phi      intensity
  1698          14.31          54.00          53.50      2.7793343
   70.75% of job   1 of   1 completed.

number           kout          theta            phi      intensity
  1699          14.31          54.00          56.50      2.3113844
   70.79% of job   1 of   1 completed.

number           kout          theta            phi      intensity
  1700          14.31          54.00          59.50      2.0719287
   70.83% of job   1 of   1 completed.

number           kout          theta            phi      intensity
  1701          14.31          54.00          62.50      1.8540720
   70.88% of job   1 of   1 completed.

number           kout          theta            phi      intensity
  1702          14.31          54.00          65.50      1.7329842
   70.92% of job   1 of   1 completed.

number           kout          theta            phi      intensity
  1703          14.31          54.00          68.50      2.0359976
   70.96% of job   1 of   1 completed.

number           kout          theta            phi      intensity
  1704          14.31          54.00          71.50      2.4754047
   71.00% of job   1 of   1 completed.

number           kout          theta            phi      intensity
  1705          14.31          54.00          74.50      2.7121313
   71.04% of job   1 of   1 completed.

number           kout          theta            phi      intensity
  1706          14.31          54.00          77.50      2.4273925
   71.08% of job   1 of   1 completed.

number           kout          theta            phi      intensity
  1707          14.31          54.00          80.50      2.5008414
   71.12% of job   1 of   1 completed.

number           kout          theta            phi      intensity
  1708          14.31          54.00          83.50      2.6453540
   71.17% of job   1 of   1 completed.

number           kout          theta            phi      intensity
  1709          14.31          54.00          86.50      2.8186600
   71.21% of job   1 of   1 completed.

number           kout          theta            phi      intensity
  1710          14.31          54.00          89.50      3.0530612
   71.25% of job   1 of   1 completed.

number           kout          theta            phi      intensity
  1711          14.31          54.00          92.50      3.0718009
   71.29% of job   1 of   1 completed.

number           kout          theta            phi      intensity
  1712          14.31          54.00          95.50      2.9438946
   71.33% of job   1 of   1 completed.

number           kout          theta            phi      intensity
  1713          14.31          54.00          98.50      2.7435391
   71.38% of job   1 of   1 completed.

number           kout          theta            phi      intensity
  1714          14.31          54.00         101.50      2.4764163
   71.42% of job   1 of   1 completed.

number           kout          theta            phi      intensity
  1715          14.31          54.00         104.50      2.5988262
   71.46% of job   1 of   1 completed.

number           kout          theta            phi      intensity
  1716          14.31          54.00         107.50      2.5669339
   71.50% of job   1 of   1 completed.

number           kout          theta            phi      intensity
  1717          14.31          54.00         110.50      2.3169734
   71.54% of job   1 of   1 completed.

number           kout          theta            phi      intensity
  1718          14.31          54.00         113.50      2.1066911
   71.58% of job   1 of   1 completed.

number           kout          theta            phi      intensity
  1719          14.31          54.00         116.50      2.2881660
   71.62% of job   1 of   1 completed.

number           kout          theta            phi      intensity
  1720          14.31          54.00         119.50      2.2620525
   71.67% of job   1 of   1 completed.

number           kout          theta            phi      intensity
  1721          14.31          54.00         122.50      2.3162358
   71.71% of job   1 of   1 completed.

number           kout          theta            phi      intensity
  1722          14.31          54.00         125.50      2.6948898
   71.75% of job   1 of   1 completed.

number           kout          theta            phi      intensity
  1723          14.31          54.00         128.50      3.7471485
   71.79% of job   1 of   1 completed.

number           kout          theta            phi      intensity
  1724          14.31          54.00         131.50      5.2251921
   71.83% of job   1 of   1 completed.

number           kout          theta            phi      intensity
  1725          14.31          54.00         134.50      6.0253053
   71.88% of job   1 of   1 completed.

number           kout          theta            phi      intensity
  1726          14.31          54.00         137.50      5.5947814
   71.92% of job   1 of   1 completed.

number           kout          theta            phi      intensity
  1727          14.31          54.00         140.50      4.2801600
   71.96% of job   1 of   1 completed.

number           kout          theta            phi      intensity
  1728          14.31          54.00         143.50      3.3764496
   72.00% of job   1 of   1 completed.

number           kout          theta            phi      intensity
  1729          14.31          54.00         146.50      2.8183692
   72.04% of job   1 of   1 completed.

number           kout          theta            phi      intensity
  1730          14.31          54.00         149.50      2.5030334
   72.08% of job   1 of   1 completed.

number           kout          theta            phi      intensity
  1731          14.31          54.00         152.50      2.1016889
   72.12% of job   1 of   1 completed.

number           kout          theta            phi      intensity
  1732          14.31          54.00         155.50      1.6447636
   72.17% of job   1 of   1 completed.

number           kout          theta            phi      intensity
  1733          14.31          54.00         158.50      1.5382947
   72.21% of job   1 of   1 completed.

number           kout          theta            phi      intensity
  1734          14.31          54.00         161.50      1.9337252
   72.25% of job   1 of   1 completed.

number           kout          theta            phi      intensity
  1735          14.31          54.00         164.50      2.4547465
   72.29% of job   1 of   1 completed.

number           kout          theta            phi      intensity
  1736          14.31          54.00         167.50      2.5338509
   72.33% of job   1 of   1 completed.

number           kout          theta            phi      intensity
  1737          14.31          54.00         170.50      2.8010633
   72.38% of job   1 of   1 completed.

number           kout          theta            phi      intensity
  1738          14.31          54.00         173.50      2.8941145
   72.42% of job   1 of   1 completed.

number           kout          theta            phi      intensity
  1739          14.31          54.00         176.50      2.9376543
   72.46% of job   1 of   1 completed.

number           kout          theta            phi      intensity
  1740          14.31          54.00         179.50      3.1477644
   72.50% of job   1 of   1 completed.

number           kout          theta            phi      intensity
  1741          14.31          54.00         182.50      3.0475819
   72.54% of job   1 of   1 completed.

number           kout          theta            phi      intensity
  1742          14.31          54.00         185.50      2.8589935
   72.58% of job   1 of   1 completed.

number           kout          theta            phi      intensity
  1743          14.31          54.00         188.50      2.9383156
   72.62% of job   1 of   1 completed.

number           kout          theta            phi      intensity
  1744          14.31          54.00         191.50      2.6306865
   72.67% of job   1 of   1 completed.

number           kout          theta            phi      intensity
  1745          14.31          54.00         194.50      2.6028993
   72.71% of job   1 of   1 completed.

number           kout          theta            phi      intensity
  1746          14.31          54.00         197.50      2.1189489
   72.75% of job   1 of   1 completed.

number           kout          theta            phi      intensity
  1747          14.31          54.00         200.50      1.6929561
   72.79% of job   1 of   1 completed.

number           kout          theta            phi      intensity
  1748          14.31          54.00         203.50      1.5758787
   72.83% of job   1 of   1 completed.

number           kout          theta            phi      intensity
  1749          14.31          54.00         206.50      1.8323716
   72.88% of job   1 of   1 completed.

number           kout          theta            phi      intensity
  1750          14.31          54.00         209.50      2.2570412
   72.92% of job   1 of   1 completed.

number           kout          theta            phi      intensity
  1751          14.31          54.00         212.50      2.6085305
   72.96% of job   1 of   1 completed.

number           kout          theta            phi      intensity
  1752          14.31          54.00         215.50      3.0273771
   73.00% of job   1 of   1 completed.

number           kout          theta            phi      intensity
  1753          14.31          54.00         218.50      3.6779423
   73.04% of job   1 of   1 completed.

number           kout          theta            phi      intensity
  1754          14.31          54.00         221.50      4.9827051
   73.08% of job   1 of   1 completed.

number           kout          theta            phi      intensity
  1755          14.31          54.00         224.50      5.8337035
   73.12% of job   1 of   1 completed.

number           kout          theta            phi      intensity
  1756          14.31          54.00         227.50      5.5489926
   73.17% of job   1 of   1 completed.

number           kout          theta            phi      intensity
  1757          14.31          54.00         230.50      4.1037960
   73.21% of job   1 of   1 completed.

number           kout          theta            phi      intensity
  1758          14.31          54.00         233.50      2.9030764
   73.25% of job   1 of   1 completed.

number           kout          theta            phi      intensity
  1759          14.31          54.00         236.50      2.2923977
   73.29% of job   1 of   1 completed.

number           kout          theta            phi      intensity
  1760          14.31          54.00         239.50      2.1403394
   73.33% of job   1 of   1 completed.

number           kout          theta            phi      intensity
  1761          14.31          54.00         242.50      2.1096106
   73.38% of job   1 of   1 completed.

number           kout          theta            phi      intensity
  1762          14.31          54.00         245.50      2.0464437
   73.42% of job   1 of   1 completed.

number           kout          theta            phi      intensity
  1763          14.31          54.00         248.50      2.1563313
   73.46% of job   1 of   1 completed.

number           kout          theta            phi      intensity
  1764          14.31          54.00         251.50      2.3891728
   73.50% of job   1 of   1 completed.

number           kout          theta            phi      intensity
  1765          14.31          54.00         254.50      2.6040757
   73.54% of job   1 of   1 completed.

number           kout          theta            phi      intensity
  1766          14.31          54.00         257.50      2.5268896
   73.58% of job   1 of   1 completed.

number           kout          theta            phi      intensity
  1767          14.31          54.00         260.50      2.5708623
   73.62% of job   1 of   1 completed.

number           kout          theta            phi      intensity
  1768          14.31          54.00         263.50      2.6424453
   73.67% of job   1 of   1 completed.

number           kout          theta            phi      intensity
  1769          14.31          54.00         266.50      2.7116659
   73.71% of job   1 of   1 completed.

number           kout          theta            phi      intensity
  1770          14.31          54.00         269.50      2.9049253
   73.75% of job   1 of   1 completed.

number           kout          theta            phi      intensity
  1771          14.31          54.00         272.50      2.7765379
   73.79% of job   1 of   1 completed.

number           kout          theta            phi      intensity
  1772          14.31          54.00         275.50      2.5944703
   73.83% of job   1 of   1 completed.

number           kout          theta            phi      intensity
  1773          14.31          54.00         278.50      2.3707402
   73.88% of job   1 of   1 completed.

number           kout          theta            phi      intensity
  1774          14.31          54.00         281.50      2.2886117
   73.92% of job   1 of   1 completed.

number           kout          theta            phi      intensity
  1775          14.31          54.00         284.50      2.5038991
   73.96% of job   1 of   1 completed.

number           kout          theta            phi      intensity
  1776          14.31          54.00         287.50      2.3291295
   74.00% of job   1 of   1 completed.

number           kout          theta            phi      intensity
  1777          14.31          54.00         290.50      2.1291125
   74.04% of job   1 of   1 completed.

number           kout          theta            phi      intensity
  1778          14.31          54.00         293.50      2.0250790
   74.08% of job   1 of   1 completed.

number           kout          theta            phi      intensity
  1779          14.31          54.00         296.50      2.1213157
   74.12% of job   1 of   1 completed.

number           kout          theta            phi      intensity
  1780          14.31          54.00         299.50      2.0438828
   74.17% of job   1 of   1 completed.

number           kout          theta            phi      intensity
  1781          14.31          54.00         302.50      2.2250061
   74.21% of job   1 of   1 completed.

number           kout          theta            phi      intensity
  1782          14.31          54.00         305.50      2.5878997
   74.25% of job   1 of   1 completed.

number           kout          theta            phi      intensity
  1783          14.31          54.00         308.50      3.6624355
   74.29% of job   1 of   1 completed.

number           kout          theta            phi      intensity
  1784          14.31          54.00         311.50      5.3081088
   74.33% of job   1 of   1 completed.

number           kout          theta            phi      intensity
  1785          14.31          54.00         314.50      6.3284173
   74.38% of job   1 of   1 completed.

number           kout          theta            phi      intensity
  1786          14.31          54.00         317.50      6.2259202
   74.42% of job   1 of   1 completed.

number           kout          theta            phi      intensity
  1787          14.31          54.00         320.50      5.0491300
   74.46% of job   1 of   1 completed.

number           kout          theta            phi      intensity
  1788          14.31          54.00         323.50      3.9650323
   74.50% of job   1 of   1 completed.

number           kout          theta            phi      intensity
  1789          14.31          54.00         326.50      3.0783556
   74.54% of job   1 of   1 completed.

number           kout          theta            phi      intensity
  1790          14.31          54.00         329.50      2.4648764
   74.58% of job   1 of   1 completed.

number           kout          theta            phi      intensity
  1791          14.31          54.00         332.50      1.9070522
   74.62% of job   1 of   1 completed.

number           kout          theta            phi      intensity
  1792          14.31          54.00         335.50      1.5276937
   74.67% of job   1 of   1 completed.

number           kout          theta            phi      intensity
  1793          14.31          54.00         338.50      1.5404077
   74.71% of job   1 of   1 completed.

number           kout          theta            phi      intensity
  1794          14.31          54.00         341.50      1.9972125
   74.75% of job   1 of   1 completed.

number           kout          theta            phi      intensity
  1795          14.31          54.00         344.50      2.3733478
   74.79% of job   1 of   1 completed.

number           kout          theta            phi      intensity
  1796          14.31          54.00         347.50      2.5148365
   74.83% of job   1 of   1 completed.

number           kout          theta            phi      intensity
  1797          14.31          54.00         350.50      2.5470593
   74.88% of job   1 of   1 completed.

number           kout          theta            phi      intensity
  1798          14.31          54.00         353.50      2.4747899
   74.92% of job   1 of   1 completed.

number           kout          theta            phi      intensity
  1799          14.31          54.00         356.50      2.6347382
   74.96% of job   1 of   1 completed.

number           kout          theta            phi      intensity
  1800          14.31          54.00         359.50      2.8720167
   75.00% of job   1 of   1 completed.

number           kout          theta            phi      intensity
  1801          14.31          57.00           2.50      3.5357487
   75.04% of job   1 of   1 completed.

number           kout          theta            phi      intensity
  1802          14.31          57.00           5.50      3.0565948
   75.08% of job   1 of   1 completed.

number           kout          theta            phi      intensity
  1803          14.31          57.00           8.50      2.6449187
   75.12% of job   1 of   1 completed.

number           kout          theta            phi      intensity
  1804          14.31          57.00          11.50      2.3693221
   75.17% of job   1 of   1 completed.

number           kout          theta            phi      intensity
  1805          14.31          57.00          14.50      2.2505367
   75.21% of job   1 of   1 completed.

number           kout          theta            phi      intensity
  1806          14.31          57.00          17.50      2.0238817
   75.25% of job   1 of   1 completed.

number           kout          theta            phi      intensity
  1807          14.31          57.00          20.50      1.7793003
   75.29% of job   1 of   1 completed.

number           kout          theta            phi      intensity
  1808          14.31          57.00          23.50      1.6566259
   75.33% of job   1 of   1 completed.

number           kout          theta            phi      intensity
  1809          14.31          57.00          26.50      1.9503555
   75.38% of job   1 of   1 completed.

number           kout          theta            phi      intensity
  1810          14.31          57.00          29.50      2.4182341
   75.42% of job   1 of   1 completed.

number           kout          theta            phi      intensity
  1811          14.31          57.00          32.50      2.6200697
   75.46% of job   1 of   1 completed.

number           kout          theta            phi      intensity
  1812          14.31          57.00          35.50      2.6895835
   75.50% of job   1 of   1 completed.

number           kout          theta            phi      intensity
  1813          14.31          57.00          38.50      2.9213183
   75.54% of job   1 of   1 completed.

number           kout          theta            phi      intensity
  1814          14.31          57.00          41.50      3.3348951
   75.58% of job   1 of   1 completed.

number           kout          theta            phi      intensity
  1815          14.31          57.00          44.50      3.5013514
   75.62% of job   1 of   1 completed.

number           kout          theta            phi      intensity
  1816          14.31          57.00          47.50      3.0469935
   75.67% of job   1 of   1 completed.

number           kout          theta            phi      intensity
  1817          14.31          57.00          50.50      2.4857275
   75.71% of job   1 of   1 completed.

number           kout          theta            phi      intensity
  1818          14.31          57.00          53.50      2.2033868
   75.75% of job   1 of   1 completed.

number           kout          theta            phi      intensity
  1819          14.31          57.00          56.50      2.2819073
   75.79% of job   1 of   1 completed.

number           kout          theta            phi      intensity
  1820          14.31          57.00          59.50      2.2893317
   75.83% of job   1 of   1 completed.

number           kout          theta            phi      intensity
  1821          14.31          57.00          62.50      1.7980309
   75.88% of job   1 of   1 completed.

number           kout          theta            phi      intensity
  1822          14.31          57.00          65.50      1.6710209
   75.92% of job   1 of   1 completed.

number           kout          theta            phi      intensity
  1823          14.31          57.00          68.50      1.7382649
   75.96% of job   1 of   1 completed.

number           kout          theta            phi      intensity
  1824          14.31          57.00          71.50      1.8652207
   76.00% of job   1 of   1 completed.

number           kout          theta            phi      intensity
  1825          14.31          57.00          74.50      2.1278236
   76.04% of job   1 of   1 completed.

number           kout          theta            phi      intensity
  1826          14.31          57.00          77.50      2.1297400
   76.08% of job   1 of   1 completed.

number           kout          theta            phi      intensity
  1827          14.31          57.00          80.50      2.4907360
   76.12% of job   1 of   1 completed.

number           kout          theta            phi      intensity
  1828          14.31          57.00          83.50      2.9509125
   76.17% of job   1 of   1 completed.

number           kout          theta            phi      intensity
  1829          14.31          57.00          86.50      3.2653673
   76.21% of job   1 of   1 completed.

number           kout          theta            phi      intensity
  1830          14.31          57.00          89.50      3.5357485
   76.25% of job   1 of   1 completed.

number           kout          theta            phi      intensity
  1831          14.31          57.00          92.50      3.5982196
   76.29% of job   1 of   1 completed.

number           kout          theta            phi      intensity
  1832          14.31          57.00          95.50      3.4206789
   76.33% of job   1 of   1 completed.

number           kout          theta            phi      intensity
  1833          14.31          57.00          98.50      3.0026598
   76.38% of job   1 of   1 completed.

number           kout          theta            phi      intensity
  1834          14.31          57.00         101.50      2.4968486
   76.42% of job   1 of   1 completed.

number           kout          theta            phi      intensity
  1835          14.31          57.00         104.50      2.3898747
   76.46% of job   1 of   1 completed.

number           kout          theta            phi      intensity
  1836          14.31          57.00         107.50      2.2202985
   76.50% of job   1 of   1 completed.

number           kout          theta            phi      intensity
  1837          14.31          57.00         110.50      2.0696223
   76.54% of job   1 of   1 completed.

number           kout          theta            phi      intensity
  1838          14.31          57.00         113.50      2.0899918
   76.58% of job   1 of   1 completed.

number           kout          theta            phi      intensity
  1839          14.31          57.00         116.50      2.2971473
   76.62% of job   1 of   1 completed.

number           kout          theta            phi      intensity
  1840          14.31          57.00         119.50      2.7034814
   76.67% of job   1 of   1 completed.

number           kout          theta            phi      intensity
  1841          14.31          57.00         122.50      2.6742840
   76.71% of job   1 of   1 completed.

number           kout          theta            phi      intensity
  1842          14.31          57.00         125.50      2.5928380
   76.75% of job   1 of   1 completed.

number           kout          theta            phi      intensity
  1843          14.31          57.00         128.50      2.9065695
   76.79% of job   1 of   1 completed.

number           kout          theta            phi      intensity
  1844          14.31          57.00         131.50      3.5815754
   76.83% of job   1 of   1 completed.

number           kout          theta            phi      intensity
  1845          14.31          57.00         134.50      4.0230298
   76.88% of job   1 of   1 completed.

number           kout          theta            phi      intensity
  1846          14.31          57.00         137.50      3.9473639
   76.92% of job   1 of   1 completed.

number           kout          theta            phi      intensity
  1847          14.31          57.00         140.50      3.4547431
   76.96% of job   1 of   1 completed.

number           kout          theta            phi      intensity
  1848          14.31          57.00         143.50      3.1605003
   77.00% of job   1 of   1 completed.

number           kout          theta            phi      intensity
  1849          14.31          57.00         146.50      3.1917410
   77.04% of job   1 of   1 completed.

number           kout          theta            phi      intensity
  1850          14.31          57.00         149.50      2.9588382
   77.08% of job   1 of   1 completed.

number           kout          theta            phi      intensity
  1851          14.31          57.00         152.50      2.2761893
   77.12% of job   1 of   1 completed.

number           kout          theta            phi      intensity
  1852          14.31          57.00         155.50      1.7688345
   77.17% of job   1 of   1 completed.

number           kout          theta            phi      intensity
  1853          14.31          57.00         158.50      1.5970579
   77.21% of job   1 of   1 completed.

number           kout          theta            phi      intensity
  1854          14.31          57.00         161.50      1.6910710
   77.25% of job   1 of   1 completed.

number           kout          theta            phi      intensity
  1855          14.31          57.00         164.50      1.9824513
   77.29% of job   1 of   1 completed.

number           kout          theta            phi      intensity
  1856          14.31          57.00         167.50      2.1169655
   77.33% of job   1 of   1 completed.

number           kout          theta            phi      intensity
  1857          14.31          57.00         170.50      2.5133770
   77.38% of job   1 of   1 completed.

number           kout          theta            phi      intensity
  1858          14.31          57.00         173.50      3.0015342
   77.42% of job   1 of   1 completed.

number           kout          theta            phi      intensity
  1859          14.31          57.00         176.50      3.5015345
   77.46% of job   1 of   1 completed.

number           kout          theta            phi      intensity
  1860          14.31          57.00         179.50      3.9235191
   77.50% of job   1 of   1 completed.

number           kout          theta            phi      intensity
  1861          14.31          57.00         182.50      3.6877277
   77.54% of job   1 of   1 completed.

number           kout          theta            phi      intensity
  1862          14.31          57.00         185.50      3.2298641
   77.58% of job   1 of   1 completed.

number           kout          theta            phi      intensity
  1863          14.31          57.00         188.50      2.7311850
   77.62% of job   1 of   1 completed.

number           kout          theta            phi      intensity
  1864          14.31          57.00         191.50      2.2032995
   77.67% of job   1 of   1 completed.

number           kout          theta            phi      intensity
  1865          14.31          57.00         194.50      2.0580690
   77.71% of job   1 of   1 completed.

number           kout          theta            phi      intensity
  1866          14.31          57.00         197.50      1.7365294
   77.75% of job   1 of   1 completed.

number           kout          theta            phi      intensity
  1867          14.31          57.00         200.50      1.6304849
   77.79% of job   1 of   1 completed.

number           kout          theta            phi      intensity
  1868          14.31          57.00         203.50      1.7424580
   77.83% of job   1 of   1 completed.

number           kout          theta            phi      intensity
  1869          14.31          57.00         206.50      2.0075195
   77.88% of job   1 of   1 completed.

number           kout          theta            phi      intensity
  1870          14.31          57.00         209.50      2.4786582
   77.92% of job   1 of   1 completed.

number           kout          theta            phi      intensity
  1871          14.31          57.00         212.50      2.8709126
   77.96% of job   1 of   1 completed.

number           kout          theta            phi      intensity
  1872          14.31          57.00         215.50      3.0183876
   78.00% of job   1 of   1 completed.

number           kout          theta            phi      intensity
  1873          14.31          57.00         218.50      3.0855846
   78.04% of job   1 of   1 completed.

number           kout          theta            phi      intensity
  1874          14.31          57.00         221.50      3.5504873
   78.08% of job   1 of   1 completed.

number           kout          theta            phi      intensity
  1875          14.31          57.00         224.50      3.8569639
   78.12% of job   1 of   1 completed.

number           kout          theta            phi      intensity
  1876          14.31          57.00         227.50      3.6930912
   78.17% of job   1 of   1 completed.

number           kout          theta            phi      intensity
  1877          14.31          57.00         230.50      2.9813106
   78.21% of job   1 of   1 completed.

number           kout          theta            phi      intensity
  1878          14.31          57.00         233.50      2.3852839
   78.25% of job   1 of   1 completed.

number           kout          theta            phi      intensity
  1879          14.31          57.00         236.50      2.2222559
   78.29% of job   1 of   1 completed.

number           kout          theta            phi      intensity
  1880          14.31          57.00         239.50      2.2841740
   78.33% of job   1 of   1 completed.

number           kout          theta            phi      intensity
  1881          14.31          57.00         242.50      2.0890405
   78.38% of job   1 of   1 completed.

number           kout          theta            phi      intensity
  1882          14.31          57.00         245.50      1.9216924
   78.42% of job   1 of   1 completed.

number           kout          theta            phi      intensity
  1883          14.31          57.00         248.50      1.9607860
   78.46% of job   1 of   1 completed.

number           kout          theta            phi      intensity
  1884          14.31          57.00         251.50      2.0768125
   78.50% of job   1 of   1 completed.

number           kout          theta            phi      intensity
  1885          14.31          57.00         254.50      2.2863994
   78.54% of job   1 of   1 completed.

number           kout          theta            phi      intensity
  1886          14.31          57.00         257.50      2.4150841
   78.58% of job   1 of   1 completed.

number           kout          theta            phi      intensity
  1887          14.31          57.00         260.50      2.6895368
   78.62% of job   1 of   1 completed.

number           kout          theta            phi      intensity
  1888          14.31          57.00         263.50      3.0740983
   78.67% of job   1 of   1 completed.

number           kout          theta            phi      intensity
  1889          14.31          57.00         266.50      3.4596846
   78.71% of job   1 of   1 completed.

number           kout          theta            phi      intensity
  1890          14.31          57.00         269.50      3.6413925
   78.75% of job   1 of   1 completed.

number           kout          theta            phi      intensity
  1891          14.31          57.00         272.50      3.4627790
   78.79% of job   1 of   1 completed.

number           kout          theta            phi      intensity
  1892          14.31          57.00         275.50      3.0765827
   78.83% of job   1 of   1 completed.

number           kout          theta            phi      intensity
  1893          14.31          57.00         278.50      2.4832079
   78.88% of job   1 of   1 completed.

number           kout          theta            phi      intensity
  1894          14.31          57.00         281.50      2.0461597
   78.92% of job   1 of   1 completed.

number           kout          theta            phi      intensity
  1895          14.31          57.00         284.50      1.9971776
   78.96% of job   1 of   1 completed.

number           kout          theta            phi      intensity
  1896          14.31          57.00         287.50      1.8641462
   79.00% of job   1 of   1 completed.

number           kout          theta            phi      intensity
  1897          14.31          57.00         290.50      1.7153143
   79.04% of job   1 of   1 completed.

number           kout          theta            phi      intensity
  1898          14.31          57.00         293.50      1.7171965
   79.08% of job   1 of   1 completed.

number           kout          theta            phi      intensity
  1899          14.31          57.00         296.50      1.8705212
   79.12% of job   1 of   1 completed.

number           kout          theta            phi      intensity
  1900          14.31          57.00         299.50      2.1534753
   79.17% of job   1 of   1 completed.

number           kout          theta            phi      intensity
  1901          14.31          57.00         302.50      2.1944706
   79.21% of job   1 of   1 completed.

number           kout          theta            phi      intensity
  1902          14.31          57.00         305.50      2.1156423
   79.25% of job   1 of   1 completed.

number           kout          theta            phi      intensity
  1903          14.31          57.00         308.50      2.6927938
   79.29% of job   1 of   1 completed.

number           kout          theta            phi      intensity
  1904          14.31          57.00         311.50      3.6212018
   79.33% of job   1 of   1 completed.

number           kout          theta            phi      intensity
  1905          14.31          57.00         314.50      4.2896323
   79.38% of job   1 of   1 completed.

number           kout          theta            phi      intensity
  1906          14.31          57.00         317.50      4.3504534
   79.42% of job   1 of   1 completed.

number           kout          theta            phi      intensity
  1907          14.31          57.00         320.50      3.9664221
   79.46% of job   1 of   1 completed.

number           kout          theta            phi      intensity
  1908          14.31          57.00         323.50      3.3722134
   79.50% of job   1 of   1 completed.

number           kout          theta            phi      intensity
  1909          14.31          57.00         326.50      3.0550375
   79.54% of job   1 of   1 completed.

number           kout          theta            phi      intensity
  1910          14.31          57.00         329.50      2.5791590
   79.58% of job   1 of   1 completed.

number           kout          theta            phi      intensity
  1911          14.31          57.00         332.50      2.1068773
   79.62% of job   1 of   1 completed.

number           kout          theta            phi      intensity
  1912          14.31          57.00         335.50      1.6567405
   79.67% of job   1 of   1 completed.

number           kout          theta            phi      intensity
  1913          14.31          57.00         338.50      1.7602053
   79.71% of job   1 of   1 completed.

number           kout          theta            phi      intensity
  1914          14.31          57.00         341.50      1.9707704
   79.75% of job   1 of   1 completed.

number           kout          theta            phi      intensity
  1915          14.31          57.00         344.50      2.2089353
   79.79% of job   1 of   1 completed.

number           kout          theta            phi      intensity
  1916          14.31          57.00         347.50      2.2944191
   79.83% of job   1 of   1 completed.

number           kout          theta            phi      intensity
  1917          14.31          57.00         350.50      2.4909756
   79.88% of job   1 of   1 completed.

number           kout          theta            phi      intensity
  1918          14.31          57.00         353.50      2.9061060
   79.92% of job   1 of   1 completed.

number           kout          theta            phi      intensity
  1919          14.31          57.00         356.50      3.3852785
   79.96% of job   1 of   1 completed.

number           kout          theta            phi      intensity
  1920          14.31          57.00         359.50      3.7678807
   80.00% of job   1 of   1 completed.

number           kout          theta            phi      intensity
  1921          14.31          60.00           2.50      3.7276542
   80.04% of job   1 of   1 completed.

number           kout          theta            phi      intensity
  1922          14.31          60.00           5.50      3.1236525
   80.08% of job   1 of   1 completed.

number           kout          theta            phi      intensity
  1923          14.31          60.00           8.50      2.3549879
   80.12% of job   1 of   1 completed.

number           kout          theta            phi      intensity
  1924          14.31          60.00          11.50      2.0202360
   80.17% of job   1 of   1 completed.

number           kout          theta            phi      intensity
  1925          14.31          60.00          14.50      2.1229739
   80.21% of job   1 of   1 completed.

number           kout          theta            phi      intensity
  1926          14.31          60.00          17.50      2.3831236
   80.25% of job   1 of   1 completed.

number           kout          theta            phi      intensity
  1927          14.31          60.00          20.50      2.6537299
   80.29% of job   1 of   1 completed.

number           kout          theta            phi      intensity
  1928          14.31          60.00          23.50      2.5076151
   80.33% of job   1 of   1 completed.

number           kout          theta            phi      intensity
  1929          14.31          60.00          26.50      2.5341232
   80.38% of job   1 of   1 completed.

number           kout          theta            phi      intensity
  1930          14.31          60.00          29.50      2.7731969
   80.42% of job   1 of   1 completed.

number           kout          theta            phi      intensity
  1931          14.31          60.00          32.50      2.6344910
   80.46% of job   1 of   1 completed.

number           kout          theta            phi      intensity
  1932          14.31          60.00          35.50      2.2426929
   80.50% of job   1 of   1 completed.

number           kout          theta            phi      intensity
  1933          14.31          60.00          38.50      2.0123556
   80.54% of job   1 of   1 completed.

number           kout          theta            phi      intensity
  1934          14.31          60.00          41.50      2.0765517
   80.58% of job   1 of   1 completed.

number           kout          theta            phi      intensity
  1935          14.31          60.00          44.50      2.0453954
   80.62% of job   1 of   1 completed.

number           kout          theta            phi      intensity
  1936          14.31          60.00          47.50      1.8381883
   80.67% of job   1 of   1 completed.

number           kout          theta            phi      intensity
  1937          14.31          60.00          50.50      1.5900847
   80.71% of job   1 of   1 completed.

number           kout          theta            phi      intensity
  1938          14.31          60.00          53.50      1.8208402
   80.75% of job   1 of   1 completed.

number           kout          theta            phi      intensity
  1939          14.31          60.00          56.50      2.2629311
   80.79% of job   1 of   1 completed.

number           kout          theta            phi      intensity
  1940          14.31          60.00          59.50      2.5303578
   80.83% of job   1 of   1 completed.

number           kout          theta            phi      intensity
  1941          14.31          60.00          62.50      2.3427174
   80.88% of job   1 of   1 completed.

number           kout          theta            phi      intensity
  1942          14.31          60.00          65.50      2.1680074
   80.92% of job   1 of   1 completed.

number           kout          theta            phi      intensity
  1943          14.31          60.00          68.50      2.2021477
   80.96% of job   1 of   1 completed.

number           kout          theta            phi      intensity
  1944          14.31          60.00          71.50      2.1156299
   81.00% of job   1 of   1 completed.

number           kout          theta            phi      intensity
  1945          14.31          60.00          74.50      2.0722511
   81.04% of job   1 of   1 completed.

number           kout          theta            phi      intensity
  1946          14.31          60.00          77.50      1.9646086
   81.08% of job   1 of   1 completed.

number           kout          theta            phi      intensity
  1947          14.31          60.00          80.50      2.1817322
   81.12% of job   1 of   1 completed.

number           kout          theta            phi      intensity
  1948          14.31          60.00          83.50      2.7424223
   81.17% of job   1 of   1 completed.

number           kout          theta            phi      intensity
  1949          14.31          60.00          86.50      3.0479040
   81.21% of job   1 of   1 completed.

number           kout          theta            phi      intensity
  1950          14.31          60.00          89.50      3.2033346
   81.25% of job   1 of   1 completed.

number           kout          theta            phi      intensity
  1951          14.31          60.00          92.50      3.2653964
   81.29% of job   1 of   1 completed.

number           kout          theta            phi      intensity
  1952          14.31          60.00          95.50      3.1086466
   81.33% of job   1 of   1 completed.

number           kout          theta            phi      intensity
  1953          14.31          60.00          98.50      2.6651134
   81.38% of job   1 of   1 completed.

number           kout          theta            phi      intensity
  1954          14.31          60.00         101.50      2.2938941
   81.42% of job   1 of   1 completed.

number           kout          theta            phi      intensity
  1955          14.31          60.00         104.50      2.1751115
   81.46% of job   1 of   1 completed.

number           kout          theta            phi      intensity
  1956          14.31          60.00         107.50      2.2285564
   81.50% of job   1 of   1 completed.

number           kout          theta            phi      intensity
  1957          14.31          60.00         110.50      2.2033069
   81.54% of job   1 of   1 completed.

number           kout          theta            phi      intensity
  1958          14.31          60.00         113.50      2.2297668
   81.58% of job   1 of   1 completed.

number           kout          theta            phi      intensity
  1959          14.31          60.00         116.50      2.7403297
   81.62% of job   1 of   1 completed.

number           kout          theta            phi      intensity
  1960          14.31          60.00         119.50      3.2944081
   81.67% of job   1 of   1 completed.

number           kout          theta            phi      intensity
  1961          14.31          60.00         122.50      2.9715784
   81.71% of job   1 of   1 completed.

number           kout          theta            phi      intensity
  1962          14.31          60.00         125.50      2.3819706
   81.75% of job   1 of   1 completed.

number           kout          theta            phi      intensity
  1963          14.31          60.00         128.50      2.0762765
   81.79% of job   1 of   1 completed.

number           kout          theta            phi      intensity
  1964          14.31          60.00         131.50      2.1823802
   81.83% of job   1 of   1 completed.

number           kout          theta            phi      intensity
  1965          14.31          60.00         134.50      2.4416282
   81.88% of job   1 of   1 completed.

number           kout          theta            phi      intensity
  1966          14.31          60.00         137.50      2.4479506
   81.92% of job   1 of   1 completed.

number           kout          theta            phi      intensity
  1967          14.31          60.00         140.50      2.4083381
   81.96% of job   1 of   1 completed.

number           kout          theta            phi      intensity
  1968          14.31          60.00         143.50      2.7814741
   82.00% of job   1 of   1 completed.

number           kout          theta            phi      intensity
  1969          14.31          60.00         146.50      3.3509972
   82.04% of job   1 of   1 completed.

number           kout          theta            phi      intensity
  1970          14.31          60.00         149.50      3.6342862
   82.08% of job   1 of   1 completed.

number           kout          theta            phi      intensity
  1971          14.31          60.00         152.50      3.1486337
   82.12% of job   1 of   1 completed.

number           kout          theta            phi      intensity
  1972          14.31          60.00         155.50      2.5446100
   82.17% of job   1 of   1 completed.

number           kout          theta            phi      intensity
  1973          14.31          60.00         158.50      2.3913248
   82.21% of job   1 of   1 completed.

number           kout          theta            phi      intensity
  1974          14.31          60.00         161.50      2.2398889
   82.25% of job   1 of   1 completed.

number           kout          theta            phi      intensity
  1975          14.31          60.00         164.50      2.0185990
   82.29% of job   1 of   1 completed.

number           kout          theta            phi      intensity
  1976          14.31          60.00         167.50      1.7865697
   82.33% of job   1 of   1 completed.

number           kout          theta            phi      intensity
  1977          14.31          60.00         170.50      1.9459629
   82.38% of job   1 of   1 completed.

number           kout          theta            phi      intensity
  1978          14.31          60.00         173.50      2.6590784
   82.42% of job   1 of   1 completed.

number           kout          theta            phi      intensity
  1979          14.31          60.00         176.50      3.2184896
   82.46% of job   1 of   1 completed.

number           kout          theta            phi      intensity
  1980          14.31          60.00         179.50      3.5969255
   82.50% of job   1 of   1 completed.

number           kout          theta            phi      intensity
  1981          14.31          60.00         182.50      3.4138784
   82.54% of job   1 of   1 completed.

number           kout          theta            phi      intensity
  1982          14.31          60.00         185.50      2.9501371
   82.58% of job   1 of   1 completed.

number           kout          theta            phi      intensity
  1983          14.31          60.00         188.50      2.2377927
   82.62% of job   1 of   1 completed.

number           kout          theta            phi      intensity
  1984          14.31          60.00         191.50      1.7913476
   82.67% of job   1 of   1 completed.

number           kout          theta            phi      intensity
  1985          14.31          60.00         194.50      1.9134555
   82.71% of job   1 of   1 completed.

number           kout          theta            phi      intensity
  1986          14.31          60.00         197.50      2.1938918
   82.75% of job   1 of   1 completed.

number           kout          theta            phi      intensity
  1987          14.31          60.00         200.50      2.3911285
   82.79% of job   1 of   1 completed.

number           kout          theta            phi      intensity
  1988          14.31          60.00         203.50      2.4504192
   82.83% of job   1 of   1 completed.

number           kout          theta            phi      intensity
  1989          14.31          60.00         206.50      2.7162037
   82.88% of job   1 of   1 completed.

number           kout          theta            phi      intensity
  1990          14.31          60.00         209.50      3.2806647
   82.92% of job   1 of   1 completed.

number           kout          theta            phi      intensity
  1991          14.31          60.00         212.50      3.1473348
   82.96% of job   1 of   1 completed.

number           kout          theta            phi      intensity
  1992          14.31          60.00         215.50      2.6726694
   83.00% of job   1 of   1 completed.

number           kout          theta            phi      intensity
  1993          14.31          60.00         218.50      2.3795540
   83.04% of job   1 of   1 completed.

number           kout          theta            phi      intensity
  1994          14.31          60.00         221.50      2.3180606
   83.08% of job   1 of   1 completed.

number           kout          theta            phi      intensity
  1995          14.31          60.00         224.50      2.2744853
   83.12% of job   1 of   1 completed.

number           kout          theta            phi      intensity
  1996          14.31          60.00         227.50      2.1911933
   83.17% of job   1 of   1 completed.

number           kout          theta            phi      intensity
  1997          14.31          60.00         230.50      1.9243139
   83.21% of job   1 of   1 completed.

number           kout          theta            phi      intensity
  1998          14.31          60.00         233.50      1.9069133
   83.25% of job   1 of   1 completed.

number           kout          theta            phi      intensity
  1999          14.31          60.00         236.50      2.3426402
   83.29% of job   1 of   1 completed.

number           kout          theta            phi      intensity
  2000          14.31          60.00         239.50      2.7417498
   83.33% of job   1 of   1 completed.

number           kout          theta            phi      intensity
  2001          14.31          60.00         242.50      2.6550579
   83.38% of job   1 of   1 completed.

number           kout          theta            phi      intensity
  2002          14.31          60.00         245.50      2.3362157
   83.42% of job   1 of   1 completed.

number           kout          theta            phi      intensity
  2003          14.31          60.00         248.50      2.3206232
   83.46% of job   1 of   1 completed.

number           kout          theta            phi      intensity
  2004          14.31          60.00         251.50      2.2661488
   83.50% of job   1 of   1 completed.

number           kout          theta            phi      intensity
  2005          14.31          60.00         254.50      2.1566467
   83.54% of job   1 of   1 completed.

number           kout          theta            phi      intensity
  2006          14.31          60.00         257.50      2.0940535
   83.58% of job   1 of   1 completed.

number           kout          theta            phi      intensity
  2007          14.31          60.00         260.50      2.2937102
   83.62% of job   1 of   1 completed.

number           kout          theta            phi      intensity
  2008          14.31          60.00         263.50      2.7487729
   83.67% of job   1 of   1 completed.

number           kout          theta            phi      intensity
  2009          14.31          60.00         266.50      3.1923883
   83.71% of job   1 of   1 completed.

number           kout          theta            phi      intensity
  2010          14.31          60.00         269.50      3.5650890
   83.75% of job   1 of   1 completed.

number           kout          theta            phi      intensity
  2011          14.31          60.00         272.50      3.6012261
   83.79% of job   1 of   1 completed.

number           kout          theta            phi      intensity
  2012          14.31          60.00         275.50      3.1071961
   83.83% of job   1 of   1 completed.

number           kout          theta            phi      intensity
  2013          14.31          60.00         278.50      2.2299864
   83.88% of job   1 of   1 completed.

number           kout          theta            phi      intensity
  2014          14.31          60.00         281.50      1.7534341
   83.92% of job   1 of   1 completed.

number           kout          theta            phi      intensity
  2015          14.31          60.00         284.50      1.8148197
   83.96% of job   1 of   1 completed.

number           kout          theta            phi      intensity
  2016          14.31          60.00         287.50      2.0211897
   84.00% of job   1 of   1 completed.

number           kout          theta            phi      intensity
  2017          14.31          60.00         290.50      2.1270328
   84.04% of job   1 of   1 completed.

number           kout          theta            phi      intensity
  2018          14.31          60.00         293.50      2.1710212
   84.08% of job   1 of   1 completed.

number           kout          theta            phi      intensity
  2019          14.31          60.00         296.50      2.2722204
   84.12% of job   1 of   1 completed.

number           kout          theta            phi      intensity
  2020          14.31          60.00         299.50      2.5112779
   84.17% of job   1 of   1 completed.

number           kout          theta            phi      intensity
  2021          14.31          60.00         302.50      2.3093486
   84.21% of job   1 of   1 completed.

number           kout          theta            phi      intensity
  2022          14.31          60.00         305.50      1.6707832
   84.25% of job   1 of   1 completed.

number           kout          theta            phi      intensity
  2023          14.31          60.00         308.50      1.7079334
   84.29% of job   1 of   1 completed.

number           kout          theta            phi      intensity
  2024          14.31          60.00         311.50      2.1324689
   84.33% of job   1 of   1 completed.

number           kout          theta            phi      intensity
  2025          14.31          60.00         314.50      2.6356714
   84.38% of job   1 of   1 completed.

number           kout          theta            phi      intensity
  2026          14.31          60.00         317.50      2.8218832
   84.42% of job   1 of   1 completed.

number           kout          theta            phi      intensity
  2027          14.31          60.00         320.50      2.7430696
   84.46% of job   1 of   1 completed.

number           kout          theta            phi      intensity
  2028          14.31          60.00         323.50      2.6491616
   84.50% of job   1 of   1 completed.

number           kout          theta            phi      intensity
  2029          14.31          60.00         326.50      2.7044327
   84.54% of job   1 of   1 completed.

number           kout          theta            phi      intensity
  2030          14.31          60.00         329.50      2.7582722
   84.58% of job   1 of   1 completed.

number           kout          theta            phi      intensity
  2031          14.31          60.00         332.50      2.7265708
   84.62% of job   1 of   1 completed.

number           kout          theta            phi      intensity
  2032          14.31          60.00         335.50      2.6296160
   84.67% of job   1 of   1 completed.

number           kout          theta            phi      intensity
  2033          14.31          60.00         338.50      2.7709730
   84.71% of job   1 of   1 completed.

number           kout          theta            phi      intensity
  2034          14.31          60.00         341.50      2.5918143
   84.75% of job   1 of   1 completed.

number           kout          theta            phi      intensity
  2035          14.31          60.00         344.50      2.2622612
   84.79% of job   1 of   1 completed.

number           kout          theta            phi      intensity
  2036          14.31          60.00         347.50      2.0145853
   84.83% of job   1 of   1 completed.

number           kout          theta            phi      intensity
  2037          14.31          60.00         350.50      2.2179582
   84.88% of job   1 of   1 completed.

number           kout          theta            phi      intensity
  2038          14.31          60.00         353.50      2.8735924
   84.92% of job   1 of   1 completed.

number           kout          theta            phi      intensity
  2039          14.31          60.00         356.50      3.5350602
   84.96% of job   1 of   1 completed.

number           kout          theta            phi      intensity
  2040          14.31          60.00         359.50      3.9693115
   85.00% of job   1 of   1 completed.

number           kout          theta            phi      intensity
  2041          14.31          63.00           2.50      3.7581589
   85.04% of job   1 of   1 completed.

number           kout          theta            phi      intensity
  2042          14.31          63.00           5.50      2.8316424
   85.08% of job   1 of   1 completed.

number           kout          theta            phi      intensity
  2043          14.31          63.00           8.50      2.1015341
   85.12% of job   1 of   1 completed.

number           kout          theta            phi      intensity
  2044          14.31          63.00          11.50      1.7962551
   85.17% of job   1 of   1 completed.

number           kout          theta            phi      intensity
  2045          14.31          63.00          14.50      2.0482829
   85.21% of job   1 of   1 completed.

number           kout          theta            phi      intensity
  2046          14.31          63.00          17.50      2.6955194
   85.25% of job   1 of   1 completed.

number           kout          theta            phi      intensity
  2047          14.31          63.00          20.50      3.4667647
   85.29% of job   1 of   1 completed.

number           kout          theta            phi      intensity
  2048          14.31          63.00          23.50      3.5233078
   85.33% of job   1 of   1 completed.

number           kout          theta            phi      intensity
  2049          14.31          63.00          26.50      3.3111503
   85.38% of job   1 of   1 completed.

number           kout          theta            phi      intensity
  2050          14.31          63.00          29.50      2.8999774
   85.42% of job   1 of   1 completed.

number           kout          theta            phi      intensity
  2051          14.31          63.00          32.50      2.2185106
   85.46% of job   1 of   1 completed.

number           kout          theta            phi      intensity
  2052          14.31          63.00          35.50      1.7329960
   85.50% of job   1 of   1 completed.

number           kout          theta            phi      intensity
  2053          14.31          63.00          38.50      1.5861214
   85.54% of job   1 of   1 completed.

number           kout          theta            phi      intensity
  2054          14.31          63.00          41.50      1.7306408
   85.58% of job   1 of   1 completed.

number           kout          theta            phi      intensity
  2055          14.31          63.00          44.50      1.8677117
   85.62% of job   1 of   1 completed.

number           kout          theta            phi      intensity
  2056          14.31          63.00          47.50      1.6768817
   85.67% of job   1 of   1 completed.

number           kout          theta            phi      intensity
  2057          14.31          63.00          50.50      1.4801725
   85.71% of job   1 of   1 completed.

number           kout          theta            phi      intensity
  2058          14.31          63.00          53.50      1.4332072
   85.75% of job   1 of   1 completed.

number           kout          theta            phi      intensity
  2059          14.31          63.00          56.50      1.8794078
   85.79% of job   1 of   1 completed.

number           kout          theta            phi      intensity
  2060          14.31          63.00          59.50      2.5534337
   85.83% of job   1 of   1 completed.

number           kout          theta            phi      intensity
  2061          14.31          63.00          62.50      2.8136177
   85.88% of job   1 of   1 completed.

number           kout          theta            phi      intensity
  2062          14.31          63.00          65.50      2.9984009
   85.92% of job   1 of   1 completed.

number           kout          theta            phi      intensity
  2063          14.31          63.00          68.50      3.1942990
   85.96% of job   1 of   1 completed.

number           kout          theta            phi      intensity
  2064          14.31          63.00          71.50      2.8228569
   86.00% of job   1 of   1 completed.

number           kout          theta            phi      intensity
  2065          14.31          63.00          74.50      2.1771183
   86.04% of job   1 of   1 completed.

number           kout          theta            phi      intensity
  2066          14.31          63.00          77.50      1.6696076
   86.08% of job   1 of   1 completed.

number           kout          theta            phi      intensity
  2067          14.31          63.00          80.50      1.8619281
   86.12% of job   1 of   1 completed.

number           kout          theta            phi      intensity
  2068          14.31          63.00          83.50      2.7113123
   86.17% of job   1 of   1 completed.

number           kout          theta            phi      intensity
  2069          14.31          63.00          86.50      3.4774847
   86.21% of job   1 of   1 completed.

number           kout          theta            phi      intensity
  2070          14.31          63.00          89.50      3.9251251
   86.25% of job   1 of   1 completed.

number           kout          theta            phi      intensity
  2071          14.31          63.00          92.50      3.9007990
   86.29% of job   1 of   1 completed.

number           kout          theta            phi      intensity
  2072          14.31          63.00          95.50      3.2482975
   86.33% of job   1 of   1 completed.

number           kout          theta            phi      intensity
  2073          14.31          63.00          98.50      2.3375952
   86.38% of job   1 of   1 completed.

number           kout          theta            phi      intensity
  2074          14.31          63.00         101.50      1.8522950
   86.42% of job   1 of   1 completed.

number           kout          theta            phi      intensity
  2075          14.31          63.00         104.50      1.9460951
   86.46% of job   1 of   1 completed.

number           kout          theta            phi      intensity
  2076          14.31          63.00         107.50      2.3351400
   86.50% of job   1 of   1 completed.

number           kout          theta            phi      intensity
  2077          14.31          63.00         110.50      2.6931298
   86.54% of job   1 of   1 completed.

number           kout          theta            phi      intensity
  2078          14.31          63.00         113.50      2.7483804
   86.58% of job   1 of   1 completed.

number           kout          theta            phi      intensity
  2079          14.31          63.00         116.50      2.9913266
   86.62% of job   1 of   1 completed.

number           kout          theta            phi      intensity
  2080          14.31          63.00         119.50      3.2527170
   86.67% of job   1 of   1 completed.

number           kout          theta            phi      intensity
  2081          14.31          63.00         122.50      2.6361554
   86.71% of job   1 of   1 completed.

number           kout          theta            phi      intensity
  2082          14.31          63.00         125.50      1.8786095
   86.75% of job   1 of   1 completed.

number           kout          theta            phi      intensity
  2083          14.31          63.00         128.50      1.6542486
   86.79% of job   1 of   1 completed.

number           kout          theta            phi      intensity
  2084          14.31          63.00         131.50      1.7950448
   86.83% of job   1 of   1 completed.

number           kout          theta            phi      intensity
  2085          14.31          63.00         134.50      2.0584645
   86.88% of job   1 of   1 completed.

number           kout          theta            phi      intensity
  2086          14.31          63.00         137.50      1.9059540
   86.92% of job   1 of   1 completed.

number           kout          theta            phi      intensity
  2087          14.31          63.00         140.50      1.6901846
   86.96% of job   1 of   1 completed.

number           kout          theta            phi      intensity
  2088          14.31          63.00         143.50      1.8997887
   87.00% of job   1 of   1 completed.

number           kout          theta            phi      intensity
  2089          14.31          63.00         146.50      2.5056415
   87.04% of job   1 of   1 completed.

number           kout          theta            phi      intensity
  2090          14.31          63.00         149.50      3.3740032
   87.08% of job   1 of   1 completed.

number           kout          theta            phi      intensity
  2091          14.31          63.00         152.50      3.4829957
   87.12% of job   1 of   1 completed.

number           kout          theta            phi      intensity
  2092          14.31          63.00         155.50      3.3049810
   87.17% of job   1 of   1 completed.

number           kout          theta            phi      intensity
  2093          14.31          63.00         158.50      3.4781501
   87.21% of job   1 of   1 completed.

number           kout          theta            phi      intensity
  2094          14.31          63.00         161.50      3.2066860
   87.25% of job   1 of   1 completed.

number           kout          theta            phi      intensity
  2095          14.31          63.00         164.50      2.4721496
   87.29% of job   1 of   1 completed.

number           kout          theta            phi      intensity
  2096          14.31          63.00         167.50      1.8145114
   87.33% of job   1 of   1 completed.

number           kout          theta            phi      intensity
  2097          14.31          63.00         170.50      1.7522818
   87.38% of job   1 of   1 completed.

number           kout          theta            phi      intensity
  2098          14.31          63.00         173.50      2.4140742
   87.42% of job   1 of   1 completed.

number           kout          theta            phi      intensity
  2099          14.31          63.00         176.50      3.2246497
   87.46% of job   1 of   1 completed.

number           kout          theta            phi      intensity
  2100          14.31          63.00         179.50      3.8432543
   87.50% of job   1 of   1 completed.

number           kout          theta            phi      intensity
  2101          14.31          63.00         182.50      3.5118864
   87.54% of job   1 of   1 completed.

number           kout          theta            phi      intensity
  2102          14.31          63.00         185.50      2.7458189
   87.58% of job   1 of   1 completed.

number           kout          theta            phi      intensity
  2103          14.31          63.00         188.50      1.9202763
   87.62% of job   1 of   1 completed.

number           kout          theta            phi      intensity
  2104          14.31          63.00         191.50      1.6907359
   87.67% of job   1 of   1 completed.

number           kout          theta            phi      intensity
  2105          14.31          63.00         194.50      2.1489897
   87.71% of job   1 of   1 completed.

number           kout          theta            phi      intensity
  2106          14.31          63.00         197.50      2.9735568
   87.75% of job   1 of   1 completed.

number           kout          theta            phi      intensity
  2107          14.31          63.00         200.50      3.5600913
   87.79% of job   1 of   1 completed.

number           kout          theta            phi      intensity
  2108          14.31          63.00         203.50      3.4435151
   87.83% of job   1 of   1 completed.

number           kout          theta            phi      intensity
  2109          14.31          63.00         206.50      3.2636254
   87.88% of job   1 of   1 completed.

number           kout          theta            phi      intensity
  2110          14.31          63.00         209.50      3.2410958
   87.92% of job   1 of   1 completed.

number           kout          theta            phi      intensity
  2111          14.31          63.00         212.50      2.5550249
   87.96% of job   1 of   1 completed.

number           kout          theta            phi      intensity
  2112          14.31          63.00         215.50      1.9773974
   88.00% of job   1 of   1 completed.

number           kout          theta            phi      intensity
  2113          14.31          63.00         218.50      1.7315431
   88.04% of job   1 of   1 completed.

number           kout          theta            phi      intensity
  2114          14.31          63.00         221.50      1.8057523
   88.08% of job   1 of   1 completed.

number           kout          theta            phi      intensity
  2115          14.31          63.00         224.50      1.8982190
   88.12% of job   1 of   1 completed.

number           kout          theta            phi      intensity
  2116          14.31          63.00         227.50      1.7633809
   88.17% of job   1 of   1 completed.

number           kout          theta            phi      intensity
  2117          14.31          63.00         230.50      1.4704939
   88.21% of job   1 of   1 completed.

number           kout          theta            phi      intensity
  2118          14.31          63.00         233.50      1.5543095
   88.25% of job   1 of   1 completed.

number           kout          theta            phi      intensity
  2119          14.31          63.00         236.50      2.0740340
   88.29% of job   1 of   1 completed.

number           kout          theta            phi      intensity
  2120          14.31          63.00         239.50      2.9077194
   88.33% of job   1 of   1 completed.

number           kout          theta            phi      intensity
  2121          14.31          63.00         242.50      3.2319813
   88.38% of job   1 of   1 completed.

number           kout          theta            phi      intensity
  2122          14.31          63.00         245.50      3.1455488
   88.42% of job   1 of   1 completed.

number           kout          theta            phi      intensity
  2123          14.31          63.00         248.50      3.1603835
   88.46% of job   1 of   1 completed.

number           kout          theta            phi      intensity
  2124          14.31          63.00         251.50      2.8288424
   88.50% of job   1 of   1 completed.

number           kout          theta            phi      intensity
  2125          14.31          63.00         254.50      2.1615531
   88.54% of job   1 of   1 completed.

number           kout          theta            phi      intensity
  2126          14.31          63.00         257.50      1.8482375
   88.58% of job   1 of   1 completed.

number           kout          theta            phi      intensity
  2127          14.31          63.00         260.50      2.0554760
   88.62% of job   1 of   1 completed.

number           kout          theta            phi      intensity
  2128          14.31          63.00         263.50      2.6580555
   88.67% of job   1 of   1 completed.

number           kout          theta            phi      intensity
  2129          14.31          63.00         266.50      3.4089148
   88.71% of job   1 of   1 completed.

number           kout          theta            phi      intensity
  2130          14.31          63.00         269.50      3.9913175
   88.75% of job   1 of   1 completed.

number           kout          theta            phi      intensity
  2131          14.31          63.00         272.50      3.8921282
   88.79% of job   1 of   1 completed.

number           kout          theta            phi      intensity
  2132          14.31          63.00         275.50      3.0920248
   88.83% of job   1 of   1 completed.

number           kout          theta            phi      intensity
  2133          14.31          63.00         278.50      2.1348040
   88.88% of job   1 of   1 completed.

number           kout          theta            phi      intensity
  2134          14.31          63.00         281.50      1.6970011
   88.92% of job   1 of   1 completed.

number           kout          theta            phi      intensity
  2135          14.31          63.00         284.50      2.0673420
   88.96% of job   1 of   1 completed.

number           kout          theta            phi      intensity
  2136          14.31          63.00         287.50      2.7950315
   89.00% of job   1 of   1 completed.

number           kout          theta            phi      intensity
  2137          14.31          63.00         290.50      3.2259543
   89.04% of job   1 of   1 completed.

number           kout          theta            phi      intensity
  2138          14.31          63.00         293.50      3.1173275
   89.08% of job   1 of   1 completed.

number           kout          theta            phi      intensity
  2139          14.31          63.00         296.50      2.8419645
   89.12% of job   1 of   1 completed.

number           kout          theta            phi      intensity
  2140          14.31          63.00         299.50      2.4674506
   89.17% of job   1 of   1 completed.

number           kout          theta            phi      intensity
  2141          14.31          63.00         302.50      1.8789552
   89.21% of job   1 of   1 completed.

number           kout          theta            phi      intensity
  2142          14.31          63.00         305.50      1.3865415
   89.25% of job   1 of   1 completed.

number           kout          theta            phi      intensity
  2143          14.31          63.00         308.50      1.3161514
   89.29% of job   1 of   1 completed.

number           kout          theta            phi      intensity
  2144          14.31          63.00         311.50      1.6484207
   89.33% of job   1 of   1 completed.

number           kout          theta            phi      intensity
  2145          14.31          63.00         314.50      2.0111237
   89.38% of job   1 of   1 completed.

number           kout          theta            phi      intensity
  2146          14.31          63.00         317.50      2.0011458
   89.42% of job   1 of   1 completed.

number           kout          theta            phi      intensity
  2147          14.31          63.00         320.50      1.8457928
   89.46% of job   1 of   1 completed.

number           kout          theta            phi      intensity
  2148          14.31          63.00         323.50      1.8652658
   89.50% of job   1 of   1 completed.

number           kout          theta            phi      intensity
  2149          14.31          63.00         326.50      2.0220766
   89.54% of job   1 of   1 completed.

number           kout          theta            phi      intensity
  2150          14.31          63.00         329.50      2.6402495
   89.58% of job   1 of   1 completed.

number           kout          theta            phi      intensity
  2151          14.31          63.00         332.50      3.1756599
   89.62% of job   1 of   1 completed.

number           kout          theta            phi      intensity
  2152          14.31          63.00         335.50      3.5231628
   89.67% of job   1 of   1 completed.

number           kout          theta            phi      intensity
  2153          14.31          63.00         338.50      3.5909359
   89.71% of job   1 of   1 completed.

number           kout          theta            phi      intensity
  2154          14.31          63.00         341.50      3.1318634
   89.75% of job   1 of   1 completed.

number           kout          theta            phi      intensity
  2155          14.31          63.00         344.50      2.3557525
   89.79% of job   1 of   1 completed.

number           kout          theta            phi      intensity
  2156          14.31          63.00         347.50      1.9193708
   89.83% of job   1 of   1 completed.

number           kout          theta            phi      intensity
  2157          14.31          63.00         350.50      1.9926820
   89.88% of job   1 of   1 completed.

number           kout          theta            phi      intensity
  2158          14.31          63.00         353.50      2.6618633
   89.92% of job   1 of   1 completed.

number           kout          theta            phi      intensity
  2159          14.31          63.00         356.50      3.5246613
   89.96% of job   1 of   1 completed.

number           kout          theta            phi      intensity
  2160          14.31          63.00         359.50      4.1791892
   90.00% of job   1 of   1 completed.

number           kout          theta            phi      intensity
  2161          14.31          66.00           2.50      2.9424727
   90.04% of job   1 of   1 completed.

number           kout          theta            phi      intensity
  2162          14.31          66.00           5.50      2.0557690
   90.08% of job   1 of   1 completed.

number           kout          theta            phi      intensity
  2163          14.31          66.00           8.50      1.7396091
   90.12% of job   1 of   1 completed.

number           kout          theta            phi      intensity
  2164          14.31          66.00          11.50      1.8048598
   90.17% of job   1 of   1 completed.

number           kout          theta            phi      intensity
  2165          14.31          66.00          14.50      2.2912571
   90.21% of job   1 of   1 completed.

number           kout          theta            phi      intensity
  2166          14.31          66.00          17.50      3.1321270
   90.25% of job   1 of   1 completed.

number           kout          theta            phi      intensity
  2167          14.31          66.00          20.50      3.7516034
   90.29% of job   1 of   1 completed.

number           kout          theta            phi      intensity
  2168          14.31          66.00          23.50      3.7436054
   90.33% of job   1 of   1 completed.

number           kout          theta            phi      intensity
  2169          14.31          66.00          26.50      3.4025280
   90.38% of job   1 of   1 completed.

number           kout          theta            phi      intensity
  2170          14.31          66.00          29.50      2.4909112
   90.42% of job   1 of   1 completed.

number           kout          theta            phi      intensity
  2171          14.31          66.00          32.50      1.6631423
   90.46% of job   1 of   1 completed.

number           kout          theta            phi      intensity
  2172          14.31          66.00          35.50      1.3397651
   90.50% of job   1 of   1 completed.

number           kout          theta            phi      intensity
  2173          14.31          66.00          38.50      1.4639007
   90.54% of job   1 of   1 completed.

number           kout          theta            phi      intensity
  2174          14.31          66.00          41.50      1.9529315
   90.58% of job   1 of   1 completed.

number           kout          theta            phi      intensity
  2175          14.31          66.00          44.50      2.2800138
   90.62% of job   1 of   1 completed.

number           kout          theta            phi      intensity
  2176          14.31          66.00          47.50      2.0896914
   90.67% of job   1 of   1 completed.

number           kout          theta            phi      intensity
  2177          14.31          66.00          50.50      1.5372030
   90.71% of job   1 of   1 completed.

number           kout          theta            phi      intensity
  2178          14.31          66.00          53.50      1.2587016
   90.75% of job   1 of   1 completed.

number           kout          theta            phi      intensity
  2179          14.31          66.00          56.50      1.4144502
   90.79% of job   1 of   1 completed.

number           kout          theta            phi      intensity
  2180          14.31          66.00          59.50      2.1729295
   90.83% of job   1 of   1 completed.

number           kout          theta            phi      intensity
  2181          14.31          66.00          62.50      2.9346571
   90.88% of job   1 of   1 completed.

number           kout          theta            phi      intensity
  2182          14.31          66.00          65.50      3.4636500
   90.92% of job   1 of   1 completed.

number           kout          theta            phi      intensity
  2183          14.31          66.00          68.50      3.6590083
   90.96% of job   1 of   1 completed.

number           kout          theta            phi      intensity
  2184          14.31          66.00          71.50      3.6244500
   91.00% of job   1 of   1 completed.

number           kout          theta            phi      intensity
  2185          14.31          66.00          74.50      2.7052195
   91.04% of job   1 of   1 completed.

number           kout          theta            phi      intensity
  2186          14.31          66.00          77.50      1.7057921
   91.08% of job   1 of   1 completed.

number           kout          theta            phi      intensity
  2187          14.31          66.00          80.50      1.4213468
   91.12% of job   1 of   1 completed.

number           kout          theta            phi      intensity
  2188          14.31          66.00          83.50      1.8845205
   91.17% of job   1 of   1 completed.

number           kout          theta            phi      intensity
  2189          14.31          66.00          86.50      2.8726947
   91.21% of job   1 of   1 completed.

number           kout          theta            phi      intensity
  2190          14.31          66.00          89.50      3.6083934
   91.25% of job   1 of   1 completed.

number           kout          theta            phi      intensity
  2191          14.31          66.00          92.50      3.4259169
   91.29% of job   1 of   1 completed.

number           kout          theta            phi      intensity
  2192          14.31          66.00          95.50      2.4930501
   91.33% of job   1 of   1 completed.

number           kout          theta            phi      intensity
  2193          14.31          66.00          98.50      1.7768549
   91.38% of job   1 of   1 completed.

number           kout          theta            phi      intensity
  2194          14.31          66.00         101.50      1.6090630
   91.42% of job   1 of   1 completed.

number           kout          theta            phi      intensity
  2195          14.31          66.00         104.50      2.0596321
   91.46% of job   1 of   1 completed.

number           kout          theta            phi      intensity
  2196          14.31          66.00         107.50      2.9142210
   91.50% of job   1 of   1 completed.

number           kout          theta            phi      intensity
  2197          14.31          66.00         110.50      3.2723026
   91.54% of job   1 of   1 completed.

number           kout          theta            phi      intensity
  2198          14.31          66.00         113.50      3.0180528
   91.58% of job   1 of   1 completed.

number           kout          theta            phi      intensity
  2199          14.31          66.00         116.50      2.8171225
   91.62% of job   1 of   1 completed.

number           kout          theta            phi      intensity
  2200          14.31          66.00         119.50      2.4072912
   91.67% of job   1 of   1 completed.

number           kout          theta            phi      intensity
  2201          14.31          66.00         122.50      1.6695566
   91.71% of job   1 of   1 completed.

number           kout          theta            phi      intensity
  2202          14.31          66.00         125.50      1.3367577
   91.75% of job   1 of   1 completed.

number           kout          theta            phi      intensity
  2203          14.31          66.00         128.50      1.5073937
   91.79% of job   1 of   1 completed.

number           kout          theta            phi      intensity
  2204          14.31          66.00         131.50      2.2042794
   91.83% of job   1 of   1 completed.

number           kout          theta            phi      intensity
  2205          14.31          66.00         134.50      2.6973126
   91.88% of job   1 of   1 completed.

number           kout          theta            phi      intensity
  2206          14.31          66.00         137.50      2.3399079
   91.92% of job   1 of   1 completed.

number           kout          theta            phi      intensity
  2207          14.31          66.00         140.50      1.5542793
   91.96% of job   1 of   1 completed.

number           kout          theta            phi      intensity
  2208          14.31          66.00         143.50      1.1842481
   92.00% of job   1 of   1 completed.

number           kout          theta            phi      intensity
  2209          14.31          66.00         146.50      1.4180274
   92.04% of job   1 of   1 completed.

number           kout          theta            phi      intensity
  2210          14.31          66.00         149.50      2.1640790
   92.08% of job   1 of   1 completed.

number           kout          theta            phi      intensity
  2211          14.31          66.00         152.50      2.9359772
   92.12% of job   1 of   1 completed.

number           kout          theta            phi      intensity
  2212          14.31          66.00         155.50      3.5544059
   92.17% of job   1 of   1 completed.

number           kout          theta            phi      intensity
  2213          14.31          66.00         158.50      4.1113081
   92.21% of job   1 of   1 completed.

number           kout          theta            phi      intensity
  2214          14.31          66.00         161.50      4.1402202
   92.25% of job   1 of   1 completed.

number           kout          theta            phi      intensity
  2215          14.31          66.00         164.50      3.1232445
   92.29% of job   1 of   1 completed.

number           kout          theta            phi      intensity
  2216          14.31          66.00         167.50      2.1403153
   92.33% of job   1 of   1 completed.

number           kout          theta            phi      intensity
  2217          14.31          66.00         170.50      1.5207385
   92.38% of job   1 of   1 completed.

number           kout          theta            phi      intensity
  2218          14.31          66.00         173.50      1.6265084
   92.42% of job   1 of   1 completed.

number           kout          theta            phi      intensity
  2219          14.31          66.00         176.50      2.6276982
   92.46% of job   1 of   1 completed.

number           kout          theta            phi      intensity
  2220          14.31          66.00         179.50      3.5920713
   92.50% of job   1 of   1 completed.

number           kout          theta            phi      intensity
  2221          14.31          66.00         182.50      3.1186454
   92.54% of job   1 of   1 completed.

number           kout          theta            phi      intensity
  2222          14.31          66.00         185.50      1.9002939
   92.58% of job   1 of   1 completed.

number           kout          theta            phi      intensity
  2223          14.31          66.00         188.50      1.4661301
   92.62% of job   1 of   1 completed.

number           kout          theta            phi      intensity
  2224          14.31          66.00         191.50      1.8204379
   92.67% of job   1 of   1 completed.

number           kout          theta            phi      intensity
  2225          14.31          66.00         194.50      2.6937077
   92.71% of job   1 of   1 completed.

number           kout          theta            phi      intensity
  2226          14.31          66.00         197.50      3.7916176
   92.75% of job   1 of   1 completed.

number           kout          theta            phi      intensity
  2227          14.31          66.00         200.50      4.3510327
   92.79% of job   1 of   1 completed.

number           kout          theta            phi      intensity
  2228          14.31          66.00         203.50      3.8893635
   92.83% of job   1 of   1 completed.

number           kout          theta            phi      intensity
  2229          14.31          66.00         206.50      3.3210533
   92.88% of job   1 of   1 completed.

number           kout          theta            phi      intensity
  2230          14.31          66.00         209.50      2.4784226
   92.92% of job   1 of   1 completed.

number           kout          theta            phi      intensity
  2231          14.31          66.00         212.50      1.6349554
   92.96% of job   1 of   1 completed.

number           kout          theta            phi      intensity
  2232          14.31          66.00         215.50      1.2728220
   93.00% of job   1 of   1 completed.

number           kout          theta            phi      intensity
  2233          14.31          66.00         218.50      1.4177085
   93.04% of job   1 of   1 completed.

number           kout          theta            phi      intensity
  2234          14.31          66.00         221.50      2.0490453
   93.08% of job   1 of   1 completed.

number           kout          theta            phi      intensity
  2235          14.31          66.00         224.50      2.5440447
   93.12% of job   1 of   1 completed.

number           kout          theta            phi      intensity
  2236          14.31          66.00         227.50      2.2493796
   93.17% of job   1 of   1 completed.

number           kout          theta            phi      intensity
  2237          14.31          66.00         230.50      1.6383983
   93.21% of job   1 of   1 completed.

number           kout          theta            phi      intensity
  2238          14.31          66.00         233.50      1.2349511
   93.25% of job   1 of   1 completed.

number           kout          theta            phi      intensity
  2239          14.31          66.00         236.50      1.4540173
   93.29% of job   1 of   1 completed.

number           kout          theta            phi      intensity
  2240          14.31          66.00         239.50      2.1754396
   93.33% of job   1 of   1 completed.

number           kout          theta            phi      intensity
  2241          14.31          66.00         242.50      2.9805820
   93.38% of job   1 of   1 completed.

number           kout          theta            phi      intensity
  2242          14.31          66.00         245.50      3.4454997
   93.42% of job   1 of   1 completed.

number           kout          theta            phi      intensity
  2243          14.31          66.00         248.50      3.5768204
   93.46% of job   1 of   1 completed.

number           kout          theta            phi      intensity
  2244          14.31          66.00         251.50      3.3525178
   93.50% of job   1 of   1 completed.

number           kout          theta            phi      intensity
  2245          14.31          66.00         254.50      2.5396638
   93.54% of job   1 of   1 completed.

number           kout          theta            phi      intensity
  2246          14.31          66.00         257.50      1.9441284
   93.58% of job   1 of   1 completed.

number           kout          theta            phi      intensity
  2247          14.31          66.00         260.50      1.8363005
   93.62% of job   1 of   1 completed.

number           kout          theta            phi      intensity
  2248          14.31          66.00         263.50      2.1361601
   93.67% of job   1 of   1 completed.

number           kout          theta            phi      intensity
  2249          14.31          66.00         266.50      2.8805778
   93.71% of job   1 of   1 completed.

number           kout          theta            phi      intensity
  2250          14.31          66.00         269.50      3.5133324
   93.75% of job   1 of   1 completed.

number           kout          theta            phi      intensity
  2251          14.31          66.00         272.50      3.1345003
   93.79% of job   1 of   1 completed.

number           kout          theta            phi      intensity
  2252          14.31          66.00         275.50      2.3462958
   93.83% of job   1 of   1 completed.

number           kout          theta            phi      intensity
  2253          14.31          66.00         278.50      1.7904806
   93.88% of job   1 of   1 completed.

number           kout          theta            phi      intensity
  2254          14.31          66.00         281.50      1.8230668
   93.92% of job   1 of   1 completed.

number           kout          theta            phi      intensity
  2255          14.31          66.00         284.50      2.6056552
   93.96% of job   1 of   1 completed.

number           kout          theta            phi      intensity
  2256          14.31          66.00         287.50      3.6364336
   94.00% of job   1 of   1 completed.

number           kout          theta            phi      intensity
  2257          14.31          66.00         290.50      4.1215391
   94.04% of job   1 of   1 completed.

number           kout          theta            phi      intensity
  2258          14.31          66.00         293.50      3.8047714
   94.08% of job   1 of   1 completed.

number           kout          theta            phi      intensity
  2259          14.31          66.00         296.50      3.0834424
   94.12% of job   1 of   1 completed.

number           kout          theta            phi      intensity
  2260          14.31          66.00         299.50      2.2646267
   94.17% of job   1 of   1 completed.

number           kout          theta            phi      intensity
  2261          14.31          66.00         302.50      1.5772969
   94.21% of job   1 of   1 completed.

number           kout          theta            phi      intensity
  2262          14.31          66.00         305.50      1.2726425
   94.25% of job   1 of   1 completed.

number           kout          theta            phi      intensity
  2263          14.31          66.00         308.50      1.4060704
   94.29% of job   1 of   1 completed.

number           kout          theta            phi      intensity
  2264          14.31          66.00         311.50      1.7970244
   94.33% of job   1 of   1 completed.

number           kout          theta            phi      intensity
  2265          14.31          66.00         314.50      2.0062110
   94.38% of job   1 of   1 completed.

number           kout          theta            phi      intensity
  2266          14.31          66.00         317.50      1.8650564
   94.42% of job   1 of   1 completed.

number           kout          theta            phi      intensity
  2267          14.31          66.00         320.50      1.4829822
   94.46% of job   1 of   1 completed.

number           kout          theta            phi      intensity
  2268          14.31          66.00         323.50      1.3222827
   94.50% of job   1 of   1 completed.

number           kout          theta            phi      intensity
  2269          14.31          66.00         326.50      1.5358807
   94.54% of job   1 of   1 completed.

number           kout          theta            phi      intensity
  2270          14.31          66.00         329.50      2.2221487
   94.58% of job   1 of   1 completed.

number           kout          theta            phi      intensity
  2271          14.31          66.00         332.50      3.1289225
   94.62% of job   1 of   1 completed.

number           kout          theta            phi      intensity
  2272          14.31          66.00         335.50      3.5778449
   94.67% of job   1 of   1 completed.

number           kout          theta            phi      intensity
  2273          14.31          66.00         338.50      3.5816767
   94.71% of job   1 of   1 completed.

number           kout          theta            phi      intensity
  2274          14.31          66.00         341.50      3.2964461
   94.75% of job   1 of   1 completed.

number           kout          theta            phi      intensity
  2275          14.31          66.00         344.50      2.4933906
   94.79% of job   1 of   1 completed.

number           kout          theta            phi      intensity
  2276          14.31          66.00         347.50      1.9834495
   94.83% of job   1 of   1 completed.

number           kout          theta            phi      intensity
  2277          14.31          66.00         350.50      1.7520800
   94.88% of job   1 of   1 completed.

number           kout          theta            phi      intensity
  2278          14.31          66.00         353.50      2.0147049
   94.92% of job   1 of   1 completed.

number           kout          theta            phi      intensity
  2279          14.31          66.00         356.50      2.7801313
   94.96% of job   1 of   1 completed.

number           kout          theta            phi      intensity
  2280          14.31          66.00         359.50      3.4815989
   95.00% of job   1 of   1 completed.

number           kout          theta            phi      intensity
  2281          14.31          69.00           2.50      1.7703152
   95.04% of job   1 of   1 completed.

number           kout          theta            phi      intensity
  2282          14.31          69.00           5.50      1.3725129
   95.08% of job   1 of   1 completed.

number           kout          theta            phi      intensity
  2283          14.31          69.00           8.50      1.5427982
   95.12% of job   1 of   1 completed.

number           kout          theta            phi      intensity
  2284          14.31          69.00          11.50      2.0312917
   95.17% of job   1 of   1 completed.

number           kout          theta            phi      intensity
  2285          14.31          69.00          14.50      2.8186386
   95.21% of job   1 of   1 completed.

number           kout          theta            phi      intensity
  2286          14.31          69.00          17.50      3.4680490
   95.25% of job   1 of   1 completed.

number           kout          theta            phi      intensity
  2287          14.31          69.00          20.50      3.6294174
   95.29% of job   1 of   1 completed.

number           kout          theta            phi      intensity
  2288          14.31          69.00          23.50      3.2400663
   95.33% of job   1 of   1 completed.

number           kout          theta            phi      intensity
  2289          14.31          69.00          26.50      2.7833166
   95.38% of job   1 of   1 completed.

number           kout          theta            phi      intensity
  2290          14.31          69.00          29.50      1.9666138
   95.42% of job   1 of   1 completed.

number           kout          theta            phi      intensity
  2291          14.31          69.00          32.50      1.2959913
   95.46% of job   1 of   1 completed.

number           kout          theta            phi      intensity
  2292          14.31          69.00          35.50      1.2245296
   95.50% of job   1 of   1 completed.

number           kout          theta            phi      intensity
  2293          14.31          69.00          38.50      1.5536647
   95.54% of job   1 of   1 completed.

number           kout          theta            phi      intensity
  2294          14.31          69.00          41.50      2.3601072
   95.58% of job   1 of   1 completed.

number           kout          theta            phi      intensity
  2295          14.31          69.00          44.50      2.9180861
   95.62% of job   1 of   1 completed.

number           kout          theta            phi      intensity
  2296          14.31          69.00          47.50      2.7084496
   95.67% of job   1 of   1 completed.

number           kout          theta            phi      intensity
  2297          14.31          69.00          50.50      1.8944603
   95.71% of job   1 of   1 completed.

number           kout          theta            phi      intensity
  2298          14.31          69.00          53.50      1.2676984
   95.75% of job   1 of   1 completed.

number           kout          theta            phi      intensity
  2299          14.31          69.00          56.50      1.1566385
   95.79% of job   1 of   1 completed.

number           kout          theta            phi      intensity
  2300          14.31          69.00          59.50      1.7265514
   95.83% of job   1 of   1 completed.

number           kout          theta            phi      intensity
  2301          14.31          69.00          62.50      2.6127849
   95.88% of job   1 of   1 completed.

number           kout          theta            phi      intensity
  2302          14.31          69.00          65.50      3.2733564
   95.92% of job   1 of   1 completed.

number           kout          theta            phi      intensity
  2303          14.31          69.00          68.50      3.8559799
   95.96% of job   1 of   1 completed.

number           kout          theta            phi      intensity
  2304          14.31          69.00          71.50      4.3284864
   96.00% of job   1 of   1 completed.

number           kout          theta            phi      intensity
  2305          14.31          69.00          74.50      3.5844901
   96.04% of job   1 of   1 completed.

number           kout          theta            phi      intensity
  2306          14.31          69.00          77.50      2.1419175
   96.08% of job   1 of   1 completed.

number           kout          theta            phi      intensity
  2307          14.31          69.00          80.50      1.3518471
   96.12% of job   1 of   1 completed.

number           kout          theta            phi      intensity
  2308          14.31          69.00          83.50      1.2051904
   96.17% of job   1 of   1 completed.

number           kout          theta            phi      intensity
  2309          14.31          69.00          86.50      1.7098223
   96.21% of job   1 of   1 completed.

number           kout          theta            phi      intensity
  2310          14.31          69.00          89.50      2.2199352
   96.25% of job   1 of   1 completed.

number           kout          theta            phi      intensity
  2311          14.31          69.00          92.50      2.1168830
   96.29% of job   1 of   1 completed.

number           kout          theta            phi      intensity
  2312          14.31          69.00          95.50      1.6169151
   96.33% of job   1 of   1 completed.

number           kout          theta            phi      intensity
  2313          14.31          69.00          98.50      1.4274589
   96.38% of job   1 of   1 completed.

number           kout          theta            phi      intensity
  2314          14.31          69.00         101.50      1.6736355
   96.42% of job   1 of   1 completed.

number           kout          theta            phi      intensity
  2315          14.31          69.00         104.50      2.7397025
   96.46% of job   1 of   1 completed.

number           kout          theta            phi      intensity
  2316          14.31          69.00         107.50      3.7173989
   96.50% of job   1 of   1 completed.

number           kout          theta            phi      intensity
  2317          14.31          69.00         110.50      3.3882535
   96.54% of job   1 of   1 completed.

number           kout          theta            phi      intensity
  2318          14.31          69.00         113.50      2.7663097
   96.58% of job   1 of   1 completed.

number           kout          theta            phi      intensity
  2319          14.31          69.00         116.50      2.3637214
   96.62% of job   1 of   1 completed.

number           kout          theta            phi      intensity
  2320          14.31          69.00         119.50      1.8076568
   96.67% of job   1 of   1 completed.

number           kout          theta            phi      intensity
  2321          14.31          69.00         122.50      1.1053139
   96.71% of job   1 of   1 completed.

number           kout          theta            phi      intensity
  2322          14.31          69.00         125.50      1.0361413
   96.75% of job   1 of   1 completed.

number           kout          theta            phi      intensity
  2323          14.31          69.00         128.50      1.4958769
   96.79% of job   1 of   1 completed.

number           kout          theta            phi      intensity
  2324          14.31          69.00         131.50      2.6217823
   96.83% of job   1 of   1 completed.

number           kout          theta            phi      intensity
  2325          14.31          69.00         134.50      3.3689120
   96.88% of job   1 of   1 completed.

number           kout          theta            phi      intensity
  2326          14.31          69.00         137.50      3.0475309
   96.92% of job   1 of   1 completed.

number           kout          theta            phi      intensity
  2327          14.31          69.00         140.50      1.7906547
   96.96% of job   1 of   1 completed.

number           kout          theta            phi      intensity
  2328          14.31          69.00         143.50      1.0382671
   97.00% of job   1 of   1 completed.

number           kout          theta            phi      intensity
  2329          14.31          69.00         146.50      0.9040361
   97.04% of job   1 of   1 completed.

number           kout          theta            phi      intensity
  2330          14.31          69.00         149.50      1.3652512
   97.08% of job   1 of   1 completed.

number           kout          theta            phi      intensity
  2331          14.31          69.00         152.50      2.2293050
   97.12% of job   1 of   1 completed.

number           kout          theta            phi      intensity
  2332          14.31          69.00         155.50      3.0459661
   97.17% of job   1 of   1 completed.

number           kout          theta            phi      intensity
  2333          14.31          69.00         158.50      3.9842331
   97.21% of job   1 of   1 completed.

number           kout          theta            phi      intensity
  2334          14.31          69.00         161.50      4.5620332
   97.25% of job   1 of   1 completed.

number           kout          theta            phi      intensity
  2335          14.31          69.00         164.50      3.6812093
   97.29% of job   1 of   1 completed.

number           kout          theta            phi      intensity
  2336          14.31          69.00         167.50      2.2950716
   97.33% of job   1 of   1 completed.

number           kout          theta            phi      intensity
  2337          14.31          69.00         170.50      1.3507124
   97.38% of job   1 of   1 completed.

number           kout          theta            phi      intensity
  2338          14.31          69.00         173.50      0.9599110
   97.42% of job   1 of   1 completed.

number           kout          theta            phi      intensity
  2339          14.31          69.00         176.50      1.4837567
   97.46% of job   1 of   1 completed.

number           kout          theta            phi      intensity
  2340          14.31          69.00         179.50      2.2721121
   97.50% of job   1 of   1 completed.

number           kout          theta            phi      intensity
  2341          14.31          69.00         182.50      1.8533435
   97.54% of job   1 of   1 completed.

number           kout          theta            phi      intensity
  2342          14.31          69.00         185.50      1.0743663
   97.58% of job   1 of   1 completed.

number           kout          theta            phi      intensity
  2343          14.31          69.00         188.50      1.1166160
   97.62% of job   1 of   1 completed.

number           kout          theta            phi      intensity
  2344          14.31          69.00         191.50      1.8306098
   97.67% of job   1 of   1 completed.

number           kout          theta            phi      intensity
  2345          14.31          69.00         194.50      3.1547136
   97.71% of job   1 of   1 completed.

number           kout          theta            phi      intensity
  2346          14.31          69.00         197.50      4.2594142
   97.75% of job   1 of   1 completed.

number           kout          theta            phi      intensity
  2347          14.31          69.00         200.50      4.3489742
   97.79% of job   1 of   1 completed.

number           kout          theta            phi      intensity
  2348          14.31          69.00         203.50      3.5892868
   97.83% of job   1 of   1 completed.

number           kout          theta            phi      intensity
  2349          14.31          69.00         206.50      2.7740333
   97.88% of job   1 of   1 completed.

number           kout          theta            phi      intensity
  2350          14.31          69.00         209.50      1.7014152
   97.92% of job   1 of   1 completed.

number           kout          theta            phi      intensity
  2351          14.31          69.00         212.50      1.0392437
   97.96% of job   1 of   1 completed.

number           kout          theta            phi      intensity
  2352          14.31          69.00         215.50      0.9467345
   98.00% of job   1 of   1 completed.

number           kout          theta            phi      intensity
  2353          14.31          69.00         218.50      1.5178967
   98.04% of job   1 of   1 completed.

number           kout          theta            phi      intensity
  2354          14.31          69.00         221.50      2.6908627
   98.08% of job   1 of   1 completed.

number           kout          theta            phi      intensity
  2355          14.31          69.00         224.50      3.4125087
   98.12% of job   1 of   1 completed.

number           kout          theta            phi      intensity
  2356          14.31          69.00         227.50      2.9301660
   98.17% of job   1 of   1 completed.

number           kout          theta            phi      intensity
  2357          14.31          69.00         230.50      1.8773543
   98.21% of job   1 of   1 completed.

number           kout          theta            phi      intensity
  2358          14.31          69.00         233.50      1.1348376
   98.25% of job   1 of   1 completed.

number           kout          theta            phi      intensity
  2359          14.31          69.00         236.50      0.9986152
   98.29% of job   1 of   1 completed.

number           kout          theta            phi      intensity
  2360          14.31          69.00         239.50      1.5267218
   98.33% of job   1 of   1 completed.

number           kout          theta            phi      intensity
  2361          14.31          69.00         242.50      2.4792905
   98.38% of job   1 of   1 completed.

number           kout          theta            phi      intensity
  2362          14.31          69.00         245.50      2.9124260
   98.42% of job   1 of   1 completed.

number           kout          theta            phi      intensity
  2363          14.31          69.00         248.50      3.3564699
   98.46% of job   1 of   1 completed.

number           kout          theta            phi      intensity
  2364          14.31          69.00         251.50      3.7336075
   98.50% of job   1 of   1 completed.

number           kout          theta            phi      intensity
  2365          14.31          69.00         254.50      3.2810457
   98.54% of job   1 of   1 completed.

number           kout          theta            phi      intensity
  2366          14.31          69.00         257.50      2.2840822
   98.58% of job   1 of   1 completed.

number           kout          theta            phi      intensity
  2367          14.31          69.00         260.50      1.6978153
   98.62% of job   1 of   1 completed.

number           kout          theta            phi      intensity
  2368          14.31          69.00         263.50      1.3770536
   98.67% of job   1 of   1 completed.

number           kout          theta            phi      intensity
  2369          14.31          69.00         266.50      1.6374888
   98.71% of job   1 of   1 completed.

number           kout          theta            phi      intensity
  2370          14.31          69.00         269.50      2.0150788
   98.75% of job   1 of   1 completed.

number           kout          theta            phi      intensity
  2371          14.31          69.00         272.50      1.7616373
   98.79% of job   1 of   1 completed.

number           kout          theta            phi      intensity
  2372          14.31          69.00         275.50      1.3857847
   98.83% of job   1 of   1 completed.

number           kout          theta            phi      intensity
  2373          14.31          69.00         278.50      1.3627639
   98.88% of job   1 of   1 completed.

number           kout          theta            phi      intensity
  2374          14.31          69.00         281.50      1.9412532
   98.92% of job   1 of   1 completed.

number           kout          theta            phi      intensity
  2375          14.31          69.00         284.50      3.1557915
   98.96% of job   1 of   1 completed.

number           kout          theta            phi      intensity
  2376          14.31          69.00         287.50      4.1562738
   99.00% of job   1 of   1 completed.

number           kout          theta            phi      intensity
  2377          14.31          69.00         290.50      4.1937799
   99.04% of job   1 of   1 completed.

number           kout          theta            phi      intensity
  2378          14.31          69.00         293.50      3.6377182
   99.08% of job   1 of   1 completed.

number           kout          theta            phi      intensity
  2379          14.31          69.00         296.50      2.8425939
   99.12% of job   1 of   1 completed.

number           kout          theta            phi      intensity
  2380          14.31          69.00         299.50      1.9082161
   99.17% of job   1 of   1 completed.

number           kout          theta            phi      intensity
  2381          14.31          69.00         302.50      1.2924966
   99.21% of job   1 of   1 completed.

number           kout          theta            phi      intensity
  2382          14.31          69.00         305.50      1.2530144
   99.25% of job   1 of   1 completed.

number           kout          theta            phi      intensity
  2383          14.31          69.00         308.50      1.7634679
   99.29% of job   1 of   1 completed.

number           kout          theta            phi      intensity
  2384          14.31          69.00         311.50      2.3245256
   99.33% of job   1 of   1 completed.

number           kout          theta            phi      intensity
  2385          14.31          69.00         314.50      2.5376794
   99.38% of job   1 of   1 completed.

number           kout          theta            phi      intensity
  2386          14.31          69.00         317.50      2.2736981
   99.42% of job   1 of   1 completed.

number           kout          theta            phi      intensity
  2387          14.31          69.00         320.50      1.6927177
   99.46% of job   1 of   1 completed.

number           kout          theta            phi      intensity
  2388          14.31          69.00         323.50      1.2964047
   99.50% of job   1 of   1 completed.

number           kout          theta            phi      intensity
  2389          14.31          69.00         326.50      1.3120326
   99.54% of job   1 of   1 completed.

number           kout          theta            phi      intensity
  2390          14.31          69.00         329.50      1.7995571
   99.58% of job   1 of   1 completed.

number           kout          theta            phi      intensity
  2391          14.31          69.00         332.50      2.5056822
   99.62% of job   1 of   1 completed.

number           kout          theta            phi      intensity
  2392          14.31          69.00         335.50      2.9030278
   99.67% of job   1 of   1 completed.

number           kout          theta            phi      intensity
  2393          14.31          69.00         338.50      3.2321596
   99.71% of job   1 of   1 completed.

number           kout          theta            phi      intensity
  2394          14.31          69.00         341.50      3.3552837
   99.75% of job   1 of   1 completed.

number           kout          theta            phi      intensity
  2395          14.31          69.00         344.50      2.9368684
   99.79% of job   1 of   1 completed.

number           kout          theta            phi      intensity
  2396          14.31          69.00         347.50      2.2508743
   99.83% of job   1 of   1 completed.

number           kout          theta            phi      intensity
  2397          14.31          69.00         350.50      1.7177578
   99.88% of job   1 of   1 completed.

number           kout          theta            phi      intensity
  2398          14.31          69.00         353.50      1.4190817
   99.92% of job   1 of   1 completed.

number           kout          theta            phi      intensity
  2399          14.31          69.00         356.50      1.6972976
   99.96% of job   1 of   1 completed.

number           kout          theta            phi      intensity
  2400          14.31          69.00         359.50      2.1199975
  100.00% of job   1 of   1 completed.

job   1 of   1 completed, factors =    0.5476   0.8003

_____________________________________
 Job report

   1   1x2iron.in
       result saved in file pesaidaBI.out

_____________________________________
 Job report saved in file mscdout.txt
 Messages saved in file mscdlist.txt

Program terminated normally
