-----------------------------------------------------------------
Calculation of photoelectron diffraction and dichroism
MSCD Parallel  Version 1.37 Yufeng Chen and Michel A Van Hove
Lawrence Berkeley National Laboratory (LBNL), Berkeley, CA 94720
Copyright (c) Van Hove Group 1997-1998. All rights reserved
-----------------------------------------------------------------


_____________________________________
Job   1 of   1

       1      20       8       4   linitial lnum msorder raorder
     932       3       2      11   natoms emiters katoms nlayer
     223       0       0     779   scanmode nfit nfollow npoint

Analyzing, please wait ...
Reanalyzing, please wait ...
Reanalyzing, please wait ...

This job allocated 7207.5 megabytes memory in    1 processor


Multiple scattering calculation (msorder=8 raorder=4)

    0.00% of try   1, job   1 of   1 completed.

number           kout          theta            phi      intensity
     1          13.63          18.00         111.00      0.0063474
    0.13% of job   1 of   1 completed.

number           kout          theta            phi      intensity
     2          13.63          18.00         114.00      0.0064029
    0.26% of job   1 of   1 completed.

number           kout          theta            phi      intensity
     3          13.63          18.00         117.00      0.0064576
    0.39% of job   1 of   1 completed.

number           kout          theta            phi      intensity
     4          13.63          18.00         120.00      0.0064671
    0.51% of job   1 of   1 completed.

number           kout          theta            phi      intensity
     5          13.63          18.00         123.00      0.0064563
    0.64% of job   1 of   1 completed.

number           kout          theta            phi      intensity
     6          13.63          18.00         126.00      0.0064001
    0.77% of job   1 of   1 completed.

number           kout          theta            phi      intensity
     7          13.63          18.00         129.00      0.0063440
    0.90% of job   1 of   1 completed.

number           kout          theta            phi      intensity
     8          13.63          18.00         132.00      0.0062635
    1.03% of job   1 of   1 completed.

number           kout          theta            phi      intensity
     9          13.63          18.00         135.00      0.0061126
    1.16% of job   1 of   1 completed.

number           kout          theta            phi      intensity
    10          13.63          18.00         138.00      0.0059767
    1.28% of job   1 of   1 completed.

number           kout          theta            phi      intensity
    11          13.63          18.00         141.00      0.0058222
    1.41% of job   1 of   1 completed.

number           kout          theta            phi      intensity
    12          13.63          18.00         144.00      0.0055812
    1.54% of job   1 of   1 completed.

number           kout          theta            phi      intensity
    13          13.63          18.00         147.00      0.0053847
    1.67% of job   1 of   1 completed.

number           kout          theta            phi      intensity
    14          13.63          18.00         150.00      0.0053281
    1.80% of job   1 of   1 completed.

number           kout          theta            phi      intensity
    15          13.63          18.00         153.00      0.0052187
    1.93% of job   1 of   1 completed.

number           kout          theta            phi      intensity
    16          13.63          18.00         156.00      0.0052198
    2.05% of job   1 of   1 completed.

number           kout          theta            phi      intensity
    17          13.63          18.00         159.00      0.0053676
    2.18% of job   1 of   1 completed.

number           kout          theta            phi      intensity
    18          13.63          18.00         162.00      0.0054394
    2.31% of job   1 of   1 completed.

number           kout          theta            phi      intensity
    19          13.63          18.00         165.00      0.0055833
    2.44% of job   1 of   1 completed.

number           kout          theta            phi      intensity
    20          13.63          18.00         168.00      0.0058060
    2.57% of job   1 of   1 completed.

number           kout          theta            phi      intensity
    21          13.63          18.00         171.00      0.0059158
    2.70% of job   1 of   1 completed.

number           kout          theta            phi      intensity
    22          13.63          18.00         174.00      0.0059967
    2.82% of job   1 of   1 completed.

number           kout          theta            phi      intensity
    23          13.63          18.00         177.00      0.0060721
    2.95% of job   1 of   1 completed.

number           kout          theta            phi      intensity
    24          13.63          18.00         180.00      0.0060611
    3.08% of job   1 of   1 completed.

number           kout          theta            phi      intensity
    25          13.63          18.00         183.00      0.0060721
    3.21% of job   1 of   1 completed.

number           kout          theta            phi      intensity
    26          13.63          18.00         186.00      0.0059966
    3.34% of job   1 of   1 completed.

number           kout          theta            phi      intensity
    27          13.63          18.00         189.00      0.0059157
    3.47% of job   1 of   1 completed.

number           kout          theta            phi      intensity
    28          13.63          18.00         192.00      0.0058060
    3.59% of job   1 of   1 completed.

number           kout          theta            phi      intensity
    29          13.63          18.00         195.00      0.0055833
    3.72% of job   1 of   1 completed.

number           kout          theta            phi      intensity
    30          13.63          18.00         198.00      0.0054394
    3.85% of job   1 of   1 completed.

number           kout          theta            phi      intensity
    31          13.63          18.00         201.00      0.0053678
    3.98% of job   1 of   1 completed.

number           kout          theta            phi      intensity
    32          13.63          18.00         204.00      0.0052200
    4.11% of job   1 of   1 completed.

number           kout          theta            phi      intensity
    33          13.63          18.00         207.00      0.0052189
    4.24% of job   1 of   1 completed.

number           kout          theta            phi      intensity
    34          13.63          18.00         210.00      0.0053283
    4.36% of job   1 of   1 completed.

number           kout          theta            phi      intensity
    35          13.63          18.00         213.00      0.0053846
    4.49% of job   1 of   1 completed.

number           kout          theta            phi      intensity
    36          13.63          18.00         216.00      0.0055810
    4.62% of job   1 of   1 completed.

number           kout          theta            phi      intensity
    37          13.63          18.00         219.00      0.0058218
    4.75% of job   1 of   1 completed.

number           kout          theta            phi      intensity
    38          13.63          18.00         222.00      0.0059762
    4.88% of job   1 of   1 completed.

number           kout          theta            phi      intensity
    39          13.63          18.00         225.00      0.0061121
    5.01% of job   1 of   1 completed.

number           kout          theta            phi      intensity
    40          13.63          18.00         228.00      0.0062630
    5.13% of job   1 of   1 completed.

number           kout          theta            phi      intensity
    41          13.63          18.00         231.00      0.0063436
    5.26% of job   1 of   1 completed.

number           kout          theta            phi      intensity
    42          13.63          21.00         111.00      0.0063088
    5.39% of job   1 of   1 completed.

number           kout          theta            phi      intensity
    43          13.63          21.00         114.00      0.0062435
    5.52% of job   1 of   1 completed.

number           kout          theta            phi      intensity
    44          13.63          21.00         117.00      0.0061920
    5.65% of job   1 of   1 completed.

number           kout          theta            phi      intensity
    45          13.63          21.00         120.00      0.0061596
    5.78% of job   1 of   1 completed.

number           kout          theta            phi      intensity
    46          13.63          21.00         123.00      0.0061912
    5.91% of job   1 of   1 completed.

number           kout          theta            phi      intensity
    47          13.63          21.00         126.00      0.0062416
    6.03% of job   1 of   1 completed.

number           kout          theta            phi      intensity
    48          13.63          21.00         129.00      0.0063054
    6.16% of job   1 of   1 completed.

number           kout          theta            phi      intensity
    49          13.63          21.00         132.00      0.0063190
    6.29% of job   1 of   1 completed.

number           kout          theta            phi      intensity
    50          13.63          21.00         135.00      0.0062734
    6.42% of job   1 of   1 completed.

number           kout          theta            phi      intensity
    51          13.63          21.00         138.00      0.0061278
    6.55% of job   1 of   1 completed.

number           kout          theta            phi      intensity
    52          13.63          21.00         141.00      0.0059010
    6.68% of job   1 of   1 completed.

number           kout          theta            phi      intensity
    53          13.63          21.00         144.00      0.0056737
    6.80% of job   1 of   1 completed.

number           kout          theta            phi      intensity
    54          13.63          21.00         147.00      0.0055083
    6.93% of job   1 of   1 completed.

number           kout          theta            phi      intensity
    55          13.63          21.00         150.00      0.0054251
    7.06% of job   1 of   1 completed.

number           kout          theta            phi      intensity
    56          13.63          21.00         153.00      0.0054194
    7.19% of job   1 of   1 completed.

number           kout          theta            phi      intensity
    57          13.63          21.00         156.00      0.0054739
    7.32% of job   1 of   1 completed.

number           kout          theta            phi      intensity
    58          13.63          21.00         159.00      0.0055896
    7.45% of job   1 of   1 completed.

number           kout          theta            phi      intensity
    59          13.63          21.00         162.00      0.0057649
    7.57% of job   1 of   1 completed.

number           kout          theta            phi      intensity
    60          13.63          21.00         165.00      0.0059025
    7.70% of job   1 of   1 completed.

number           kout          theta            phi      intensity
    61          13.63          21.00         168.00      0.0059511
    7.83% of job   1 of   1 completed.

number           kout          theta            phi      intensity
    62          13.63          21.00         171.00      0.0060723
    7.96% of job   1 of   1 completed.

number           kout          theta            phi      intensity
    63          13.63          21.00         174.00      0.0061417
    8.09% of job   1 of   1 completed.

number           kout          theta            phi      intensity
    64          13.63          21.00         177.00      0.0062045
    8.22% of job   1 of   1 completed.

number           kout          theta            phi      intensity
    65          13.63          21.00         180.00      0.0062168
    8.34% of job   1 of   1 completed.

number           kout          theta            phi      intensity
    66          13.63          21.00         183.00      0.0062044
    8.47% of job   1 of   1 completed.

number           kout          theta            phi      intensity
    67          13.63          21.00         186.00      0.0061416
    8.60% of job   1 of   1 completed.

number           kout          theta            phi      intensity
    68          13.63          21.00         189.00      0.0060722
    8.73% of job   1 of   1 completed.

number           kout          theta            phi      intensity
    69          13.63          21.00         192.00      0.0059511
    8.86% of job   1 of   1 completed.

number           kout          theta            phi      intensity
    70          13.63          21.00         195.00      0.0059027
    8.99% of job   1 of   1 completed.

number           kout          theta            phi      intensity
    71          13.63          21.00         198.00      0.0057654
    9.11% of job   1 of   1 completed.

number           kout          theta            phi      intensity
    72          13.63          21.00         201.00      0.0055898
    9.24% of job   1 of   1 completed.

number           kout          theta            phi      intensity
    73          13.63          21.00         204.00      0.0054734
    9.37% of job   1 of   1 completed.

number           kout          theta            phi      intensity
    74          13.63          21.00         207.00      0.0054189
    9.50% of job   1 of   1 completed.

number           kout          theta            phi      intensity
    75          13.63          21.00         210.00      0.0054245
    9.63% of job   1 of   1 completed.

number           kout          theta            phi      intensity
    76          13.63          21.00         213.00      0.0055079
    9.76% of job   1 of   1 completed.

number           kout          theta            phi      intensity
    77          13.63          21.00         216.00      0.0056735
    9.88% of job   1 of   1 completed.

number           kout          theta            phi      intensity
    78          13.63          21.00         219.00      0.0059010
   10.01% of job   1 of   1 completed.

number           kout          theta            phi      intensity
    79          13.63          21.00         222.00      0.0061281
   10.14% of job   1 of   1 completed.

number           kout          theta            phi      intensity
    80          13.63          21.00         225.00      0.0062738
   10.27% of job   1 of   1 completed.

number           kout          theta            phi      intensity
    81          13.63          21.00         228.00      0.0063195
   10.40% of job   1 of   1 completed.

number           kout          theta            phi      intensity
    82          13.63          21.00         231.00      0.0063058
   10.53% of job   1 of   1 completed.

number           kout          theta            phi      intensity
    83          13.63          24.00         111.00      0.0071230
   10.65% of job   1 of   1 completed.

number           kout          theta            phi      intensity
    84          13.63          24.00         114.00      0.0069351
   10.78% of job   1 of   1 completed.

number           kout          theta            phi      intensity
    85          13.63          24.00         117.00      0.0067330
   10.91% of job   1 of   1 completed.

number           kout          theta            phi      intensity
    86          13.63          24.00         120.00      0.0066623
   11.04% of job   1 of   1 completed.

number           kout          theta            phi      intensity
    87          13.63          24.00         123.00      0.0067338
   11.17% of job   1 of   1 completed.

number           kout          theta            phi      intensity
    88          13.63          24.00         126.00      0.0069334
   11.30% of job   1 of   1 completed.

number           kout          theta            phi      intensity
    89          13.63          24.00         129.00      0.0071195
   11.42% of job   1 of   1 completed.

number           kout          theta            phi      intensity
    90          13.63          24.00         132.00      0.0071549
   11.55% of job   1 of   1 completed.

number           kout          theta            phi      intensity
    91          13.63          24.00         135.00      0.0071015
   11.68% of job   1 of   1 completed.

number           kout          theta            phi      intensity
    92          13.63          24.00         138.00      0.0068616
   11.81% of job   1 of   1 completed.

number           kout          theta            phi      intensity
    93          13.63          24.00         141.00      0.0064770
   11.94% of job   1 of   1 completed.

number           kout          theta            phi      intensity
    94          13.63          24.00         144.00      0.0060858
   12.07% of job   1 of   1 completed.

number           kout          theta            phi      intensity
    95          13.63          24.00         147.00      0.0057733
   12.20% of job   1 of   1 completed.

number           kout          theta            phi      intensity
    96          13.63          24.00         150.00      0.0055840
   12.32% of job   1 of   1 completed.

number           kout          theta            phi      intensity
    97          13.63          24.00         153.00      0.0055965
   12.45% of job   1 of   1 completed.

number           kout          theta            phi      intensity
    98          13.63          24.00         156.00      0.0056403
   12.58% of job   1 of   1 completed.

number           kout          theta            phi      intensity
    99          13.63          24.00         159.00      0.0058156
   12.71% of job   1 of   1 completed.

number           kout          theta            phi      intensity
   100          13.63          24.00         162.00      0.0060323
   12.84% of job   1 of   1 completed.

number           kout          theta            phi      intensity
   101          13.63          24.00         165.00      0.0062749
   12.97% of job   1 of   1 completed.

number           kout          theta            phi      intensity
   102          13.63          24.00         168.00      0.0063714
   13.09% of job   1 of   1 completed.

number           kout          theta            phi      intensity
   103          13.63          24.00         171.00      0.0064464
   13.22% of job   1 of   1 completed.

number           kout          theta            phi      intensity
   104          13.63          24.00         174.00      0.0064121
   13.35% of job   1 of   1 completed.

number           kout          theta            phi      intensity
   105          13.63          24.00         177.00      0.0063454
   13.48% of job   1 of   1 completed.

number           kout          theta            phi      intensity
   106          13.63          24.00         180.00      0.0063092
   13.61% of job   1 of   1 completed.

number           kout          theta            phi      intensity
   107          13.63          24.00         183.00      0.0063452
   13.74% of job   1 of   1 completed.

number           kout          theta            phi      intensity
   108          13.63          24.00         186.00      0.0064119
   13.86% of job   1 of   1 completed.

number           kout          theta            phi      intensity
   109          13.63          24.00         189.00      0.0064464
   13.99% of job   1 of   1 completed.

number           kout          theta            phi      intensity
   110          13.63          24.00         192.00      0.0063718
   14.12% of job   1 of   1 completed.

number           kout          theta            phi      intensity
   111          13.63          24.00         195.00      0.0062752
   14.25% of job   1 of   1 completed.

number           kout          theta            phi      intensity
   112          13.63          24.00         198.00      0.0060321
   14.38% of job   1 of   1 completed.

number           kout          theta            phi      intensity
   113          13.63          24.00         201.00      0.0058152
   14.51% of job   1 of   1 completed.

number           kout          theta            phi      intensity
   114          13.63          24.00         204.00      0.0056398
   14.63% of job   1 of   1 completed.

number           kout          theta            phi      intensity
   115          13.63          24.00         207.00      0.0055961
   14.76% of job   1 of   1 completed.

number           kout          theta            phi      intensity
   116          13.63          24.00         210.00      0.0055844
   14.89% of job   1 of   1 completed.

number           kout          theta            phi      intensity
   117          13.63          24.00         213.00      0.0057737
   15.02% of job   1 of   1 completed.

number           kout          theta            phi      intensity
   118          13.63          24.00         216.00      0.0060866
   15.15% of job   1 of   1 completed.

number           kout          theta            phi      intensity
   119          13.63          24.00         219.00      0.0064777
   15.28% of job   1 of   1 completed.

number           kout          theta            phi      intensity
   120          13.63          24.00         222.00      0.0068618
   15.40% of job   1 of   1 completed.

number           kout          theta            phi      intensity
   121          13.63          24.00         225.00      0.0071015
   15.53% of job   1 of   1 completed.

number           kout          theta            phi      intensity
   122          13.63          24.00         228.00      0.0071550
   15.66% of job   1 of   1 completed.

number           kout          theta            phi      intensity
   123          13.63          24.00         231.00      0.0071198
   15.79% of job   1 of   1 completed.

number           kout          theta            phi      intensity
   124          13.63          27.00         111.00      0.0078276
   15.92% of job   1 of   1 completed.

number           kout          theta            phi      intensity
   125          13.63          27.00         114.00      0.0076267
   16.05% of job   1 of   1 completed.

number           kout          theta            phi      intensity
   126          13.63          27.00         117.00      0.0074631
   16.17% of job   1 of   1 completed.

number           kout          theta            phi      intensity
   127          13.63          27.00         120.00      0.0074189
   16.30% of job   1 of   1 completed.

number           kout          theta            phi      intensity
   128          13.63          27.00         123.00      0.0074629
   16.43% of job   1 of   1 completed.

number           kout          theta            phi      intensity
   129          13.63          27.00         126.00      0.0076268
   16.56% of job   1 of   1 completed.

number           kout          theta            phi      intensity
   130          13.63          27.00         129.00      0.0078257
   16.69% of job   1 of   1 completed.

number           kout          theta            phi      intensity
   131          13.63          27.00         132.00      0.0079251
   16.82% of job   1 of   1 completed.

number           kout          theta            phi      intensity
   132          13.63          27.00         135.00      0.0080247
   16.94% of job   1 of   1 completed.

number           kout          theta            phi      intensity
   133          13.63          27.00         138.00      0.0078554
   17.07% of job   1 of   1 completed.

number           kout          theta            phi      intensity
   134          13.63          27.00         141.00      0.0074618
   17.20% of job   1 of   1 completed.

number           kout          theta            phi      intensity
   135          13.63          27.00         144.00      0.0068536
   17.33% of job   1 of   1 completed.

number           kout          theta            phi      intensity
   136          13.63          27.00         147.00      0.0062078
   17.46% of job   1 of   1 completed.

number           kout          theta            phi      intensity
   137          13.63          27.00         150.00      0.0057747
   17.59% of job   1 of   1 completed.

number           kout          theta            phi      intensity
   138          13.63          27.00         153.00      0.0057221
   17.72% of job   1 of   1 completed.

number           kout          theta            phi      intensity
   139          13.63          27.00         156.00      0.0058921
   17.84% of job   1 of   1 completed.

number           kout          theta            phi      intensity
   140          13.63          27.00         159.00      0.0062372
   17.97% of job   1 of   1 completed.

number           kout          theta            phi      intensity
   141          13.63          27.00         162.00      0.0066076
   18.10% of job   1 of   1 completed.

number           kout          theta            phi      intensity
   142          13.63          27.00         165.00      0.0069073
   18.23% of job   1 of   1 completed.

number           kout          theta            phi      intensity
   143          13.63          27.00         168.00      0.0071205
   18.36% of job   1 of   1 completed.

number           kout          theta            phi      intensity
   144          13.63          27.00         171.00      0.0073203
   18.49% of job   1 of   1 completed.

number           kout          theta            phi      intensity
   145          13.63          27.00         174.00      0.0074549
   18.61% of job   1 of   1 completed.

number           kout          theta            phi      intensity
   146          13.63          27.00         177.00      0.0075967
   18.74% of job   1 of   1 completed.

number           kout          theta            phi      intensity
   147          13.63          27.00         180.00      0.0076231
   18.87% of job   1 of   1 completed.

number           kout          theta            phi      intensity
   148          13.63          27.00         183.00      0.0075964
   19.00% of job   1 of   1 completed.

number           kout          theta            phi      intensity
   149          13.63          27.00         186.00      0.0074548
   19.13% of job   1 of   1 completed.

number           kout          theta            phi      intensity
   150          13.63          27.00         189.00      0.0073223
   19.26% of job   1 of   1 completed.

number           kout          theta            phi      intensity
   151          13.63          27.00         192.00      0.0071208
   19.38% of job   1 of   1 completed.

number           kout          theta            phi      intensity
   152          13.63          27.00         195.00      0.0069073
   19.51% of job   1 of   1 completed.

number           kout          theta            phi      intensity
   153          13.63          27.00         198.00      0.0066072
   19.64% of job   1 of   1 completed.

number           kout          theta            phi      intensity
   154          13.63          27.00         201.00      0.0062368
   19.77% of job   1 of   1 completed.

number           kout          theta            phi      intensity
   155          13.63          27.00         204.00      0.0058919
   19.90% of job   1 of   1 completed.

number           kout          theta            phi      intensity
   156          13.63          27.00         207.00      0.0057222
   20.03% of job   1 of   1 completed.

number           kout          theta            phi      intensity
   157          13.63          27.00         210.00      0.0057752
   20.15% of job   1 of   1 completed.

number           kout          theta            phi      intensity
   158          13.63          27.00         213.00      0.0062083
   20.28% of job   1 of   1 completed.

number           kout          theta            phi      intensity
   159          13.63          27.00         216.00      0.0068540
   20.41% of job   1 of   1 completed.

number           kout          theta            phi      intensity
   160          13.63          27.00         219.00      0.0074620
   20.54% of job   1 of   1 completed.

number           kout          theta            phi      intensity
   161          13.63          27.00         222.00      0.0078554
   20.67% of job   1 of   1 completed.

number           kout          theta            phi      intensity
   162          13.63          27.00         225.00      0.0080246
   20.80% of job   1 of   1 completed.

number           kout          theta            phi      intensity
   163          13.63          27.00         228.00      0.0079252
   20.92% of job   1 of   1 completed.

number           kout          theta            phi      intensity
   164          13.63          27.00         231.00      0.0078260
   21.05% of job   1 of   1 completed.

number           kout          theta            phi      intensity
   165          13.63          30.00         111.00      0.0081767
   21.18% of job   1 of   1 completed.

number           kout          theta            phi      intensity
   166          13.63          30.00         114.00      0.0076937
   21.31% of job   1 of   1 completed.

number           kout          theta            phi      intensity
   167          13.63          30.00         117.00      0.0074282
   21.44% of job   1 of   1 completed.

number           kout          theta            phi      intensity
   168          13.63          30.00         120.00      0.0073521
   21.57% of job   1 of   1 completed.

number           kout          theta            phi      intensity
   169          13.63          30.00         123.00      0.0074277
   21.69% of job   1 of   1 completed.

number           kout          theta            phi      intensity
   170          13.63          30.00         126.00      0.0077303
   21.82% of job   1 of   1 completed.

number           kout          theta            phi      intensity
   171          13.63          30.00         129.00      0.0081746
   21.95% of job   1 of   1 completed.

number           kout          theta            phi      intensity
   172          13.63          30.00         132.00      0.0085098
   22.08% of job   1 of   1 completed.

number           kout          theta            phi      intensity
   173          13.63          30.00         135.00      0.0087510
   22.21% of job   1 of   1 completed.

number           kout          theta            phi      intensity
   174          13.63          30.00         138.00      0.0086976
   22.34% of job   1 of   1 completed.

number           kout          theta            phi      intensity
   175          13.63          30.00         141.00      0.0082377
   22.46% of job   1 of   1 completed.

number           kout          theta            phi      intensity
   176          13.63          30.00         144.00      0.0074296
   22.59% of job   1 of   1 completed.

number           kout          theta            phi      intensity
   177          13.63          30.00         147.00      0.0065589
   22.72% of job   1 of   1 completed.

number           kout          theta            phi      intensity
   178          13.63          30.00         150.00      0.0061349
   22.85% of job   1 of   1 completed.

number           kout          theta            phi      intensity
   179          13.63          30.00         153.00      0.0059635
   22.98% of job   1 of   1 completed.

number           kout          theta            phi      intensity
   180          13.63          30.00         156.00      0.0064789
   23.11% of job   1 of   1 completed.

number           kout          theta            phi      intensity
   181          13.63          30.00         159.00      0.0071062
   23.23% of job   1 of   1 completed.

number           kout          theta            phi      intensity
   182          13.63          30.00         162.00      0.0077035
   23.36% of job   1 of   1 completed.

number           kout          theta            phi      intensity
   183          13.63          30.00         165.00      0.0079704
   23.49% of job   1 of   1 completed.

number           kout          theta            phi      intensity
   184          13.63          30.00         168.00      0.0081051
   23.62% of job   1 of   1 completed.

number           kout          theta            phi      intensity
   185          13.63          30.00         171.00      0.0081818
   23.75% of job   1 of   1 completed.

number           kout          theta            phi      intensity
   186          13.63          30.00         174.00      0.0084000
   23.88% of job   1 of   1 completed.

number           kout          theta            phi      intensity
   187          13.63          30.00         177.00      0.0085673
   24.01% of job   1 of   1 completed.

number           kout          theta            phi      intensity
   188          13.63          30.00         180.00      0.0087012
   24.13% of job   1 of   1 completed.

number           kout          theta            phi      intensity
   189          13.63          30.00         183.00      0.0085671
   24.26% of job   1 of   1 completed.

number           kout          theta            phi      intensity
   190          13.63          30.00         186.00      0.0083999
   24.39% of job   1 of   1 completed.

number           kout          theta            phi      intensity
   191          13.63          30.00         189.00      0.0081820
   24.52% of job   1 of   1 completed.

number           kout          theta            phi      intensity
   192          13.63          30.00         192.00      0.0081055
   24.65% of job   1 of   1 completed.

number           kout          theta            phi      intensity
   193          13.63          30.00         195.00      0.0079704
   24.78% of job   1 of   1 completed.

number           kout          theta            phi      intensity
   194          13.63          30.00         198.00      0.0077030
   24.90% of job   1 of   1 completed.

number           kout          theta            phi      intensity
   195          13.63          30.00         201.00      0.0071055
   25.03% of job   1 of   1 completed.

number           kout          theta            phi      intensity
   196          13.63          30.00         204.00      0.0064790
   25.16% of job   1 of   1 completed.

number           kout          theta            phi      intensity
   197          13.63          30.00         207.00      0.0059643
   25.29% of job   1 of   1 completed.

number           kout          theta            phi      intensity
   198          13.63          30.00         210.00      0.0061357
   25.42% of job   1 of   1 completed.

number           kout          theta            phi      intensity
   199          13.63          30.00         213.00      0.0065593
   25.55% of job   1 of   1 completed.

number           kout          theta            phi      intensity
   200          13.63          30.00         216.00      0.0074294
   25.67% of job   1 of   1 completed.

number           kout          theta            phi      intensity
   201          13.63          30.00         219.00      0.0082373
   25.80% of job   1 of   1 completed.

number           kout          theta            phi      intensity
   202          13.63          30.00         222.00      0.0086973
   25.93% of job   1 of   1 completed.

number           kout          theta            phi      intensity
   203          13.63          30.00         225.00      0.0087512
   26.06% of job   1 of   1 completed.

number           kout          theta            phi      intensity
   204          13.63          30.00         228.00      0.0085105
   26.19% of job   1 of   1 completed.

number           kout          theta            phi      intensity
   205          13.63          30.00         231.00      0.0081756
   26.32% of job   1 of   1 completed.

number           kout          theta            phi      intensity
   206          13.63          33.00         111.00      0.0080076
   26.44% of job   1 of   1 completed.

number           kout          theta            phi      intensity
   207          13.63          33.00         114.00      0.0076004
   26.57% of job   1 of   1 completed.

number           kout          theta            phi      intensity
   208          13.63          33.00         117.00      0.0071925
   26.70% of job   1 of   1 completed.

number           kout          theta            phi      intensity
   209          13.63          33.00         120.00      0.0069466
   26.83% of job   1 of   1 completed.

number           kout          theta            phi      intensity
   210          13.63          33.00         123.00      0.0071924
   26.96% of job   1 of   1 completed.

number           kout          theta            phi      intensity
   211          13.63          33.00         126.00      0.0076387
   27.09% of job   1 of   1 completed.

number           kout          theta            phi      intensity
   212          13.63          33.00         129.00      0.0080107
   27.21% of job   1 of   1 completed.

number           kout          theta            phi      intensity
   213          13.63          33.00         132.00      0.0083612
   27.34% of job   1 of   1 completed.

number           kout          theta            phi      intensity
   214          13.63          33.00         135.00      0.0083168
   27.47% of job   1 of   1 completed.

number           kout          theta            phi      intensity
   215          13.63          33.00         138.00      0.0081112
   27.60% of job   1 of   1 completed.

number           kout          theta            phi      intensity
   216          13.63          33.00         141.00      0.0075062
   27.73% of job   1 of   1 completed.

number           kout          theta            phi      intensity
   217          13.63          33.00         144.00      0.0067809
   27.86% of job   1 of   1 completed.

number           kout          theta            phi      intensity
   218          13.63          33.00         147.00      0.0062725
   27.98% of job   1 of   1 completed.

number           kout          theta            phi      intensity
   219          13.63          33.00         150.00      0.0058621
   28.11% of job   1 of   1 completed.

number           kout          theta            phi      intensity
   220          13.63          33.00         153.00      0.0058078
   28.24% of job   1 of   1 completed.

number           kout          theta            phi      intensity
   221          13.63          33.00         156.00      0.0061629
   28.37% of job   1 of   1 completed.

number           kout          theta            phi      intensity
   222          13.63          33.00         159.00      0.0069364
   28.50% of job   1 of   1 completed.

number           kout          theta            phi      intensity
   223          13.63          33.00         162.00      0.0076162
   28.63% of job   1 of   1 completed.

number           kout          theta            phi      intensity
   224          13.63          33.00         165.00      0.0079442
   28.75% of job   1 of   1 completed.

number           kout          theta            phi      intensity
   225          13.63          33.00         168.00      0.0081822
   28.88% of job   1 of   1 completed.

number           kout          theta            phi      intensity
   226          13.63          33.00         171.00      0.0082586
   29.01% of job   1 of   1 completed.

number           kout          theta            phi      intensity
   227          13.63          33.00         174.00      0.0084816
   29.14% of job   1 of   1 completed.

number           kout          theta            phi      intensity
   228          13.63          33.00         177.00      0.0087333
   29.27% of job   1 of   1 completed.

number           kout          theta            phi      intensity
   229          13.63          33.00         180.00      0.0088339
   29.40% of job   1 of   1 completed.

number           kout          theta            phi      intensity
   230          13.63          33.00         183.00      0.0087332
   29.53% of job   1 of   1 completed.

number           kout          theta            phi      intensity
   231          13.63          33.00         186.00      0.0084814
   29.65% of job   1 of   1 completed.

number           kout          theta            phi      intensity
   232          13.63          33.00         189.00      0.0082588
   29.78% of job   1 of   1 completed.

number           kout          theta            phi      intensity
   233          13.63          33.00         192.00      0.0081827
   29.91% of job   1 of   1 completed.

number           kout          theta            phi      intensity
   234          13.63          33.00         195.00      0.0079441
   30.04% of job   1 of   1 completed.

number           kout          theta            phi      intensity
   235          13.63          33.00         198.00      0.0076152
   30.17% of job   1 of   1 completed.

number           kout          theta            phi      intensity
   236          13.63          33.00         201.00      0.0069360
   30.30% of job   1 of   1 completed.

number           kout          theta            phi      intensity
   237          13.63          33.00         204.00      0.0061640
   30.42% of job   1 of   1 completed.

number           kout          theta            phi      intensity
   238          13.63          33.00         207.00      0.0058089
   30.55% of job   1 of   1 completed.

number           kout          theta            phi      intensity
   239          13.63          33.00         210.00      0.0058623
   30.68% of job   1 of   1 completed.

number           kout          theta            phi      intensity
   240          13.63          33.00         213.00      0.0062719
   30.81% of job   1 of   1 completed.

number           kout          theta            phi      intensity
   241          13.63          33.00         216.00      0.0067801
   30.94% of job   1 of   1 completed.

number           kout          theta            phi      intensity
   242          13.63          33.00         219.00      0.0075059
   31.07% of job   1 of   1 completed.

number           kout          theta            phi      intensity
   243          13.63          33.00         222.00      0.0081118
   31.19% of job   1 of   1 completed.

number           kout          theta            phi      intensity
   244          13.63          33.00         225.00      0.0083179
   31.32% of job   1 of   1 completed.

number           kout          theta            phi      intensity
   245          13.63          33.00         228.00      0.0083618
   31.45% of job   1 of   1 completed.

number           kout          theta            phi      intensity
   246          13.63          33.00         231.00      0.0080103
   31.58% of job   1 of   1 completed.

number           kout          theta            phi      intensity
   247          13.63          36.00         111.00      0.0076336
   31.71% of job   1 of   1 completed.

number           kout          theta            phi      intensity
   248          13.63          36.00         114.00      0.0072863
   31.84% of job   1 of   1 completed.

number           kout          theta            phi      intensity
   249          13.63          36.00         117.00      0.0067560
   31.96% of job   1 of   1 completed.

number           kout          theta            phi      intensity
   250          13.63          36.00         120.00      0.0064937
   32.09% of job   1 of   1 completed.

number           kout          theta            phi      intensity
   251          13.63          36.00         123.00      0.0067589
   32.22% of job   1 of   1 completed.

number           kout          theta            phi      intensity
   252          13.63          36.00         126.00      0.0072901
   32.35% of job   1 of   1 completed.

number           kout          theta            phi      intensity
   253          13.63          36.00         129.00      0.0076369
   32.48% of job   1 of   1 completed.

number           kout          theta            phi      intensity
   254          13.63          36.00         132.00      0.0074639
   32.61% of job   1 of   1 completed.

number           kout          theta            phi      intensity
   255          13.63          36.00         135.00      0.0072326
   32.73% of job   1 of   1 completed.

number           kout          theta            phi      intensity
   256          13.63          36.00         138.00      0.0068125
   32.86% of job   1 of   1 completed.

number           kout          theta            phi      intensity
   257          13.63          36.00         141.00      0.0064481
   32.99% of job   1 of   1 completed.

number           kout          theta            phi      intensity
   258          13.63          36.00         144.00      0.0060845
   33.12% of job   1 of   1 completed.

number           kout          theta            phi      intensity
   259          13.63          36.00         147.00      0.0057505
   33.25% of job   1 of   1 completed.

number           kout          theta            phi      intensity
   260          13.63          36.00         150.00      0.0056915
   33.38% of job   1 of   1 completed.

number           kout          theta            phi      intensity
   261          13.63          36.00         153.00      0.0054389
   33.50% of job   1 of   1 completed.

number           kout          theta            phi      intensity
   262          13.63          36.00         156.00      0.0055900
   33.63% of job   1 of   1 completed.

number           kout          theta            phi      intensity
   263          13.63          36.00         159.00      0.0060275
   33.76% of job   1 of   1 completed.

number           kout          theta            phi      intensity
   264          13.63          36.00         162.00      0.0065632
   33.89% of job   1 of   1 completed.

number           kout          theta            phi      intensity
   265          13.63          36.00         165.00      0.0071809
   34.02% of job   1 of   1 completed.

number           kout          theta            phi      intensity
   266          13.63          36.00         168.00      0.0074430
   34.15% of job   1 of   1 completed.

number           kout          theta            phi      intensity
   267          13.63          36.00         171.00      0.0077651
   34.27% of job   1 of   1 completed.

number           kout          theta            phi      intensity
   268          13.63          36.00         174.00      0.0078235
   34.40% of job   1 of   1 completed.

number           kout          theta            phi      intensity
   269          13.63          36.00         177.00      0.0078485
   34.53% of job   1 of   1 completed.

number           kout          theta            phi      intensity
   270          13.63          36.00         180.00      0.0077650
   34.66% of job   1 of   1 completed.

number           kout          theta            phi      intensity
   271          13.63          36.00         183.00      0.0078486
   34.79% of job   1 of   1 completed.

number           kout          theta            phi      intensity
   272          13.63          36.00         186.00      0.0078233
   34.92% of job   1 of   1 completed.

number           kout          theta            phi      intensity
   273          13.63          36.00         189.00      0.0077653
   35.04% of job   1 of   1 completed.

number           kout          theta            phi      intensity
   274          13.63          36.00         192.00      0.0074434
   35.17% of job   1 of   1 completed.

number           kout          theta            phi      intensity
   275          13.63          36.00         195.00      0.0071807
   35.30% of job   1 of   1 completed.

number           kout          theta            phi      intensity
   276          13.63          36.00         198.00      0.0065625
   35.43% of job   1 of   1 completed.

number           kout          theta            phi      intensity
   277          13.63          36.00         201.00      0.0060275
   35.56% of job   1 of   1 completed.

number           kout          theta            phi      intensity
   278          13.63          36.00         204.00      0.0055908
   35.69% of job   1 of   1 completed.

number           kout          theta            phi      intensity
   279          13.63          36.00         207.00      0.0054393
   35.82% of job   1 of   1 completed.

number           kout          theta            phi      intensity
   280          13.63          36.00         210.00      0.0056913
   35.94% of job   1 of   1 completed.

number           kout          theta            phi      intensity
   281          13.63          36.00         213.00      0.0057502
   36.07% of job   1 of   1 completed.

number           kout          theta            phi      intensity
   282          13.63          36.00         216.00      0.0060845
   36.20% of job   1 of   1 completed.

number           kout          theta            phi      intensity
   283          13.63          36.00         219.00      0.0064488
   36.33% of job   1 of   1 completed.

number           kout          theta            phi      intensity
   284          13.63          36.00         222.00      0.0068130
   36.46% of job   1 of   1 completed.

number           kout          theta            phi      intensity
   285          13.63          36.00         225.00      0.0072321
   36.59% of job   1 of   1 completed.

number           kout          theta            phi      intensity
   286          13.63          36.00         228.00      0.0074622
   36.71% of job   1 of   1 completed.

number           kout          theta            phi      intensity
   287          13.63          36.00         231.00      0.0076345
   36.84% of job   1 of   1 completed.

number           kout          theta            phi      intensity
   288          13.63          39.00         111.00      0.0069311
   36.97% of job   1 of   1 completed.

number           kout          theta            phi      intensity
   289          13.63          39.00         114.00      0.0074494
   37.10% of job   1 of   1 completed.

number           kout          theta            phi      intensity
   290          13.63          39.00         117.00      0.0077589
   37.23% of job   1 of   1 completed.

number           kout          theta            phi      intensity
   291          13.63          39.00         120.00      0.0079517
   37.36% of job   1 of   1 completed.

number           kout          theta            phi      intensity
   292          13.63          39.00         123.00      0.0077620
   37.48% of job   1 of   1 completed.

number           kout          theta            phi      intensity
   293          13.63          39.00         126.00      0.0074533
   37.61% of job   1 of   1 completed.

number           kout          theta            phi      intensity
   294          13.63          39.00         129.00      0.0069349
   37.74% of job   1 of   1 completed.

number           kout          theta            phi      intensity
   295          13.63          39.00         132.00      0.0062690
   37.87% of job   1 of   1 completed.

number           kout          theta            phi      intensity
   296          13.63          39.00         135.00      0.0057364
   38.00% of job   1 of   1 completed.

number           kout          theta            phi      intensity
   297          13.63          39.00         138.00      0.0057021
   38.13% of job   1 of   1 completed.

number           kout          theta            phi      intensity
   298          13.63          39.00         141.00      0.0057989
   38.25% of job   1 of   1 completed.

number           kout          theta            phi      intensity
   299          13.63          39.00         144.00      0.0060204
   38.38% of job   1 of   1 completed.

number           kout          theta            phi      intensity
   300          13.63          39.00         147.00      0.0061149
   38.51% of job   1 of   1 completed.

number           kout          theta            phi      intensity
   301          13.63          39.00         150.00      0.0058108
   38.64% of job   1 of   1 completed.

number           kout          theta            phi      intensity
   302          13.63          39.00         153.00      0.0054993
   38.77% of job   1 of   1 completed.

number           kout          theta            phi      intensity
   303          13.63          39.00         156.00      0.0052543
   38.90% of job   1 of   1 completed.

number           kout          theta            phi      intensity
   304          13.63          39.00         159.00      0.0052102
   39.02% of job   1 of   1 completed.

number           kout          theta            phi      intensity
   305          13.63          39.00         162.00      0.0055908
   39.15% of job   1 of   1 completed.

number           kout          theta            phi      intensity
   306          13.63          39.00         165.00      0.0060903
   39.28% of job   1 of   1 completed.

number           kout          theta            phi      intensity
   307          13.63          39.00         168.00      0.0066328
   39.41% of job   1 of   1 completed.

number           kout          theta            phi      intensity
   308          13.63          39.00         171.00      0.0071446
   39.54% of job   1 of   1 completed.

number           kout          theta            phi      intensity
   309          13.63          39.00         174.00      0.0077040
   39.67% of job   1 of   1 completed.

number           kout          theta            phi      intensity
   310          13.63          39.00         177.00      0.0080862
   39.79% of job   1 of   1 completed.

number           kout          theta            phi      intensity
   311          13.63          39.00         180.00      0.0082141
   39.92% of job   1 of   1 completed.

number           kout          theta            phi      intensity
   312          13.63          39.00         183.00      0.0080862
   40.05% of job   1 of   1 completed.

number           kout          theta            phi      intensity
   313          13.63          39.00         186.00      0.0077038
   40.18% of job   1 of   1 completed.

number           kout          theta            phi      intensity
   314          13.63          39.00         189.00      0.0071446
   40.31% of job   1 of   1 completed.

number           kout          theta            phi      intensity
   315          13.63          39.00         192.00      0.0066328
   40.44% of job   1 of   1 completed.

number           kout          theta            phi      intensity
   316          13.63          39.00         195.00      0.0060903
   40.56% of job   1 of   1 completed.

number           kout          theta            phi      intensity
   317          13.63          39.00         198.00      0.0055907
   40.69% of job   1 of   1 completed.

number           kout          theta            phi      intensity
   318          13.63          39.00         201.00      0.0052102
   40.82% of job   1 of   1 completed.

number           kout          theta            phi      intensity
   319          13.63          39.00         204.00      0.0052546
   40.95% of job   1 of   1 completed.

number           kout          theta            phi      intensity
   320          13.63          39.00         207.00      0.0054996
   41.08% of job   1 of   1 completed.

number           kout          theta            phi      intensity
   321          13.63          39.00         210.00      0.0058109
   41.21% of job   1 of   1 completed.

number           kout          theta            phi      intensity
   322          13.63          39.00         213.00      0.0061143
   41.34% of job   1 of   1 completed.

number           kout          theta            phi      intensity
   323          13.63          39.00         216.00      0.0060201
   41.46% of job   1 of   1 completed.

number           kout          theta            phi      intensity
   324          13.63          39.00         219.00      0.0057989
   41.59% of job   1 of   1 completed.

number           kout          theta            phi      intensity
   325          13.63          39.00         222.00      0.0057016
   41.72% of job   1 of   1 completed.

number           kout          theta            phi      intensity
   326          13.63          39.00         225.00      0.0057355
   41.85% of job   1 of   1 completed.

number           kout          theta            phi      intensity
   327          13.63          39.00         228.00      0.0062673
   41.98% of job   1 of   1 completed.

number           kout          theta            phi      intensity
   328          13.63          39.00         231.00      0.0069320
   42.11% of job   1 of   1 completed.

number           kout          theta            phi      intensity
   329          13.63          42.00         111.00      0.0059309
   42.23% of job   1 of   1 completed.

number           kout          theta            phi      intensity
   330          13.63          42.00         114.00      0.0072262
   42.36% of job   1 of   1 completed.

number           kout          theta            phi      intensity
   331          13.63          42.00         117.00      0.0080742
   42.49% of job   1 of   1 completed.

number           kout          theta            phi      intensity
   332          13.63          42.00         120.00      0.0083767
   42.62% of job   1 of   1 completed.

number           kout          theta            phi      intensity
   333          13.63          42.00         123.00      0.0080750
   42.75% of job   1 of   1 completed.

number           kout          theta            phi      intensity
   334          13.63          42.00         126.00      0.0072256
   42.88% of job   1 of   1 completed.

number           kout          theta            phi      intensity
   335          13.63          42.00         129.00      0.0059292
   43.00% of job   1 of   1 completed.

number           kout          theta            phi      intensity
   336          13.63          42.00         132.00      0.0049606
   43.13% of job   1 of   1 completed.

number           kout          theta            phi      intensity
   337          13.63          42.00         135.00      0.0045462
   43.26% of job   1 of   1 completed.

number           kout          theta            phi      intensity
   338          13.63          42.00         138.00      0.0047921
   43.39% of job   1 of   1 completed.

number           kout          theta            phi      intensity
   339          13.63          42.00         141.00      0.0054213
   43.52% of job   1 of   1 completed.

number           kout          theta            phi      intensity
   340          13.63          42.00         144.00      0.0061531
   43.65% of job   1 of   1 completed.

number           kout          theta            phi      intensity
   341          13.63          42.00         147.00      0.0065623
   43.77% of job   1 of   1 completed.

number           kout          theta            phi      intensity
   342          13.63          42.00         150.00      0.0065718
   43.90% of job   1 of   1 completed.

number           kout          theta            phi      intensity
   343          13.63          42.00         153.00      0.0060749
   44.03% of job   1 of   1 completed.

number           kout          theta            phi      intensity
   344          13.63          42.00         156.00      0.0053344
   44.16% of job   1 of   1 completed.

number           kout          theta            phi      intensity
   345          13.63          42.00         159.00      0.0048036
   44.29% of job   1 of   1 completed.

number           kout          theta            phi      intensity
   346          13.63          42.00         162.00      0.0045530
   44.42% of job   1 of   1 completed.

number           kout          theta            phi      intensity
   347          13.63          42.00         165.00      0.0047424
   44.54% of job   1 of   1 completed.

number           kout          theta            phi      intensity
   348          13.63          42.00         168.00      0.0052504
   44.67% of job   1 of   1 completed.

number           kout          theta            phi      intensity
   349          13.63          42.00         171.00      0.0061372
   44.80% of job   1 of   1 completed.

number           kout          theta            phi      intensity
   350          13.63          42.00         174.00      0.0073591
   44.93% of job   1 of   1 completed.

number           kout          theta            phi      intensity
   351          13.63          42.00         177.00      0.0081924
   45.06% of job   1 of   1 completed.

number           kout          theta            phi      intensity
   352          13.63          42.00         180.00      0.0085240
   45.19% of job   1 of   1 completed.

number           kout          theta            phi      intensity
   353          13.63          42.00         183.00      0.0081925
   45.31% of job   1 of   1 completed.

number           kout          theta            phi      intensity
   354          13.63          42.00         186.00      0.0073591
   45.44% of job   1 of   1 completed.

number           kout          theta            phi      intensity
   355          13.63          42.00         189.00      0.0061372
   45.57% of job   1 of   1 completed.

number           kout          theta            phi      intensity
   356          13.63          42.00         192.00      0.0052504
   45.70% of job   1 of   1 completed.

number           kout          theta            phi      intensity
   357          13.63          42.00         195.00      0.0047424
   45.83% of job   1 of   1 completed.

number           kout          theta            phi      intensity
   358          13.63          42.00         198.00      0.0045528
   45.96% of job   1 of   1 completed.

number           kout          theta            phi      intensity
   359          13.63          42.00         201.00      0.0048031
   46.08% of job   1 of   1 completed.

number           kout          theta            phi      intensity
   360          13.63          42.00         204.00      0.0053347
   46.21% of job   1 of   1 completed.

number           kout          theta            phi      intensity
   361          13.63          42.00         207.00      0.0060760
   46.34% of job   1 of   1 completed.

number           kout          theta            phi      intensity
   362          13.63          42.00         210.00      0.0065715
   46.47% of job   1 of   1 completed.

number           kout          theta            phi      intensity
   363          13.63          42.00         213.00      0.0065610
   46.60% of job   1 of   1 completed.

number           kout          theta            phi      intensity
   364          13.63          42.00         216.00      0.0061530
   46.73% of job   1 of   1 completed.

number           kout          theta            phi      intensity
   365          13.63          42.00         219.00      0.0054218
   46.85% of job   1 of   1 completed.

number           kout          theta            phi      intensity
   366          13.63          42.00         222.00      0.0047923
   46.98% of job   1 of   1 completed.

number           kout          theta            phi      intensity
   367          13.63          42.00         225.00      0.0045460
   47.11% of job   1 of   1 completed.

number           kout          theta            phi      intensity
   368          13.63          42.00         228.00      0.0049600
   47.24% of job   1 of   1 completed.

number           kout          theta            phi      intensity
   369          13.63          42.00         231.00      0.0059276
   47.37% of job   1 of   1 completed.

number           kout          theta            phi      intensity
   370          13.63          45.00         111.00      0.0052523
   47.50% of job   1 of   1 completed.

number           kout          theta            phi      intensity
   371          13.63          45.00         114.00      0.0064541
   47.63% of job   1 of   1 completed.

number           kout          theta            phi      intensity
   372          13.63          45.00         117.00      0.0074945
   47.75% of job   1 of   1 completed.

number           kout          theta            phi      intensity
   373          13.63          45.00         120.00      0.0078059
   47.88% of job   1 of   1 completed.

number           kout          theta            phi      intensity
   374          13.63          45.00         123.00      0.0074938
   48.01% of job   1 of   1 completed.

number           kout          theta            phi      intensity
   375          13.63          45.00         126.00      0.0064517
   48.14% of job   1 of   1 completed.

number           kout          theta            phi      intensity
   376          13.63          45.00         129.00      0.0052452
   48.27% of job   1 of   1 completed.

number           kout          theta            phi      intensity
   377          13.63          45.00         132.00      0.0045725
   48.40% of job   1 of   1 completed.

number           kout          theta            phi      intensity
   378          13.63          45.00         135.00      0.0044025
   48.52% of job   1 of   1 completed.

number           kout          theta            phi      intensity
   379          13.63          45.00         138.00      0.0048135
   48.65% of job   1 of   1 completed.

number           kout          theta            phi      intensity
   380          13.63          45.00         141.00      0.0054467
   48.78% of job   1 of   1 completed.

number           kout          theta            phi      intensity
   381          13.63          45.00         144.00      0.0061464
   48.91% of job   1 of   1 completed.

number           kout          theta            phi      intensity
   382          13.63          45.00         147.00      0.0068094
   49.04% of job   1 of   1 completed.

number           kout          theta            phi      intensity
   383          13.63          45.00         150.00      0.0071449
   49.17% of job   1 of   1 completed.

number           kout          theta            phi      intensity
   384          13.63          45.00         153.00      0.0064612
   49.29% of job   1 of   1 completed.

number           kout          theta            phi      intensity
   385          13.63          45.00         156.00      0.0055202
   49.42% of job   1 of   1 completed.

number           kout          theta            phi      intensity
   386          13.63          45.00         159.00      0.0048161
   49.55% of job   1 of   1 completed.

number           kout          theta            phi      intensity
   387          13.63          45.00         162.00      0.0042754
   49.68% of job   1 of   1 completed.

number           kout          theta            phi      intensity
   388          13.63          45.00         165.00      0.0039087
   49.81% of job   1 of   1 completed.

number           kout          theta            phi      intensity
   389          13.63          45.00         168.00      0.0042140
   49.94% of job   1 of   1 completed.

number           kout          theta            phi      intensity
   390          13.63          45.00         171.00      0.0050948
   50.06% of job   1 of   1 completed.

number           kout          theta            phi      intensity
   391          13.63          45.00         174.00      0.0063657
   50.19% of job   1 of   1 completed.

number           kout          theta            phi      intensity
   392          13.63          45.00         177.00      0.0073652
   50.32% of job   1 of   1 completed.

number           kout          theta            phi      intensity
   393          13.63          45.00         180.00      0.0077356
   50.45% of job   1 of   1 completed.

number           kout          theta            phi      intensity
   394          13.63          45.00         183.00      0.0073651
   50.58% of job   1 of   1 completed.

number           kout          theta            phi      intensity
   395          13.63          45.00         186.00      0.0063660
   50.71% of job   1 of   1 completed.

number           kout          theta            phi      intensity
   396          13.63          45.00         189.00      0.0050946
   50.83% of job   1 of   1 completed.

number           kout          theta            phi      intensity
   397          13.63          45.00         192.00      0.0042142
   50.96% of job   1 of   1 completed.

number           kout          theta            phi      intensity
   398          13.63          45.00         195.00      0.0039088
   51.09% of job   1 of   1 completed.

number           kout          theta            phi      intensity
   399          13.63          45.00         198.00      0.0042751
   51.22% of job   1 of   1 completed.

number           kout          theta            phi      intensity
   400          13.63          45.00         201.00      0.0048154
   51.35% of job   1 of   1 completed.

number           kout          theta            phi      intensity
   401          13.63          45.00         204.00      0.0055204
   51.48% of job   1 of   1 completed.

number           kout          theta            phi      intensity
   402          13.63          45.00         207.00      0.0064623
   51.60% of job   1 of   1 completed.

number           kout          theta            phi      intensity
   403          13.63          45.00         210.00      0.0071444
   51.73% of job   1 of   1 completed.

number           kout          theta            phi      intensity
   404          13.63          45.00         213.00      0.0068083
   51.86% of job   1 of   1 completed.

number           kout          theta            phi      intensity
   405          13.63          45.00         216.00      0.0061465
   51.99% of job   1 of   1 completed.

number           kout          theta            phi      intensity
   406          13.63          45.00         219.00      0.0054470
   52.12% of job   1 of   1 completed.

number           kout          theta            phi      intensity
   407          13.63          45.00         222.00      0.0048135
   52.25% of job   1 of   1 completed.

number           kout          theta            phi      intensity
   408          13.63          45.00         225.00      0.0044029
   52.37% of job   1 of   1 completed.

number           kout          theta            phi      intensity
   409          13.63          45.00         228.00      0.0045733
   52.50% of job   1 of   1 completed.

number           kout          theta            phi      intensity
   410          13.63          45.00         231.00      0.0052456
   52.63% of job   1 of   1 completed.

number           kout          theta            phi      intensity
   411          13.63          48.00         111.00      0.0060126
   52.76% of job   1 of   1 completed.

number           kout          theta            phi      intensity
   412          13.63          48.00         114.00      0.0069892
   52.89% of job   1 of   1 completed.

number           kout          theta            phi      intensity
   413          13.63          48.00         117.00      0.0078881
   53.02% of job   1 of   1 completed.

number           kout          theta            phi      intensity
   414          13.63          48.00         120.00      0.0079886
   53.15% of job   1 of   1 completed.

number           kout          theta            phi      intensity
   415          13.63          48.00         123.00      0.0078832
   53.27% of job   1 of   1 completed.

number           kout          theta            phi      intensity
   416          13.63          48.00         126.00      0.0069785
   53.40% of job   1 of   1 completed.

number           kout          theta            phi      intensity
   417          13.63          48.00         129.00      0.0060043
   53.53% of job   1 of   1 completed.

number           kout          theta            phi      intensity
   418          13.63          48.00         132.00      0.0054238
   53.66% of job   1 of   1 completed.

number           kout          theta            phi      intensity
   419          13.63          48.00         135.00      0.0051143
   53.79% of job   1 of   1 completed.

number           kout          theta            phi      intensity
   420          13.63          48.00         138.00      0.0052196
   53.92% of job   1 of   1 completed.

number           kout          theta            phi      intensity
   421          13.63          48.00         141.00      0.0057449
   54.04% of job   1 of   1 completed.

number           kout          theta            phi      intensity
   422          13.63          48.00         144.00      0.0061514
   54.17% of job   1 of   1 completed.

number           kout          theta            phi      intensity
   423          13.63          48.00         147.00      0.0061753
   54.30% of job   1 of   1 completed.

number           kout          theta            phi      intensity
   424          13.63          48.00         150.00      0.0061384
   54.43% of job   1 of   1 completed.

number           kout          theta            phi      intensity
   425          13.63          48.00         153.00      0.0059801
   54.56% of job   1 of   1 completed.

number           kout          theta            phi      intensity
   426          13.63          48.00         156.00      0.0056843
   54.69% of job   1 of   1 completed.

number           kout          theta            phi      intensity
   427          13.63          48.00         159.00      0.0052546
   54.81% of job   1 of   1 completed.

number           kout          theta            phi      intensity
   428          13.63          48.00         162.00      0.0046647
   54.94% of job   1 of   1 completed.

number           kout          theta            phi      intensity
   429          13.63          48.00         165.00      0.0043655
   55.07% of job   1 of   1 completed.

number           kout          theta            phi      intensity
   430          13.63          48.00         168.00      0.0048656
   55.20% of job   1 of   1 completed.

number           kout          theta            phi      intensity
   431          13.63          48.00         171.00      0.0058545
   55.33% of job   1 of   1 completed.

number           kout          theta            phi      intensity
   432          13.63          48.00         174.00      0.0069846
   55.46% of job   1 of   1 completed.

number           kout          theta            phi      intensity
   433          13.63          48.00         177.00      0.0074021
   55.58% of job   1 of   1 completed.

number           kout          theta            phi      intensity
   434          13.63          48.00         180.00      0.0072111
   55.71% of job   1 of   1 completed.

number           kout          theta            phi      intensity
   435          13.63          48.00         183.00      0.0074021
   55.84% of job   1 of   1 completed.

number           kout          theta            phi      intensity
   436          13.63          48.00         186.00      0.0069843
   55.97% of job   1 of   1 completed.

number           kout          theta            phi      intensity
   437          13.63          48.00         189.00      0.0058542
   56.10% of job   1 of   1 completed.

number           kout          theta            phi      intensity
   438          13.63          48.00         192.00      0.0048661
   56.23% of job   1 of   1 completed.

number           kout          theta            phi      intensity
   439          13.63          48.00         195.00      0.0043660
   56.35% of job   1 of   1 completed.

number           kout          theta            phi      intensity
   440          13.63          48.00         198.00      0.0046646
   56.48% of job   1 of   1 completed.

number           kout          theta            phi      intensity
   441          13.63          48.00         201.00      0.0052540
   56.61% of job   1 of   1 completed.

number           kout          theta            phi      intensity
   442          13.63          48.00         204.00      0.0056845
   56.74% of job   1 of   1 completed.

number           kout          theta            phi      intensity
   443          13.63          48.00         207.00      0.0059815
   56.87% of job   1 of   1 completed.

number           kout          theta            phi      intensity
   444          13.63          48.00         210.00      0.0061387
   57.00% of job   1 of   1 completed.

number           kout          theta            phi      intensity
   445          13.63          48.00         213.00      0.0061744
   57.12% of job   1 of   1 completed.

number           kout          theta            phi      intensity
   446          13.63          48.00         216.00      0.0061511
   57.25% of job   1 of   1 completed.

number           kout          theta            phi      intensity
   447          13.63          48.00         219.00      0.0057449
   57.38% of job   1 of   1 completed.

number           kout          theta            phi      intensity
   448          13.63          48.00         222.00      0.0052201
   57.51% of job   1 of   1 completed.

number           kout          theta            phi      intensity
   449          13.63          48.00         225.00      0.0051145
   57.64% of job   1 of   1 completed.

number           kout          theta            phi      intensity
   450          13.63          48.00         228.00      0.0054226
   57.77% of job   1 of   1 completed.

number           kout          theta            phi      intensity
   451          13.63          48.00         231.00      0.0060027
   57.89% of job   1 of   1 completed.

number           kout          theta            phi      intensity
   452          13.63          51.00         111.00      0.0059081
   58.02% of job   1 of   1 completed.

number           kout          theta            phi      intensity
   453          13.63          51.00         114.00      0.0067834
   58.15% of job   1 of   1 completed.

number           kout          theta            phi      intensity
   454          13.63          51.00         117.00      0.0073447
   58.28% of job   1 of   1 completed.

number           kout          theta            phi      intensity
   455          13.63          51.00         120.00      0.0074023
   58.41% of job   1 of   1 completed.

number           kout          theta            phi      intensity
   456          13.63          51.00         123.00      0.0073415
   58.54% of job   1 of   1 completed.

number           kout          theta            phi      intensity
   457          13.63          51.00         126.00      0.0067667
   58.66% of job   1 of   1 completed.

number           kout          theta            phi      intensity
   458          13.63          51.00         129.00      0.0059221
   58.79% of job   1 of   1 completed.

number           kout          theta            phi      intensity
   459          13.63          51.00         132.00      0.0054196
   58.92% of job   1 of   1 completed.

number           kout          theta            phi      intensity
   460          13.63          51.00         135.00      0.0051345
   59.05% of job   1 of   1 completed.

number           kout          theta            phi      intensity
   461          13.63          51.00         138.00      0.0052061
   59.18% of job   1 of   1 completed.

number           kout          theta            phi      intensity
   462          13.63          51.00         141.00      0.0057679
   59.31% of job   1 of   1 completed.

number           kout          theta            phi      intensity
   463          13.63          51.00         144.00      0.0065942
   59.44% of job   1 of   1 completed.

number           kout          theta            phi      intensity
   464          13.63          51.00         147.00      0.0072750
   59.56% of job   1 of   1 completed.

number           kout          theta            phi      intensity
   465          13.63          51.00         150.00      0.0077166
   59.69% of job   1 of   1 completed.

number           kout          theta            phi      intensity
   466          13.63          51.00         153.00      0.0070260
   59.82% of job   1 of   1 completed.

number           kout          theta            phi      intensity
   467          13.63          51.00         156.00      0.0062299
   59.95% of job   1 of   1 completed.

number           kout          theta            phi      intensity
   468          13.63          51.00         159.00      0.0056550
   60.08% of job   1 of   1 completed.

number           kout          theta            phi      intensity
   469          13.63          51.00         162.00      0.0051497
   60.21% of job   1 of   1 completed.

number           kout          theta            phi      intensity
   470          13.63          51.00         165.00      0.0048720
   60.33% of job   1 of   1 completed.

number           kout          theta            phi      intensity
   471          13.63          51.00         168.00      0.0050839
   60.46% of job   1 of   1 completed.

number           kout          theta            phi      intensity
   472          13.63          51.00         171.00      0.0058526
   60.59% of job   1 of   1 completed.

number           kout          theta            phi      intensity
   473          13.63          51.00         174.00      0.0067108
   60.72% of job   1 of   1 completed.

number           kout          theta            phi      intensity
   474          13.63          51.00         177.00      0.0068949
   60.85% of job   1 of   1 completed.

number           kout          theta            phi      intensity
   475          13.63          51.00         180.00      0.0066893
   60.98% of job   1 of   1 completed.

number           kout          theta            phi      intensity
   476          13.63          51.00         183.00      0.0068946
   61.10% of job   1 of   1 completed.

number           kout          theta            phi      intensity
   477          13.63          51.00         186.00      0.0067116
   61.23% of job   1 of   1 completed.

number           kout          theta            phi      intensity
   478          13.63          51.00         189.00      0.0058522
   61.36% of job   1 of   1 completed.

number           kout          theta            phi      intensity
   479          13.63          51.00         192.00      0.0050834
   61.49% of job   1 of   1 completed.

number           kout          theta            phi      intensity
   480          13.63          51.00         195.00      0.0048722
   61.62% of job   1 of   1 completed.

number           kout          theta            phi      intensity
   481          13.63          51.00         198.00      0.0051500
   61.75% of job   1 of   1 completed.

number           kout          theta            phi      intensity
   482          13.63          51.00         201.00      0.0056547
   61.87% of job   1 of   1 completed.

number           kout          theta            phi      intensity
   483          13.63          51.00         204.00      0.0062293
   62.00% of job   1 of   1 completed.

number           kout          theta            phi      intensity
   484          13.63          51.00         207.00      0.0070265
   62.13% of job   1 of   1 completed.

number           kout          theta            phi      intensity
   485          13.63          51.00         210.00      0.0077173
   62.26% of job   1 of   1 completed.

number           kout          theta            phi      intensity
   486          13.63          51.00         213.00      0.0072745
   62.39% of job   1 of   1 completed.

number           kout          theta            phi      intensity
   487          13.63          51.00         216.00      0.0065934
   62.52% of job   1 of   1 completed.

number           kout          theta            phi      intensity
   488          13.63          51.00         219.00      0.0057674
   62.64% of job   1 of   1 completed.

number           kout          theta            phi      intensity
   489          13.63          51.00         222.00      0.0052057
   62.77% of job   1 of   1 completed.

number           kout          theta            phi      intensity
   490          13.63          51.00         225.00      0.0051341
   62.90% of job   1 of   1 completed.

number           kout          theta            phi      intensity
   491          13.63          51.00         228.00      0.0054184
   63.03% of job   1 of   1 completed.

number           kout          theta            phi      intensity
   492          13.63          51.00         231.00      0.0059204
   63.16% of job   1 of   1 completed.

number           kout          theta            phi      intensity
   493          13.63          54.00         111.00      0.0056264
   63.29% of job   1 of   1 completed.

number           kout          theta            phi      intensity
   494          13.63          54.00         114.00      0.0062389
   63.41% of job   1 of   1 completed.

number           kout          theta            phi      intensity
   495          13.63          54.00         117.00      0.0070824
   63.54% of job   1 of   1 completed.

number           kout          theta            phi      intensity
   496          13.63          54.00         120.00      0.0073706
   63.67% of job   1 of   1 completed.

number           kout          theta            phi      intensity
   497          13.63          54.00         123.00      0.0070756
   63.80% of job   1 of   1 completed.

number           kout          theta            phi      intensity
   498          13.63          54.00         126.00      0.0062231
   63.93% of job   1 of   1 completed.

number           kout          theta            phi      intensity
   499          13.63          54.00         129.00      0.0056210
   64.06% of job   1 of   1 completed.

number           kout          theta            phi      intensity
   500          13.63          54.00         132.00      0.0052970
   64.18% of job   1 of   1 completed.

number           kout          theta            phi      intensity
   501          13.63          54.00         135.00      0.0050991
   64.31% of job   1 of   1 completed.

number           kout          theta            phi      intensity
   502          13.63          54.00         138.00      0.0049249
   64.44% of job   1 of   1 completed.

number           kout          theta            phi      intensity
   503          13.63          54.00         141.00      0.0048835
   64.57% of job   1 of   1 completed.

number           kout          theta            phi      intensity
   504          13.63          54.00         144.00      0.0056924
   64.70% of job   1 of   1 completed.

number           kout          theta            phi      intensity
   505          13.63          54.00         147.00      0.0066680
   64.83% of job   1 of   1 completed.

number           kout          theta            phi      intensity
   506          13.63          54.00         150.00      0.0070064
   64.96% of job   1 of   1 completed.

number           kout          theta            phi      intensity
   507          13.63          54.00         153.00      0.0065057
   65.08% of job   1 of   1 completed.

number           kout          theta            phi      intensity
   508          13.63          54.00         156.00      0.0057775
   65.21% of job   1 of   1 completed.

number           kout          theta            phi      intensity
   509          13.63          54.00         159.00      0.0053796
   65.34% of job   1 of   1 completed.

number           kout          theta            phi      intensity
   510          13.63          54.00         162.00      0.0056251
   65.47% of job   1 of   1 completed.

number           kout          theta            phi      intensity
   511          13.63          54.00         165.00      0.0056834
   65.60% of job   1 of   1 completed.

number           kout          theta            phi      intensity
   512          13.63          54.00         168.00      0.0054621
   65.73% of job   1 of   1 completed.

number           kout          theta            phi      intensity
   513          13.63          54.00         171.00      0.0053681
   65.85% of job   1 of   1 completed.

number           kout          theta            phi      intensity
   514          13.63          54.00         174.00      0.0054020
   65.98% of job   1 of   1 completed.

number           kout          theta            phi      intensity
   515          13.63          54.00         177.00      0.0063292
   66.11% of job   1 of   1 completed.

number           kout          theta            phi      intensity
   516          13.63          54.00         180.00      0.0071004
   66.24% of job   1 of   1 completed.

number           kout          theta            phi      intensity
   517          13.63          54.00         183.00      0.0063293
   66.37% of job   1 of   1 completed.

number           kout          theta            phi      intensity
   518          13.63          54.00         186.00      0.0054018
   66.50% of job   1 of   1 completed.

number           kout          theta            phi      intensity
   519          13.63          54.00         189.00      0.0053681
   66.62% of job   1 of   1 completed.

number           kout          theta            phi      intensity
   520          13.63          54.00         192.00      0.0054624
   66.75% of job   1 of   1 completed.

number           kout          theta            phi      intensity
   521          13.63          54.00         195.00      0.0056833
   66.88% of job   1 of   1 completed.

number           kout          theta            phi      intensity
   522          13.63          54.00         198.00      0.0056249
   67.01% of job   1 of   1 completed.

number           kout          theta            phi      intensity
   523          13.63          54.00         201.00      0.0053797
   67.14% of job   1 of   1 completed.

number           kout          theta            phi      intensity
   524          13.63          54.00         204.00      0.0057772
   67.27% of job   1 of   1 completed.

number           kout          theta            phi      intensity
   525          13.63          54.00         207.00      0.0065063
   67.39% of job   1 of   1 completed.

number           kout          theta            phi      intensity
   526          13.63          54.00         210.00      0.0070078
   67.52% of job   1 of   1 completed.

number           kout          theta            phi      intensity
   527          13.63          54.00         213.00      0.0066688
   67.65% of job   1 of   1 completed.

number           kout          theta            phi      intensity
   528          13.63          54.00         216.00      0.0056926
   67.78% of job   1 of   1 completed.

number           kout          theta            phi      intensity
   529          13.63          54.00         219.00      0.0048824
   67.91% of job   1 of   1 completed.

number           kout          theta            phi      intensity
   530          13.63          54.00         222.00      0.0049232
   68.04% of job   1 of   1 completed.

number           kout          theta            phi      intensity
   531          13.63          54.00         225.00      0.0050982
   68.16% of job   1 of   1 completed.

number           kout          theta            phi      intensity
   532          13.63          54.00         228.00      0.0052964
   68.29% of job   1 of   1 completed.

number           kout          theta            phi      intensity
   533          13.63          54.00         231.00      0.0056208
   68.42% of job   1 of   1 completed.

number           kout          theta            phi      intensity
   534          13.63          57.00         111.00      0.0063118
   68.55% of job   1 of   1 completed.

number           kout          theta            phi      intensity
   535          13.63          57.00         114.00      0.0058777
   68.68% of job   1 of   1 completed.

number           kout          theta            phi      intensity
   536          13.63          57.00         117.00      0.0058323
   68.81% of job   1 of   1 completed.

number           kout          theta            phi      intensity
   537          13.63          57.00         120.00      0.0060552
   68.93% of job   1 of   1 completed.

number           kout          theta            phi      intensity
   538          13.63          57.00         123.00      0.0058284
   69.06% of job   1 of   1 completed.

number           kout          theta            phi      intensity
   539          13.63          57.00         126.00      0.0058735
   69.19% of job   1 of   1 completed.

number           kout          theta            phi      intensity
   540          13.63          57.00         129.00      0.0063142
   69.32% of job   1 of   1 completed.

number           kout          theta            phi      intensity
   541          13.63          57.00         132.00      0.0066192
   69.45% of job   1 of   1 completed.

number           kout          theta            phi      intensity
   542          13.63          57.00         135.00      0.0057935
   69.58% of job   1 of   1 completed.

number           kout          theta            phi      intensity
   543          13.63          57.00         138.00      0.0050517
   69.70% of job   1 of   1 completed.

number           kout          theta            phi      intensity
   544          13.63          57.00         141.00      0.0048672
   69.83% of job   1 of   1 completed.

number           kout          theta            phi      intensity
   545          13.63          57.00         144.00      0.0048726
   69.96% of job   1 of   1 completed.

number           kout          theta            phi      intensity
   546          13.63          57.00         147.00      0.0058773
   70.09% of job   1 of   1 completed.

number           kout          theta            phi      intensity
   547          13.63          57.00         150.00      0.0062423
   70.22% of job   1 of   1 completed.

number           kout          theta            phi      intensity
   548          13.63          57.00         153.00      0.0059071
   70.35% of job   1 of   1 completed.

number           kout          theta            phi      intensity
   549          13.63          57.00         156.00      0.0051224
   70.47% of job   1 of   1 completed.

number           kout          theta            phi      intensity
   550          13.63          57.00         159.00      0.0052685
   70.60% of job   1 of   1 completed.

number           kout          theta            phi      intensity
   551          13.63          57.00         162.00      0.0057698
   70.73% of job   1 of   1 completed.

number           kout          theta            phi      intensity
   552          13.63          57.00         165.00      0.0062186
   70.86% of job   1 of   1 completed.

number           kout          theta            phi      intensity
   553          13.63          57.00         168.00      0.0067318
   70.99% of job   1 of   1 completed.

number           kout          theta            phi      intensity
   554          13.63          57.00         171.00      0.0062993
   71.12% of job   1 of   1 completed.

number           kout          theta            phi      intensity
   555          13.63          57.00         174.00      0.0054185
   71.25% of job   1 of   1 completed.

number           kout          theta            phi      intensity
   556          13.63          57.00         177.00      0.0048300
   71.37% of job   1 of   1 completed.

number           kout          theta            phi      intensity
   557          13.63          57.00         180.00      0.0051804
   71.50% of job   1 of   1 completed.

number           kout          theta            phi      intensity
   558          13.63          57.00         183.00      0.0048296
   71.63% of job   1 of   1 completed.

number           kout          theta            phi      intensity
   559          13.63          57.00         186.00      0.0054187
   71.76% of job   1 of   1 completed.

number           kout          theta            phi      intensity
   560          13.63          57.00         189.00      0.0062993
   71.89% of job   1 of   1 completed.

number           kout          theta            phi      intensity
   561          13.63          57.00         192.00      0.0067318
   72.02% of job   1 of   1 completed.

number           kout          theta            phi      intensity
   562          13.63          57.00         195.00      0.0062186
   72.14% of job   1 of   1 completed.

number           kout          theta            phi      intensity
   563          13.63          57.00         198.00      0.0057700
   72.27% of job   1 of   1 completed.

number           kout          theta            phi      intensity
   564          13.63          57.00         201.00      0.0052683
   72.40% of job   1 of   1 completed.

number           kout          theta            phi      intensity
   565          13.63          57.00         204.00      0.0051231
   72.53% of job   1 of   1 completed.

number           kout          theta            phi      intensity
   566          13.63          57.00         207.00      0.0059075
   72.66% of job   1 of   1 completed.

number           kout          theta            phi      intensity
   567          13.63          57.00         210.00      0.0062420
   72.79% of job   1 of   1 completed.

number           kout          theta            phi      intensity
   568          13.63          57.00         213.00      0.0058778
   72.91% of job   1 of   1 completed.

number           kout          theta            phi      intensity
   569          13.63          57.00         216.00      0.0048736
   73.04% of job   1 of   1 completed.

number           kout          theta            phi      intensity
   570          13.63          57.00         219.00      0.0048654
   73.17% of job   1 of   1 completed.

number           kout          theta            phi      intensity
   571          13.63          57.00         222.00      0.0050492
   73.30% of job   1 of   1 completed.

number           kout          theta            phi      intensity
   572          13.63          57.00         225.00      0.0057922
   73.43% of job   1 of   1 completed.

number           kout          theta            phi      intensity
   573          13.63          57.00         228.00      0.0066177
   73.56% of job   1 of   1 completed.

number           kout          theta            phi      intensity
   574          13.63          57.00         231.00      0.0063133
   73.68% of job   1 of   1 completed.

number           kout          theta            phi      intensity
   575          13.63          60.00         111.00      0.0059152
   73.81% of job   1 of   1 completed.

number           kout          theta            phi      intensity
   576          13.63          60.00         114.00      0.0055839
   73.94% of job   1 of   1 completed.

number           kout          theta            phi      intensity
   577          13.63          60.00         117.00      0.0044928
   74.07% of job   1 of   1 completed.

number           kout          theta            phi      intensity
   578          13.63          60.00         120.00      0.0043919
   74.20% of job   1 of   1 completed.

number           kout          theta            phi      intensity
   579          13.63          60.00         123.00      0.0044964
   74.33% of job   1 of   1 completed.

number           kout          theta            phi      intensity
   580          13.63          60.00         126.00      0.0055846
   74.45% of job   1 of   1 completed.

number           kout          theta            phi      intensity
   581          13.63          60.00         129.00      0.0059301
   74.58% of job   1 of   1 completed.

number           kout          theta            phi      intensity
   582          13.63          60.00         132.00      0.0053377
   74.71% of job   1 of   1 completed.

number           kout          theta            phi      intensity
   583          13.63          60.00         135.00      0.0059200
   74.84% of job   1 of   1 completed.

number           kout          theta            phi      intensity
   584          13.63          60.00         138.00      0.0060913
   74.97% of job   1 of   1 completed.

number           kout          theta            phi      intensity
   585          13.63          60.00         141.00      0.0053668
   75.10% of job   1 of   1 completed.

number           kout          theta            phi      intensity
   586          13.63          60.00         144.00      0.0047578
   75.22% of job   1 of   1 completed.

number           kout          theta            phi      intensity
   587          13.63          60.00         147.00      0.0052155
   75.35% of job   1 of   1 completed.

number           kout          theta            phi      intensity
   588          13.63          60.00         150.00      0.0059202
   75.48% of job   1 of   1 completed.

number           kout          theta            phi      intensity
   589          13.63          60.00         153.00      0.0055690
   75.61% of job   1 of   1 completed.

number           kout          theta            phi      intensity
   590          13.63          60.00         156.00      0.0054477
   75.74% of job   1 of   1 completed.

number           kout          theta            phi      intensity
   591          13.63          60.00         159.00      0.0061819
   75.87% of job   1 of   1 completed.

number           kout          theta            phi      intensity
   592          13.63          60.00         162.00      0.0069587
   75.99% of job   1 of   1 completed.

number           kout          theta            phi      intensity
   593          13.63          60.00         165.00      0.0064298
   76.12% of job   1 of   1 completed.

number           kout          theta            phi      intensity
   594          13.63          60.00         168.00      0.0057098
   76.25% of job   1 of   1 completed.

number           kout          theta            phi      intensity
   595          13.63          60.00         171.00      0.0059947
   76.38% of job   1 of   1 completed.

number           kout          theta            phi      intensity
   596          13.63          60.00         174.00      0.0052846
   76.51% of job   1 of   1 completed.

number           kout          theta            phi      intensity
   597          13.63          60.00         177.00      0.0044089
   76.64% of job   1 of   1 completed.

number           kout          theta            phi      intensity
   598          13.63          60.00         180.00      0.0043246
   76.77% of job   1 of   1 completed.

number           kout          theta            phi      intensity
   599          13.63          60.00         183.00      0.0044090
   76.89% of job   1 of   1 completed.

number           kout          theta            phi      intensity
   600          13.63          60.00         186.00      0.0052843
   77.02% of job   1 of   1 completed.

number           kout          theta            phi      intensity
   601          13.63          60.00         189.00      0.0059946
   77.15% of job   1 of   1 completed.

number           kout          theta            phi      intensity
   602          13.63          60.00         192.00      0.0057095
   77.28% of job   1 of   1 completed.

number           kout          theta            phi      intensity
   603          13.63          60.00         195.00      0.0064298
   77.41% of job   1 of   1 completed.

number           kout          theta            phi      intensity
   604          13.63          60.00         198.00      0.0069589
   77.54% of job   1 of   1 completed.

number           kout          theta            phi      intensity
   605          13.63          60.00         201.00      0.0061827
   77.66% of job   1 of   1 completed.

number           kout          theta            phi      intensity
   606          13.63          60.00         204.00      0.0054477
   77.79% of job   1 of   1 completed.

number           kout          theta            phi      intensity
   607          13.63          60.00         207.00      0.0055679
   77.92% of job   1 of   1 completed.

number           kout          theta            phi      intensity
   608          13.63          60.00         210.00      0.0059733
   78.05% of job   1 of   1 completed.

number           kout          theta            phi      intensity
   609          13.63          60.00         213.00      0.0052159
   78.18% of job   1 of   1 completed.

number           kout          theta            phi      intensity
   610          13.63          60.00         216.00      0.0047574
   78.31% of job   1 of   1 completed.

number           kout          theta            phi      intensity
   611          13.63          60.00         219.00      0.0053644
   78.43% of job   1 of   1 completed.

number           kout          theta            phi      intensity
   612          13.63          60.00         222.00      0.0060893
   78.56% of job   1 of   1 completed.

number           kout          theta            phi      intensity
   613          13.63          60.00         225.00      0.0059178
   78.69% of job   1 of   1 completed.

number           kout          theta            phi      intensity
   614          13.63          60.00         228.00      0.0053357
   78.82% of job   1 of   1 completed.

number           kout          theta            phi      intensity
   615          13.63          60.00         231.00      0.0059286
   78.95% of job   1 of   1 completed.

number           kout          theta            phi      intensity
   616          13.63          63.00         111.00      0.0048585
   79.08% of job   1 of   1 completed.

number           kout          theta            phi      intensity
   617          13.63          63.00         114.00      0.0042870
   79.20% of job   1 of   1 completed.

number           kout          theta            phi      intensity
   618          13.63          63.00         117.00      0.0045179
   79.33% of job   1 of   1 completed.

number           kout          theta            phi      intensity
   619          13.63          63.00         120.00      0.0046050
   79.46% of job   1 of   1 completed.

number           kout          theta            phi      intensity
   620          13.63          63.00         123.00      0.0045574
   79.59% of job   1 of   1 completed.

number           kout          theta            phi      intensity
   621          13.63          63.00         126.00      0.0042905
   79.72% of job   1 of   1 completed.

number           kout          theta            phi      intensity
   622          13.63          63.00         129.00      0.0048567
   79.85% of job   1 of   1 completed.

number           kout          theta            phi      intensity
   623          13.63          63.00         132.00      0.0054097
   79.97% of job   1 of   1 completed.

number           kout          theta            phi      intensity
   624          13.63          63.00         135.00      0.0058421
   80.10% of job   1 of   1 completed.

number           kout          theta            phi      intensity
   625          13.63          63.00         138.00      0.0062714
   80.23% of job   1 of   1 completed.

number           kout          theta            phi      intensity
   626          13.63          63.00         141.00      0.0059381
   80.36% of job   1 of   1 completed.

number           kout          theta            phi      intensity
   627          13.63          63.00         144.00      0.0053004
   80.49% of job   1 of   1 completed.

number           kout          theta            phi      intensity
   628          13.63          63.00         147.00      0.0044348
   80.62% of job   1 of   1 completed.

number           kout          theta            phi      intensity
   629          13.63          63.00         150.00      0.0050590
   80.74% of job   1 of   1 completed.

number           kout          theta            phi      intensity
   630          13.63          63.00         153.00      0.0050623
   80.87% of job   1 of   1 completed.

number           kout          theta            phi      intensity
   631          13.63          63.00         156.00      0.0063578
   81.00% of job   1 of   1 completed.

number           kout          theta            phi      intensity
   632          13.63          63.00         159.00      0.0071670
   81.13% of job   1 of   1 completed.

number           kout          theta            phi      intensity
   633          13.63          63.00         162.00      0.0071198
   81.26% of job   1 of   1 completed.

number           kout          theta            phi      intensity
   634          13.63          63.00         165.00      0.0060459
   81.39% of job   1 of   1 completed.

number           kout          theta            phi      intensity
   635          13.63          63.00         168.00      0.0053050
   81.51% of job   1 of   1 completed.

number           kout          theta            phi      intensity
   636          13.63          63.00         171.00      0.0047560
   81.64% of job   1 of   1 completed.

number           kout          theta            phi      intensity
   637          13.63          63.00         174.00      0.0046591
   81.77% of job   1 of   1 completed.

number           kout          theta            phi      intensity
   638          13.63          63.00         177.00      0.0049481
   81.90% of job   1 of   1 completed.

number           kout          theta            phi      intensity
   639          13.63          63.00         180.00      0.0045324
   82.03% of job   1 of   1 completed.

number           kout          theta            phi      intensity
   640          13.63          63.00         183.00      0.0049477
   82.16% of job   1 of   1 completed.

number           kout          theta            phi      intensity
   641          13.63          63.00         186.00      0.0046592
   82.28% of job   1 of   1 completed.

number           kout          theta            phi      intensity
   642          13.63          63.00         189.00      0.0047561
   82.41% of job   1 of   1 completed.

number           kout          theta            phi      intensity
   643          13.63          63.00         192.00      0.0053050
   82.54% of job   1 of   1 completed.

number           kout          theta            phi      intensity
   644          13.63          63.00         195.00      0.0060468
   82.67% of job   1 of   1 completed.

number           kout          theta            phi      intensity
   645          13.63          63.00         198.00      0.0071213
   82.80% of job   1 of   1 completed.

number           kout          theta            phi      intensity
   646          13.63          63.00         201.00      0.0071661
   82.93% of job   1 of   1 completed.

number           kout          theta            phi      intensity
   647          13.63          63.00         204.00      0.0063581
   83.06% of job   1 of   1 completed.

number           kout          theta            phi      intensity
   648          13.63          63.00         207.00      0.0050619
   83.18% of job   1 of   1 completed.

number           kout          theta            phi      intensity
   649          13.63          63.00         210.00      0.0050566
   83.31% of job   1 of   1 completed.

number           kout          theta            phi      intensity
   650          13.63          63.00         213.00      0.0044328
   83.44% of job   1 of   1 completed.

number           kout          theta            phi      intensity
   651          13.63          63.00         216.00      0.0053009
   83.57% of job   1 of   1 completed.

number           kout          theta            phi      intensity
   652          13.63          63.00         219.00      0.0059393
   83.70% of job   1 of   1 completed.

number           kout          theta            phi      intensity
   653          13.63          63.00         222.00      0.0062726
   83.83% of job   1 of   1 completed.

number           kout          theta            phi      intensity
   654          13.63          63.00         225.00      0.0058431
   83.95% of job   1 of   1 completed.

number           kout          theta            phi      intensity
   655          13.63          63.00         228.00      0.0054094
   84.08% of job   1 of   1 completed.

number           kout          theta            phi      intensity
   656          13.63          63.00         231.00      0.0048548
   84.21% of job   1 of   1 completed.

number           kout          theta            phi      intensity
   657          13.63          66.00         111.00      0.0048796
   84.34% of job   1 of   1 completed.

number           kout          theta            phi      intensity
   658          13.63          66.00         114.00      0.0046415
   84.47% of job   1 of   1 completed.

number           kout          theta            phi      intensity
   659          13.63          66.00         117.00      0.0044169
   84.60% of job   1 of   1 completed.

number           kout          theta            phi      intensity
   660          13.63          66.00         120.00      0.0041814
   84.72% of job   1 of   1 completed.

number           kout          theta            phi      intensity
   661          13.63          66.00         123.00      0.0044043
   84.85% of job   1 of   1 completed.

number           kout          theta            phi      intensity
   662          13.63          66.00         126.00      0.0046426
   84.98% of job   1 of   1 completed.

number           kout          theta            phi      intensity
   663          13.63          66.00         129.00      0.0049032
   85.11% of job   1 of   1 completed.

number           kout          theta            phi      intensity
   664          13.63          66.00         132.00      0.0046566
   85.24% of job   1 of   1 completed.

number           kout          theta            phi      intensity
   665          13.63          66.00         135.00      0.0056889
   85.37% of job   1 of   1 completed.

number           kout          theta            phi      intensity
   666          13.63          66.00         138.00      0.0066031
   85.49% of job   1 of   1 completed.

number           kout          theta            phi      intensity
   667          13.63          66.00         141.00      0.0057956
   85.62% of job   1 of   1 completed.

number           kout          theta            phi      intensity
   668          13.63          66.00         144.00      0.0062361
   85.75% of job   1 of   1 completed.

number           kout          theta            phi      intensity
   669          13.63          66.00         147.00      0.0045379
   85.88% of job   1 of   1 completed.

number           kout          theta            phi      intensity
   670          13.63          66.00         150.00      0.0034131
   86.01% of job   1 of   1 completed.

number           kout          theta            phi      intensity
   671          13.63          66.00         153.00      0.0051015
   86.14% of job   1 of   1 completed.

number           kout          theta            phi      intensity
   672          13.63          66.00         156.00      0.0073982
   86.26% of job   1 of   1 completed.

number           kout          theta            phi      intensity
   673          13.63          66.00         159.00      0.0070064
   86.39% of job   1 of   1 completed.

number           kout          theta            phi      intensity
   674          13.63          66.00         162.00      0.0060093
   86.52% of job   1 of   1 completed.

number           kout          theta            phi      intensity
   675          13.63          66.00         165.00      0.0047777
   86.65% of job   1 of   1 completed.

number           kout          theta            phi      intensity
   676          13.63          66.00         168.00      0.0042028
   86.78% of job   1 of   1 completed.

number           kout          theta            phi      intensity
   677          13.63          66.00         171.00      0.0049321
   86.91% of job   1 of   1 completed.

number           kout          theta            phi      intensity
   678          13.63          66.00         174.00      0.0051355
   87.03% of job   1 of   1 completed.

number           kout          theta            phi      intensity
   679          13.63          66.00         177.00      0.0050294
   87.16% of job   1 of   1 completed.

number           kout          theta            phi      intensity
   680          13.63          66.00         180.00      0.0046289
   87.29% of job   1 of   1 completed.

number           kout          theta            phi      intensity
   681          13.63          66.00         183.00      0.0050294
   87.42% of job   1 of   1 completed.

number           kout          theta            phi      intensity
   682          13.63          66.00         186.00      0.0051352
   87.55% of job   1 of   1 completed.

number           kout          theta            phi      intensity
   683          13.63          66.00         189.00      0.0049322
   87.68% of job   1 of   1 completed.

number           kout          theta            phi      intensity
   684          13.63          66.00         192.00      0.0042033
   87.80% of job   1 of   1 completed.

number           kout          theta            phi      intensity
   685          13.63          66.00         195.00      0.0047789
   87.93% of job   1 of   1 completed.

number           kout          theta            phi      intensity
   686          13.63          66.00         198.00      0.0060103
   88.06% of job   1 of   1 completed.

number           kout          theta            phi      intensity
   687          13.63          66.00         201.00      0.0070076
   88.19% of job   1 of   1 completed.

number           kout          theta            phi      intensity
   688          13.63          66.00         204.00      0.0073978
   88.32% of job   1 of   1 completed.

number           kout          theta            phi      intensity
   689          13.63          66.00         207.00      0.0051019
   88.45% of job   1 of   1 completed.

number           kout          theta            phi      intensity
   690          13.63          66.00         210.00      0.0034131
   88.58% of job   1 of   1 completed.

number           kout          theta            phi      intensity
   691          13.63          66.00         213.00      0.0045364
   88.70% of job   1 of   1 completed.

number           kout          theta            phi      intensity
   692          13.63          66.00         216.00      0.0062332
   88.83% of job   1 of   1 completed.

number           kout          theta            phi      intensity
   693          13.63          66.00         219.00      0.0057960
   88.96% of job   1 of   1 completed.

number           kout          theta            phi      intensity
   694          13.63          66.00         222.00      0.0066037
   89.09% of job   1 of   1 completed.

number           kout          theta            phi      intensity
   695          13.63          66.00         225.00      0.0056889
   89.22% of job   1 of   1 completed.

number           kout          theta            phi      intensity
   696          13.63          66.00         228.00      0.0046550
   89.35% of job   1 of   1 completed.

number           kout          theta            phi      intensity
   697          13.63          66.00         231.00      0.0048998
   89.47% of job   1 of   1 completed.

number           kout          theta            phi      intensity
   698          13.63          69.00         111.00      0.0052722
   89.60% of job   1 of   1 completed.

number           kout          theta            phi      intensity
   699          13.63          69.00         114.00      0.0051103
   89.73% of job   1 of   1 completed.

number           kout          theta            phi      intensity
   700          13.63          69.00         117.00      0.0044192
   89.86% of job   1 of   1 completed.

number           kout          theta            phi      intensity
   701          13.63          69.00         120.00      0.0040806
   89.99% of job   1 of   1 completed.

number           kout          theta            phi      intensity
   702          13.63          69.00         123.00      0.0044171
   90.12% of job   1 of   1 completed.

number           kout          theta            phi      intensity
   703          13.63          69.00         126.00      0.0051346
   90.24% of job   1 of   1 completed.

number           kout          theta            phi      intensity
   704          13.63          69.00         129.00      0.0052286
   90.37% of job   1 of   1 completed.

number           kout          theta            phi      intensity
   705          13.63          69.00         132.00      0.0054317
   90.50% of job   1 of   1 completed.

number           kout          theta            phi      intensity
   706          13.63          69.00         135.00      0.0062981
   90.63% of job   1 of   1 completed.

number           kout          theta            phi      intensity
   707          13.63          69.00         138.00      0.0059704
   90.76% of job   1 of   1 completed.

number           kout          theta            phi      intensity
   708          13.63          69.00         141.00      0.0049962
   90.89% of job   1 of   1 completed.

number           kout          theta            phi      intensity
   709          13.63          69.00         144.00      0.0051919
   91.01% of job   1 of   1 completed.

number           kout          theta            phi      intensity
   710          13.63          69.00         147.00      0.0041162
   91.14% of job   1 of   1 completed.

number           kout          theta            phi      intensity
   711          13.63          69.00         150.00      0.0031881
   91.27% of job   1 of   1 completed.

number           kout          theta            phi      intensity
   712          13.63          69.00         153.00      0.0046161
   91.40% of job   1 of   1 completed.

number           kout          theta            phi      intensity
   713          13.63          69.00         156.00      0.0064283
   91.53% of job   1 of   1 completed.

number           kout          theta            phi      intensity
   714          13.63          69.00         159.00      0.0047284
   91.66% of job   1 of   1 completed.

number           kout          theta            phi      intensity
   715          13.63          69.00         162.00      0.0049756
   91.78% of job   1 of   1 completed.

number           kout          theta            phi      intensity
   716          13.63          69.00         165.00      0.0060931
   91.91% of job   1 of   1 completed.

number           kout          theta            phi      intensity
   717          13.63          69.00         168.00      0.0049574
   92.04% of job   1 of   1 completed.

number           kout          theta            phi      intensity
   718          13.63          69.00         171.00      0.0050798
   92.17% of job   1 of   1 completed.

number           kout          theta            phi      intensity
   719          13.63          69.00         174.00      0.0053735
   92.30% of job   1 of   1 completed.

number           kout          theta            phi      intensity
   720          13.63          69.00         177.00      0.0047930
   92.43% of job   1 of   1 completed.

number           kout          theta            phi      intensity
   721          13.63          69.00         180.00      0.0043789
   92.55% of job   1 of   1 completed.

number           kout          theta            phi      intensity
   722          13.63          69.00         183.00      0.0047930
   92.68% of job   1 of   1 completed.

number           kout          theta            phi      intensity
   723          13.63          69.00         186.00      0.0053737
   92.81% of job   1 of   1 completed.

number           kout          theta            phi      intensity
   724          13.63          69.00         189.00      0.0050808
   92.94% of job   1 of   1 completed.

number           kout          theta            phi      intensity
   725          13.63          69.00         192.00      0.0049581
   93.07% of job   1 of   1 completed.

number           kout          theta            phi      intensity
   726          13.63          69.00         195.00      0.0060921
   93.20% of job   1 of   1 completed.

number           kout          theta            phi      intensity
   727          13.63          69.00         198.00      0.0049751
   93.32% of job   1 of   1 completed.

number           kout          theta            phi      intensity
   728          13.63          69.00         201.00      0.0047277
   93.45% of job   1 of   1 completed.

number           kout          theta            phi      intensity
   729          13.63          69.00         204.00      0.0064257
   93.58% of job   1 of   1 completed.

number           kout          theta            phi      intensity
   730          13.63          69.00         207.00      0.0046165
   93.71% of job   1 of   1 completed.

number           kout          theta            phi      intensity
   731          13.63          69.00         210.00      0.0031887
   93.84% of job   1 of   1 completed.

number           kout          theta            phi      intensity
   732          13.63          69.00         213.00      0.0041170
   93.97% of job   1 of   1 completed.

number           kout          theta            phi      intensity
   733          13.63          69.00         216.00      0.0051904
   94.09% of job   1 of   1 completed.

number           kout          theta            phi      intensity
   734          13.63          69.00         219.00      0.0049954
   94.22% of job   1 of   1 completed.

number           kout          theta            phi      intensity
   735          13.63          69.00         222.00      0.0059701
   94.35% of job   1 of   1 completed.

number           kout          theta            phi      intensity
   736          13.63          69.00         225.00      0.0062968
   94.48% of job   1 of   1 completed.

number           kout          theta            phi      intensity
   737          13.63          69.00         228.00      0.0054330
   94.61% of job   1 of   1 completed.

number           kout          theta            phi      intensity
   738          13.63          69.00         231.00      0.0052270
   94.74% of job   1 of   1 completed.

number           kout          theta            phi      intensity
   739          13.63          72.00         111.00      0.0050746
   94.87% of job   1 of   1 completed.

number           kout          theta            phi      intensity
   740          13.63          72.00         114.00      0.0050337
   94.99% of job   1 of   1 completed.

number           kout          theta            phi      intensity
   741          13.63          72.00         117.00      0.0040884
   95.12% of job   1 of   1 completed.

number           kout          theta            phi      intensity
   742          13.63          72.00         120.00      0.0051583
   95.25% of job   1 of   1 completed.

number           kout          theta            phi      intensity
   743          13.63          72.00         123.00      0.0041076
   95.38% of job   1 of   1 completed.

number           kout          theta            phi      intensity
   744          13.63          72.00         126.00      0.0050016
   95.51% of job   1 of   1 completed.

number           kout          theta            phi      intensity
   745          13.63          72.00         129.00      0.0051032
   95.64% of job   1 of   1 completed.

number           kout          theta            phi      intensity
   746          13.63          72.00         132.00      0.0049300
   95.76% of job   1 of   1 completed.

number           kout          theta            phi      intensity
   747          13.63          72.00         135.00      0.0063100
   95.89% of job   1 of   1 completed.

number           kout          theta            phi      intensity
   748          13.63          72.00         138.00      0.0063587
   96.02% of job   1 of   1 completed.

number           kout          theta            phi      intensity
   749          13.63          72.00         141.00      0.0039433
   96.15% of job   1 of   1 completed.

number           kout          theta            phi      intensity
   750          13.63          72.00         144.00      0.0026227
   96.28% of job   1 of   1 completed.

number           kout          theta            phi      intensity
   751          13.63          72.00         147.00      0.0024883
   96.41% of job   1 of   1 completed.

number           kout          theta            phi      intensity
   752          13.63          72.00         150.00      0.0026456
   96.53% of job   1 of   1 completed.

number           kout          theta            phi      intensity
   753          13.63          72.00         153.00      0.0036033
   96.66% of job   1 of   1 completed.

number           kout          theta            phi      intensity
   754          13.63          72.00         156.00      0.0030414
   96.79% of job   1 of   1 completed.

number           kout          theta            phi      intensity
   755          13.63          72.00         159.00      0.0037761
   96.92% of job   1 of   1 completed.

number           kout          theta            phi      intensity
   756          13.63          72.00         162.00      0.0056585
   97.05% of job   1 of   1 completed.

number           kout          theta            phi      intensity
   757          13.63          72.00         165.00      0.0062305
   97.18% of job   1 of   1 completed.

number           kout          theta            phi      intensity
   758          13.63          72.00         168.00      0.0046492
   97.30% of job   1 of   1 completed.

number           kout          theta            phi      intensity
   759          13.63          72.00         171.00      0.0050154
   97.43% of job   1 of   1 completed.

number           kout          theta            phi      intensity
   760          13.63          72.00         174.00      0.0050199
   97.56% of job   1 of   1 completed.

number           kout          theta            phi      intensity
   761          13.63          72.00         177.00      0.0044377
   97.69% of job   1 of   1 completed.

number           kout          theta            phi      intensity
   762          13.63          72.00         180.00      0.0053839
   97.82% of job   1 of   1 completed.

number           kout          theta            phi      intensity
   763          13.63          72.00         183.00      0.0044380
   97.95% of job   1 of   1 completed.

number           kout          theta            phi      intensity
   764          13.63          72.00         186.00      0.0050199
   98.07% of job   1 of   1 completed.

number           kout          theta            phi      intensity
   765          13.63          72.00         189.00      0.0050152
   98.20% of job   1 of   1 completed.

number           kout          theta            phi      intensity
   766          13.63          72.00         192.00      0.0046486
   98.33% of job   1 of   1 completed.

number           kout          theta            phi      intensity
   767          13.63          72.00         195.00      0.0062300
   98.46% of job   1 of   1 completed.

number           kout          theta            phi      intensity
   768          13.63          72.00         198.00      0.0056589
   98.59% of job   1 of   1 completed.

number           kout          theta            phi      intensity
   769          13.63          72.00         201.00      0.0037764
   98.72% of job   1 of   1 completed.

number           kout          theta            phi      intensity
   770          13.63          72.00         204.00      0.0030421
   98.84% of job   1 of   1 completed.

number           kout          theta            phi      intensity
   771          13.63          72.00         207.00      0.0036026
   98.97% of job   1 of   1 completed.

number           kout          theta            phi      intensity
   772          13.63          72.00         210.00      0.0026450
   99.10% of job   1 of   1 completed.

number           kout          theta            phi      intensity
   773          13.63          72.00         213.00      0.0024893
   99.23% of job   1 of   1 completed.

number           kout          theta            phi      intensity
   774          13.63          72.00         216.00      0.0026240
   99.36% of job   1 of   1 completed.

number           kout          theta            phi      intensity
   775          13.63          72.00         219.00      0.0039424
   99.49% of job   1 of   1 completed.

number           kout          theta            phi      intensity
   776          13.63          72.00         222.00      0.0063565
   99.61% of job   1 of   1 completed.

number           kout          theta            phi      intensity
   777          13.63          72.00         225.00      0.0063068
   99.74% of job   1 of   1 completed.

number           kout          theta            phi      intensity
   778          13.63          72.00         228.00      0.0049297
   99.87% of job   1 of   1 completed.

number           kout          theta            phi      intensity
   779          13.63          72.00         231.00      0.0051001
  100.00% of job   1 of   1 completed.

job   1 of   1 completed, factors =    0.6834   0.8689

_____________________________________
 Job report

   1   bateria/entradas/gpu_r16p24_np1.in
       result saved in file bateria/saidas/gpu_r16p24_np1.out

_____________________________________
 Job report saved in file mscdout.txt
 Messages saved in file mscdlist.txt

Program terminated normally
