-----------------------------------------------------------------
Calculation of photoelectron diffraction and dichroism
MSCD Parallel  Version 1.37 Yufeng Chen and Michel A Van Hove
Lawrence Berkeley National Laboratory (LBNL), Berkeley, CA 94720
Copyright (c) Van Hove Group 1997-1998. All rights reserved
-----------------------------------------------------------------


_____________________________________
Job   1 of   1

       1      20       8       4   linitial lnum msorder raorder
     135       3       2       6   natoms emiters katoms nlayer
     223       0       0     779   scanmode nfit nfollow npoint

Analyzing, please wait ...

This job allocated  215.9 megabytes memory in    3 processors


Multiple scattering calculation (msorder=8 raorder=4)

    0.00% of try   1, job   1 of   1 completed.

number           kout          theta            phi      intensity
     1          13.63          18.00         111.00      0.0063470
    0.13% of job   1 of   1 completed.

number           kout          theta            phi      intensity
     2          13.63          18.00         114.00      0.0064029
    0.26% of job   1 of   1 completed.

number           kout          theta            phi      intensity
     3          13.63          18.00         117.00      0.0064577
    0.39% of job   1 of   1 completed.

number           kout          theta            phi      intensity
     4          13.63          18.00         120.00      0.0064672
    0.51% of job   1 of   1 completed.

number           kout          theta            phi      intensity
     5          13.63          18.00         123.00      0.0064565
    0.64% of job   1 of   1 completed.

number           kout          theta            phi      intensity
     6          13.63          18.00         126.00      0.0064002
    0.77% of job   1 of   1 completed.

number           kout          theta            phi      intensity
     7          13.63          18.00         129.00      0.0063436
    0.90% of job   1 of   1 completed.

number           kout          theta            phi      intensity
     8          13.63          18.00         132.00      0.0062625
    1.03% of job   1 of   1 completed.

number           kout          theta            phi      intensity
     9          13.63          18.00         135.00      0.0061110
    1.16% of job   1 of   1 completed.

number           kout          theta            phi      intensity
    10          13.63          18.00         138.00      0.0059748
    1.28% of job   1 of   1 completed.

number           kout          theta            phi      intensity
    11          13.63          18.00         141.00      0.0058206
    1.41% of job   1 of   1 completed.

number           kout          theta            phi      intensity
    12          13.63          18.00         144.00      0.0055798
    1.54% of job   1 of   1 completed.

number           kout          theta            phi      intensity
    13          13.63          18.00         147.00      0.0053837
    1.67% of job   1 of   1 completed.

number           kout          theta            phi      intensity
    14          13.63          18.00         150.00      0.0053269
    1.80% of job   1 of   1 completed.

number           kout          theta            phi      intensity
    15          13.63          18.00         153.00      0.0052177
    1.93% of job   1 of   1 completed.

number           kout          theta            phi      intensity
    16          13.63          18.00         156.00      0.0052186
    2.05% of job   1 of   1 completed.

number           kout          theta            phi      intensity
    17          13.63          18.00         159.00      0.0053652
    2.18% of job   1 of   1 completed.

number           kout          theta            phi      intensity
    18          13.63          18.00         162.00      0.0054359
    2.31% of job   1 of   1 completed.

number           kout          theta            phi      intensity
    19          13.63          18.00         165.00      0.0055793
    2.44% of job   1 of   1 completed.

number           kout          theta            phi      intensity
    20          13.63          18.00         168.00      0.0058011
    2.57% of job   1 of   1 completed.

number           kout          theta            phi      intensity
    21          13.63          18.00         171.00      0.0059107
    2.70% of job   1 of   1 completed.

number           kout          theta            phi      intensity
    22          13.63          18.00         174.00      0.0059915
    2.82% of job   1 of   1 completed.

number           kout          theta            phi      intensity
    23          13.63          18.00         177.00      0.0060659
    2.95% of job   1 of   1 completed.

number           kout          theta            phi      intensity
    24          13.63          18.00         180.00      0.0060546
    3.08% of job   1 of   1 completed.

number           kout          theta            phi      intensity
    25          13.63          18.00         183.00      0.0060658
    3.21% of job   1 of   1 completed.

number           kout          theta            phi      intensity
    26          13.63          18.00         186.00      0.0059914
    3.34% of job   1 of   1 completed.

number           kout          theta            phi      intensity
    27          13.63          18.00         189.00      0.0059105
    3.47% of job   1 of   1 completed.

number           kout          theta            phi      intensity
    28          13.63          18.00         192.00      0.0058010
    3.59% of job   1 of   1 completed.

number           kout          theta            phi      intensity
    29          13.63          18.00         195.00      0.0055791
    3.72% of job   1 of   1 completed.

number           kout          theta            phi      intensity
    30          13.63          18.00         198.00      0.0054360
    3.85% of job   1 of   1 completed.

number           kout          theta            phi      intensity
    31          13.63          18.00         201.00      0.0053654
    3.98% of job   1 of   1 completed.

number           kout          theta            phi      intensity
    32          13.63          18.00         204.00      0.0052189
    4.11% of job   1 of   1 completed.

number           kout          theta            phi      intensity
    33          13.63          18.00         207.00      0.0052179
    4.24% of job   1 of   1 completed.

number           kout          theta            phi      intensity
    34          13.63          18.00         210.00      0.0053270
    4.36% of job   1 of   1 completed.

number           kout          theta            phi      intensity
    35          13.63          18.00         213.00      0.0053836
    4.49% of job   1 of   1 completed.

number           kout          theta            phi      intensity
    36          13.63          18.00         216.00      0.0055796
    4.62% of job   1 of   1 completed.

number           kout          theta            phi      intensity
    37          13.63          18.00         219.00      0.0058202
    4.75% of job   1 of   1 completed.

number           kout          theta            phi      intensity
    38          13.63          18.00         222.00      0.0059744
    4.88% of job   1 of   1 completed.

number           kout          theta            phi      intensity
    39          13.63          18.00         225.00      0.0061106
    5.01% of job   1 of   1 completed.

number           kout          theta            phi      intensity
    40          13.63          18.00         228.00      0.0062620
    5.13% of job   1 of   1 completed.

number           kout          theta            phi      intensity
    41          13.63          18.00         231.00      0.0063431
    5.26% of job   1 of   1 completed.

number           kout          theta            phi      intensity
    42          13.63          21.00         111.00      0.0063102
    5.39% of job   1 of   1 completed.

number           kout          theta            phi      intensity
    43          13.63          21.00         114.00      0.0062437
    5.52% of job   1 of   1 completed.

number           kout          theta            phi      intensity
    44          13.63          21.00         117.00      0.0061920
    5.65% of job   1 of   1 completed.

number           kout          theta            phi      intensity
    45          13.63          21.00         120.00      0.0061596
    5.78% of job   1 of   1 completed.

number           kout          theta            phi      intensity
    46          13.63          21.00         123.00      0.0061914
    5.91% of job   1 of   1 completed.

number           kout          theta            phi      intensity
    47          13.63          21.00         126.00      0.0062418
    6.03% of job   1 of   1 completed.

number           kout          theta            phi      intensity
    48          13.63          21.00         129.00      0.0063070
    6.16% of job   1 of   1 completed.

number           kout          theta            phi      intensity
    49          13.63          21.00         132.00      0.0063215
    6.29% of job   1 of   1 completed.

number           kout          theta            phi      intensity
    50          13.63          21.00         135.00      0.0062764
    6.42% of job   1 of   1 completed.

number           kout          theta            phi      intensity
    51          13.63          21.00         138.00      0.0061308
    6.55% of job   1 of   1 completed.

number           kout          theta            phi      intensity
    52          13.63          21.00         141.00      0.0059031
    6.68% of job   1 of   1 completed.

number           kout          theta            phi      intensity
    53          13.63          21.00         144.00      0.0056749
    6.80% of job   1 of   1 completed.

number           kout          theta            phi      intensity
    54          13.63          21.00         147.00      0.0055102
    6.93% of job   1 of   1 completed.

number           kout          theta            phi      intensity
    55          13.63          21.00         150.00      0.0054285
    7.06% of job   1 of   1 completed.

number           kout          theta            phi      intensity
    56          13.63          21.00         153.00      0.0054224
    7.19% of job   1 of   1 completed.

number           kout          theta            phi      intensity
    57          13.63          21.00         156.00      0.0054754
    7.32% of job   1 of   1 completed.

number           kout          theta            phi      intensity
    58          13.63          21.00         159.00      0.0055903
    7.45% of job   1 of   1 completed.

number           kout          theta            phi      intensity
    59          13.63          21.00         162.00      0.0057674
    7.57% of job   1 of   1 completed.

number           kout          theta            phi      intensity
    60          13.63          21.00         165.00      0.0059069
    7.70% of job   1 of   1 completed.

number           kout          theta            phi      intensity
    61          13.63          21.00         168.00      0.0059567
    7.83% of job   1 of   1 completed.

number           kout          theta            phi      intensity
    62          13.63          21.00         171.00      0.0060785
    7.96% of job   1 of   1 completed.

number           kout          theta            phi      intensity
    63          13.63          21.00         174.00      0.0061481
    8.09% of job   1 of   1 completed.

number           kout          theta            phi      intensity
    64          13.63          21.00         177.00      0.0062104
    8.22% of job   1 of   1 completed.

number           kout          theta            phi      intensity
    65          13.63          21.00         180.00      0.0062226
    8.34% of job   1 of   1 completed.

number           kout          theta            phi      intensity
    66          13.63          21.00         183.00      0.0062102
    8.47% of job   1 of   1 completed.

number           kout          theta            phi      intensity
    67          13.63          21.00         186.00      0.0061479
    8.60% of job   1 of   1 completed.

number           kout          theta            phi      intensity
    68          13.63          21.00         189.00      0.0060783
    8.73% of job   1 of   1 completed.

number           kout          theta            phi      intensity
    69          13.63          21.00         192.00      0.0059567
    8.86% of job   1 of   1 completed.

number           kout          theta            phi      intensity
    70          13.63          21.00         195.00      0.0059071
    8.99% of job   1 of   1 completed.

number           kout          theta            phi      intensity
    71          13.63          21.00         198.00      0.0057678
    9.11% of job   1 of   1 completed.

number           kout          theta            phi      intensity
    72          13.63          21.00         201.00      0.0055905
    9.24% of job   1 of   1 completed.

number           kout          theta            phi      intensity
    73          13.63          21.00         204.00      0.0054750
    9.37% of job   1 of   1 completed.

number           kout          theta            phi      intensity
    74          13.63          21.00         207.00      0.0054220
    9.50% of job   1 of   1 completed.

number           kout          theta            phi      intensity
    75          13.63          21.00         210.00      0.0054280
    9.63% of job   1 of   1 completed.

number           kout          theta            phi      intensity
    76          13.63          21.00         213.00      0.0055099
    9.76% of job   1 of   1 completed.

number           kout          theta            phi      intensity
    77          13.63          21.00         216.00      0.0056747
    9.88% of job   1 of   1 completed.

number           kout          theta            phi      intensity
    78          13.63          21.00         219.00      0.0059030
   10.01% of job   1 of   1 completed.

number           kout          theta            phi      intensity
    79          13.63          21.00         222.00      0.0061310
   10.14% of job   1 of   1 completed.

number           kout          theta            phi      intensity
    80          13.63          21.00         225.00      0.0062767
   10.27% of job   1 of   1 completed.

number           kout          theta            phi      intensity
    81          13.63          21.00         228.00      0.0063219
   10.40% of job   1 of   1 completed.

number           kout          theta            phi      intensity
    82          13.63          21.00         231.00      0.0063075
   10.53% of job   1 of   1 completed.

number           kout          theta            phi      intensity
    83          13.63          24.00         111.00      0.0071272
   10.65% of job   1 of   1 completed.

number           kout          theta            phi      intensity
    84          13.63          24.00         114.00      0.0069372
   10.78% of job   1 of   1 completed.

number           kout          theta            phi      intensity
    85          13.63          24.00         117.00      0.0067301
   10.91% of job   1 of   1 completed.

number           kout          theta            phi      intensity
    86          13.63          24.00         120.00      0.0066563
   11.04% of job   1 of   1 completed.

number           kout          theta            phi      intensity
    87          13.63          24.00         123.00      0.0067307
   11.17% of job   1 of   1 completed.

number           kout          theta            phi      intensity
    88          13.63          24.00         126.00      0.0069353
   11.30% of job   1 of   1 completed.

number           kout          theta            phi      intensity
    89          13.63          24.00         129.00      0.0071238
   11.42% of job   1 of   1 completed.

number           kout          theta            phi      intensity
    90          13.63          24.00         132.00      0.0071606
   11.55% of job   1 of   1 completed.

number           kout          theta            phi      intensity
    91          13.63          24.00         135.00      0.0071093
   11.68% of job   1 of   1 completed.

number           kout          theta            phi      intensity
    92          13.63          24.00         138.00      0.0068694
   11.81% of job   1 of   1 completed.

number           kout          theta            phi      intensity
    93          13.63          24.00         141.00      0.0064820
   11.94% of job   1 of   1 completed.

number           kout          theta            phi      intensity
    94          13.63          24.00         144.00      0.0060881
   12.07% of job   1 of   1 completed.

number           kout          theta            phi      intensity
    95          13.63          24.00         147.00      0.0057726
   12.20% of job   1 of   1 completed.

number           kout          theta            phi      intensity
    96          13.63          24.00         150.00      0.0055786
   12.32% of job   1 of   1 completed.

number           kout          theta            phi      intensity
    97          13.63          24.00         153.00      0.0055871
   12.45% of job   1 of   1 completed.

number           kout          theta            phi      intensity
    98          13.63          24.00         156.00      0.0056330
   12.58% of job   1 of   1 completed.

number           kout          theta            phi      intensity
    99          13.63          24.00         159.00      0.0058133
   12.71% of job   1 of   1 completed.

number           kout          theta            phi      intensity
   100          13.63          24.00         162.00      0.0060317
   12.84% of job   1 of   1 completed.

number           kout          theta            phi      intensity
   101          13.63          24.00         165.00      0.0062739
   12.97% of job   1 of   1 completed.

number           kout          theta            phi      intensity
   102          13.63          24.00         168.00      0.0063693
   13.09% of job   1 of   1 completed.

number           kout          theta            phi      intensity
   103          13.63          24.00         171.00      0.0064435
   13.22% of job   1 of   1 completed.

number           kout          theta            phi      intensity
   104          13.63          24.00         174.00      0.0064076
   13.35% of job   1 of   1 completed.

number           kout          theta            phi      intensity
   105          13.63          24.00         177.00      0.0063392
   13.48% of job   1 of   1 completed.

number           kout          theta            phi      intensity
   106          13.63          24.00         180.00      0.0063029
   13.61% of job   1 of   1 completed.

number           kout          theta            phi      intensity
   107          13.63          24.00         183.00      0.0063391
   13.74% of job   1 of   1 completed.

number           kout          theta            phi      intensity
   108          13.63          24.00         186.00      0.0064076
   13.86% of job   1 of   1 completed.

number           kout          theta            phi      intensity
   109          13.63          24.00         189.00      0.0064437
   13.99% of job   1 of   1 completed.

number           kout          theta            phi      intensity
   110          13.63          24.00         192.00      0.0063698
   14.12% of job   1 of   1 completed.

number           kout          theta            phi      intensity
   111          13.63          24.00         195.00      0.0062744
   14.25% of job   1 of   1 completed.

number           kout          theta            phi      intensity
   112          13.63          24.00         198.00      0.0060316
   14.38% of job   1 of   1 completed.

number           kout          theta            phi      intensity
   113          13.63          24.00         201.00      0.0058128
   14.51% of job   1 of   1 completed.

number           kout          theta            phi      intensity
   114          13.63          24.00         204.00      0.0056325
   14.63% of job   1 of   1 completed.

number           kout          theta            phi      intensity
   115          13.63          24.00         207.00      0.0055866
   14.76% of job   1 of   1 completed.

number           kout          theta            phi      intensity
   116          13.63          24.00         210.00      0.0055787
   14.89% of job   1 of   1 completed.

number           kout          theta            phi      intensity
   117          13.63          24.00         213.00      0.0057727
   15.02% of job   1 of   1 completed.

number           kout          theta            phi      intensity
   118          13.63          24.00         216.00      0.0060890
   15.15% of job   1 of   1 completed.

number           kout          theta            phi      intensity
   119          13.63          24.00         219.00      0.0064829
   15.28% of job   1 of   1 completed.

number           kout          theta            phi      intensity
   120          13.63          24.00         222.00      0.0068699
   15.40% of job   1 of   1 completed.

number           kout          theta            phi      intensity
   121          13.63          24.00         225.00      0.0071095
   15.53% of job   1 of   1 completed.

number           kout          theta            phi      intensity
   122          13.63          24.00         228.00      0.0071606
   15.66% of job   1 of   1 completed.

number           kout          theta            phi      intensity
   123          13.63          24.00         231.00      0.0071240
   15.79% of job   1 of   1 completed.

number           kout          theta            phi      intensity
   124          13.63          27.00         111.00      0.0078339
   15.92% of job   1 of   1 completed.

number           kout          theta            phi      intensity
   125          13.63          27.00         114.00      0.0076337
   16.05% of job   1 of   1 completed.

number           kout          theta            phi      intensity
   126          13.63          27.00         117.00      0.0074789
   16.17% of job   1 of   1 completed.

number           kout          theta            phi      intensity
   127          13.63          27.00         120.00      0.0074396
   16.30% of job   1 of   1 completed.

number           kout          theta            phi      intensity
   128          13.63          27.00         123.00      0.0074788
   16.43% of job   1 of   1 completed.

number           kout          theta            phi      intensity
   129          13.63          27.00         126.00      0.0076336
   16.56% of job   1 of   1 completed.

number           kout          theta            phi      intensity
   130          13.63          27.00         129.00      0.0078315
   16.69% of job   1 of   1 completed.

number           kout          theta            phi      intensity
   131          13.63          27.00         132.00      0.0079270
   16.82% of job   1 of   1 completed.

number           kout          theta            phi      intensity
   132          13.63          27.00         135.00      0.0080204
   16.94% of job   1 of   1 completed.

number           kout          theta            phi      intensity
   133          13.63          27.00         138.00      0.0078480
   17.07% of job   1 of   1 completed.

number           kout          theta            phi      intensity
   134          13.63          27.00         141.00      0.0074579
   17.20% of job   1 of   1 completed.

number           kout          theta            phi      intensity
   135          13.63          27.00         144.00      0.0068520
   17.33% of job   1 of   1 completed.

number           kout          theta            phi      intensity
   136          13.63          27.00         147.00      0.0062067
   17.46% of job   1 of   1 completed.

number           kout          theta            phi      intensity
   137          13.63          27.00         150.00      0.0057778
   17.59% of job   1 of   1 completed.

number           kout          theta            phi      intensity
   138          13.63          27.00         153.00      0.0057320
   17.72% of job   1 of   1 completed.

number           kout          theta            phi      intensity
   139          13.63          27.00         156.00      0.0059003
   17.84% of job   1 of   1 completed.

number           kout          theta            phi      intensity
   140          13.63          27.00         159.00      0.0062342
   17.97% of job   1 of   1 completed.

number           kout          theta            phi      intensity
   141          13.63          27.00         162.00      0.0065933
   18.10% of job   1 of   1 completed.

number           kout          theta            phi      intensity
   142          13.63          27.00         165.00      0.0068925
   18.23% of job   1 of   1 completed.

number           kout          theta            phi      intensity
   143          13.63          27.00         168.00      0.0071122
   18.36% of job   1 of   1 completed.

number           kout          theta            phi      intensity
   144          13.63          27.00         171.00      0.0073192
   18.49% of job   1 of   1 completed.

number           kout          theta            phi      intensity
   145          13.63          27.00         174.00      0.0074641
   18.61% of job   1 of   1 completed.

number           kout          theta            phi      intensity
   146          13.63          27.00         177.00      0.0076159
   18.74% of job   1 of   1 completed.

number           kout          theta            phi      intensity
   147          13.63          27.00         180.00      0.0076453
   18.87% of job   1 of   1 completed.

number           kout          theta            phi      intensity
   148          13.63          27.00         183.00      0.0076155
   19.00% of job   1 of   1 completed.

number           kout          theta            phi      intensity
   149          13.63          27.00         186.00      0.0074637
   19.13% of job   1 of   1 completed.

number           kout          theta            phi      intensity
   150          13.63          27.00         189.00      0.0073210
   19.26% of job   1 of   1 completed.

number           kout          theta            phi      intensity
   151          13.63          27.00         192.00      0.0071124
   19.38% of job   1 of   1 completed.

number           kout          theta            phi      intensity
   152          13.63          27.00         195.00      0.0068925
   19.51% of job   1 of   1 completed.

number           kout          theta            phi      intensity
   153          13.63          27.00         198.00      0.0065928
   19.64% of job   1 of   1 completed.

number           kout          theta            phi      intensity
   154          13.63          27.00         201.00      0.0062337
   19.77% of job   1 of   1 completed.

number           kout          theta            phi      intensity
   155          13.63          27.00         204.00      0.0059002
   19.90% of job   1 of   1 completed.

number           kout          theta            phi      intensity
   156          13.63          27.00         207.00      0.0057324
   20.03% of job   1 of   1 completed.

number           kout          theta            phi      intensity
   157          13.63          27.00         210.00      0.0057787
   20.15% of job   1 of   1 completed.

number           kout          theta            phi      intensity
   158          13.63          27.00         213.00      0.0062078
   20.28% of job   1 of   1 completed.

number           kout          theta            phi      intensity
   159          13.63          27.00         216.00      0.0068525
   20.41% of job   1 of   1 completed.

number           kout          theta            phi      intensity
   160          13.63          27.00         219.00      0.0074576
   20.54% of job   1 of   1 completed.

number           kout          theta            phi      intensity
   161          13.63          27.00         222.00      0.0078474
   20.67% of job   1 of   1 completed.

number           kout          theta            phi      intensity
   162          13.63          27.00         225.00      0.0080201
   20.80% of job   1 of   1 completed.

number           kout          theta            phi      intensity
   163          13.63          27.00         228.00      0.0079272
   20.92% of job   1 of   1 completed.

number           kout          theta            phi      intensity
   164          13.63          27.00         231.00      0.0078321
   21.05% of job   1 of   1 completed.

number           kout          theta            phi      intensity
   165          13.63          30.00         111.00      0.0081728
   21.18% of job   1 of   1 completed.

number           kout          theta            phi      intensity
   166          13.63          30.00         114.00      0.0076835
   21.31% of job   1 of   1 completed.

number           kout          theta            phi      intensity
   167          13.63          30.00         117.00      0.0074183
   21.44% of job   1 of   1 completed.

number           kout          theta            phi      intensity
   168          13.63          30.00         120.00      0.0073374
   21.57% of job   1 of   1 completed.

number           kout          theta            phi      intensity
   169          13.63          30.00         123.00      0.0074182
   21.69% of job   1 of   1 completed.

number           kout          theta            phi      intensity
   170          13.63          30.00         126.00      0.0077205
   21.82% of job   1 of   1 completed.

number           kout          theta            phi      intensity
   171          13.63          30.00         129.00      0.0081706
   21.95% of job   1 of   1 completed.

number           kout          theta            phi      intensity
   172          13.63          30.00         132.00      0.0085082
   22.08% of job   1 of   1 completed.

number           kout          theta            phi      intensity
   173          13.63          30.00         135.00      0.0087554
   22.21% of job   1 of   1 completed.

number           kout          theta            phi      intensity
   174          13.63          30.00         138.00      0.0087030
   22.34% of job   1 of   1 completed.

number           kout          theta            phi      intensity
   175          13.63          30.00         141.00      0.0082493
   22.46% of job   1 of   1 completed.

number           kout          theta            phi      intensity
   176          13.63          30.00         144.00      0.0074369
   22.59% of job   1 of   1 completed.

number           kout          theta            phi      intensity
   177          13.63          30.00         147.00      0.0065673
   22.72% of job   1 of   1 completed.

number           kout          theta            phi      intensity
   178          13.63          30.00         150.00      0.0061467
   22.85% of job   1 of   1 completed.

number           kout          theta            phi      intensity
   179          13.63          30.00         153.00      0.0059556
   22.98% of job   1 of   1 completed.

number           kout          theta            phi      intensity
   180          13.63          30.00         156.00      0.0064556
   23.11% of job   1 of   1 completed.

number           kout          theta            phi      intensity
   181          13.63          30.00         159.00      0.0070864
   23.23% of job   1 of   1 completed.

number           kout          theta            phi      intensity
   182          13.63          30.00         162.00      0.0076998
   23.36% of job   1 of   1 completed.

number           kout          theta            phi      intensity
   183          13.63          30.00         165.00      0.0079777
   23.49% of job   1 of   1 completed.

number           kout          theta            phi      intensity
   184          13.63          30.00         168.00      0.0081033
   23.62% of job   1 of   1 completed.

number           kout          theta            phi      intensity
   185          13.63          30.00         171.00      0.0081747
   23.75% of job   1 of   1 completed.

number           kout          theta            phi      intensity
   186          13.63          30.00         174.00      0.0083789
   23.88% of job   1 of   1 completed.

number           kout          theta            phi      intensity
   187          13.63          30.00         177.00      0.0085353
   24.01% of job   1 of   1 completed.

number           kout          theta            phi      intensity
   188          13.63          30.00         180.00      0.0086597
   24.13% of job   1 of   1 completed.

number           kout          theta            phi      intensity
   189          13.63          30.00         183.00      0.0085352
   24.26% of job   1 of   1 completed.

number           kout          theta            phi      intensity
   190          13.63          30.00         186.00      0.0083789
   24.39% of job   1 of   1 completed.

number           kout          theta            phi      intensity
   191          13.63          30.00         189.00      0.0081750
   24.52% of job   1 of   1 completed.

number           kout          theta            phi      intensity
   192          13.63          30.00         192.00      0.0081037
   24.65% of job   1 of   1 completed.

number           kout          theta            phi      intensity
   193          13.63          30.00         195.00      0.0079773
   24.78% of job   1 of   1 completed.

number           kout          theta            phi      intensity
   194          13.63          30.00         198.00      0.0076990
   24.90% of job   1 of   1 completed.

number           kout          theta            phi      intensity
   195          13.63          30.00         201.00      0.0070860
   25.03% of job   1 of   1 completed.

number           kout          theta            phi      intensity
   196          13.63          30.00         204.00      0.0064558
   25.16% of job   1 of   1 completed.

number           kout          theta            phi      intensity
   197          13.63          30.00         207.00      0.0059560
   25.29% of job   1 of   1 completed.

number           kout          theta            phi      intensity
   198          13.63          30.00         210.00      0.0061471
   25.42% of job   1 of   1 completed.

number           kout          theta            phi      intensity
   199          13.63          30.00         213.00      0.0065673
   25.55% of job   1 of   1 completed.

number           kout          theta            phi      intensity
   200          13.63          30.00         216.00      0.0074364
   25.67% of job   1 of   1 completed.

number           kout          theta            phi      intensity
   201          13.63          30.00         219.00      0.0082492
   25.80% of job   1 of   1 completed.

number           kout          theta            phi      intensity
   202          13.63          30.00         222.00      0.0087034
   25.93% of job   1 of   1 completed.

number           kout          theta            phi      intensity
   203          13.63          30.00         225.00      0.0087559
   26.06% of job   1 of   1 completed.

number           kout          theta            phi      intensity
   204          13.63          30.00         228.00      0.0085089
   26.19% of job   1 of   1 completed.

number           kout          theta            phi      intensity
   205          13.63          30.00         231.00      0.0081713
   26.32% of job   1 of   1 completed.

number           kout          theta            phi      intensity
   206          13.63          33.00         111.00      0.0080149
   26.44% of job   1 of   1 completed.

number           kout          theta            phi      intensity
   207          13.63          33.00         114.00      0.0075919
   26.57% of job   1 of   1 completed.

number           kout          theta            phi      intensity
   208          13.63          33.00         117.00      0.0071731
   26.70% of job   1 of   1 completed.

number           kout          theta            phi      intensity
   209          13.63          33.00         120.00      0.0069172
   26.83% of job   1 of   1 completed.

number           kout          theta            phi      intensity
   210          13.63          33.00         123.00      0.0071727
   26.96% of job   1 of   1 completed.

number           kout          theta            phi      intensity
   211          13.63          33.00         126.00      0.0076298
   27.09% of job   1 of   1 completed.

number           kout          theta            phi      intensity
   212          13.63          33.00         129.00      0.0080188
   27.21% of job   1 of   1 completed.

number           kout          theta            phi      intensity
   213          13.63          33.00         132.00      0.0083712
   27.34% of job   1 of   1 completed.

number           kout          theta            phi      intensity
   214          13.63          33.00         135.00      0.0083362
   27.47% of job   1 of   1 completed.

number           kout          theta            phi      intensity
   215          13.63          33.00         138.00      0.0081344
   27.60% of job   1 of   1 completed.

number           kout          theta            phi      intensity
   216          13.63          33.00         141.00      0.0075284
   27.73% of job   1 of   1 completed.

number           kout          theta            phi      intensity
   217          13.63          33.00         144.00      0.0067939
   27.86% of job   1 of   1 completed.

number           kout          theta            phi      intensity
   218          13.63          33.00         147.00      0.0062676
   27.98% of job   1 of   1 completed.

number           kout          theta            phi      intensity
   219          13.63          33.00         150.00      0.0058503
   28.11% of job   1 of   1 completed.

number           kout          theta            phi      intensity
   220          13.63          33.00         153.00      0.0058046
   28.24% of job   1 of   1 completed.

number           kout          theta            phi      intensity
   221          13.63          33.00         156.00      0.0061803
   28.37% of job   1 of   1 completed.

number           kout          theta            phi      intensity
   222          13.63          33.00         159.00      0.0069586
   28.50% of job   1 of   1 completed.

number           kout          theta            phi      intensity
   223          13.63          33.00         162.00      0.0076540
   28.63% of job   1 of   1 completed.

number           kout          theta            phi      intensity
   224          13.63          33.00         165.00      0.0079901
   28.75% of job   1 of   1 completed.

number           kout          theta            phi      intensity
   225          13.63          33.00         168.00      0.0082071
   28.88% of job   1 of   1 completed.

number           kout          theta            phi      intensity
   226          13.63          33.00         171.00      0.0082709
   29.01% of job   1 of   1 completed.

number           kout          theta            phi      intensity
   227          13.63          33.00         174.00      0.0084917
   29.14% of job   1 of   1 completed.

number           kout          theta            phi      intensity
   228          13.63          33.00         177.00      0.0087496
   29.27% of job   1 of   1 completed.

number           kout          theta            phi      intensity
   229          13.63          33.00         180.00      0.0088422
   29.40% of job   1 of   1 completed.

number           kout          theta            phi      intensity
   230          13.63          33.00         183.00      0.0087495
   29.53% of job   1 of   1 completed.

number           kout          theta            phi      intensity
   231          13.63          33.00         186.00      0.0084917
   29.65% of job   1 of   1 completed.

number           kout          theta            phi      intensity
   232          13.63          33.00         189.00      0.0082713
   29.78% of job   1 of   1 completed.

number           kout          theta            phi      intensity
   233          13.63          33.00         192.00      0.0082079
   29.91% of job   1 of   1 completed.

number           kout          theta            phi      intensity
   234          13.63          33.00         195.00      0.0079902
   30.04% of job   1 of   1 completed.

number           kout          theta            phi      intensity
   235          13.63          33.00         198.00      0.0076532
   30.17% of job   1 of   1 completed.

number           kout          theta            phi      intensity
   236          13.63          33.00         201.00      0.0069583
   30.30% of job   1 of   1 completed.

number           kout          theta            phi      intensity
   237          13.63          33.00         204.00      0.0061812
   30.42% of job   1 of   1 completed.

number           kout          theta            phi      intensity
   238          13.63          33.00         207.00      0.0058060
   30.55% of job   1 of   1 completed.

number           kout          theta            phi      intensity
   239          13.63          33.00         210.00      0.0058508
   30.68% of job   1 of   1 completed.

number           kout          theta            phi      intensity
   240          13.63          33.00         213.00      0.0062670
   30.81% of job   1 of   1 completed.

number           kout          theta            phi      intensity
   241          13.63          33.00         216.00      0.0067933
   30.94% of job   1 of   1 completed.

number           kout          theta            phi      intensity
   242          13.63          33.00         219.00      0.0075287
   31.07% of job   1 of   1 completed.

number           kout          theta            phi      intensity
   243          13.63          33.00         222.00      0.0081353
   31.19% of job   1 of   1 completed.

number           kout          theta            phi      intensity
   244          13.63          33.00         225.00      0.0083368
   31.32% of job   1 of   1 completed.

number           kout          theta            phi      intensity
   245          13.63          33.00         228.00      0.0083712
   31.45% of job   1 of   1 completed.

number           kout          theta            phi      intensity
   246          13.63          33.00         231.00      0.0080186
   31.58% of job   1 of   1 completed.

number           kout          theta            phi      intensity
   247          13.63          36.00         111.00      0.0076253
   31.71% of job   1 of   1 completed.

number           kout          theta            phi      intensity
   248          13.63          36.00         114.00      0.0073101
   31.84% of job   1 of   1 completed.

number           kout          theta            phi      intensity
   249          13.63          36.00         117.00      0.0068068
   31.96% of job   1 of   1 completed.

number           kout          theta            phi      intensity
   250          13.63          36.00         120.00      0.0065620
   32.09% of job   1 of   1 completed.

number           kout          theta            phi      intensity
   251          13.63          36.00         123.00      0.0068101
   32.22% of job   1 of   1 completed.

number           kout          theta            phi      intensity
   252          13.63          36.00         126.00      0.0073139
   32.35% of job   1 of   1 completed.

number           kout          theta            phi      intensity
   253          13.63          36.00         129.00      0.0076277
   32.48% of job   1 of   1 completed.

number           kout          theta            phi      intensity
   254          13.63          36.00         132.00      0.0074494
   32.61% of job   1 of   1 completed.

number           kout          theta            phi      intensity
   255          13.63          36.00         135.00      0.0072170
   32.73% of job   1 of   1 completed.

number           kout          theta            phi      intensity
   256          13.63          36.00         138.00      0.0067909
   32.86% of job   1 of   1 completed.

number           kout          theta            phi      intensity
   257          13.63          36.00         141.00      0.0064314
   32.99% of job   1 of   1 completed.

number           kout          theta            phi      intensity
   258          13.63          36.00         144.00      0.0060732
   33.12% of job   1 of   1 completed.

number           kout          theta            phi      intensity
   259          13.63          36.00         147.00      0.0057527
   33.25% of job   1 of   1 completed.

number           kout          theta            phi      intensity
   260          13.63          36.00         150.00      0.0057006
   33.38% of job   1 of   1 completed.

number           kout          theta            phi      intensity
   261          13.63          36.00         153.00      0.0054262
   33.50% of job   1 of   1 completed.

number           kout          theta            phi      intensity
   262          13.63          36.00         156.00      0.0055692
   33.63% of job   1 of   1 completed.

number           kout          theta            phi      intensity
   263          13.63          36.00         159.00      0.0060165
   33.76% of job   1 of   1 completed.

number           kout          theta            phi      intensity
   264          13.63          36.00         162.00      0.0065408
   33.89% of job   1 of   1 completed.

number           kout          theta            phi      intensity
   265          13.63          36.00         165.00      0.0071498
   34.02% of job   1 of   1 completed.

number           kout          theta            phi      intensity
   266          13.63          36.00         168.00      0.0074145
   34.15% of job   1 of   1 completed.

number           kout          theta            phi      intensity
   267          13.63          36.00         171.00      0.0077496
   34.27% of job   1 of   1 completed.

number           kout          theta            phi      intensity
   268          13.63          36.00         174.00      0.0078296
   34.40% of job   1 of   1 completed.

number           kout          theta            phi      intensity
   269          13.63          36.00         177.00      0.0078585
   34.53% of job   1 of   1 completed.

number           kout          theta            phi      intensity
   270          13.63          36.00         180.00      0.0077724
   34.66% of job   1 of   1 completed.

number           kout          theta            phi      intensity
   271          13.63          36.00         183.00      0.0078583
   34.79% of job   1 of   1 completed.

number           kout          theta            phi      intensity
   272          13.63          36.00         186.00      0.0078290
   34.92% of job   1 of   1 completed.

number           kout          theta            phi      intensity
   273          13.63          36.00         189.00      0.0077492
   35.04% of job   1 of   1 completed.

number           kout          theta            phi      intensity
   274          13.63          36.00         192.00      0.0074145
   35.17% of job   1 of   1 completed.

number           kout          theta            phi      intensity
   275          13.63          36.00         195.00      0.0071497
   35.30% of job   1 of   1 completed.

number           kout          theta            phi      intensity
   276          13.63          36.00         198.00      0.0065403
   35.43% of job   1 of   1 completed.

number           kout          theta            phi      intensity
   277          13.63          36.00         201.00      0.0060160
   35.56% of job   1 of   1 completed.

number           kout          theta            phi      intensity
   278          13.63          36.00         204.00      0.0055696
   35.69% of job   1 of   1 completed.

number           kout          theta            phi      intensity
   279          13.63          36.00         207.00      0.0054268
   35.82% of job   1 of   1 completed.

number           kout          theta            phi      intensity
   280          13.63          36.00         210.00      0.0057003
   35.94% of job   1 of   1 completed.

number           kout          theta            phi      intensity
   281          13.63          36.00         213.00      0.0057521
   36.07% of job   1 of   1 completed.

number           kout          theta            phi      intensity
   282          13.63          36.00         216.00      0.0060731
   36.20% of job   1 of   1 completed.

number           kout          theta            phi      intensity
   283          13.63          36.00         219.00      0.0064316
   36.33% of job   1 of   1 completed.

number           kout          theta            phi      intensity
   284          13.63          36.00         222.00      0.0067906
   36.46% of job   1 of   1 completed.

number           kout          theta            phi      intensity
   285          13.63          36.00         225.00      0.0072167
   36.59% of job   1 of   1 completed.

number           kout          theta            phi      intensity
   286          13.63          36.00         228.00      0.0074482
   36.71% of job   1 of   1 completed.

number           kout          theta            phi      intensity
   287          13.63          36.00         231.00      0.0076254
   36.84% of job   1 of   1 completed.

number           kout          theta            phi      intensity
   288          13.63          39.00         111.00      0.0069284
   36.97% of job   1 of   1 completed.

number           kout          theta            phi      intensity
   289          13.63          39.00         114.00      0.0074038
   37.10% of job   1 of   1 completed.

number           kout          theta            phi      intensity
   290          13.63          39.00         117.00      0.0076672
   37.23% of job   1 of   1 completed.

number           kout          theta            phi      intensity
   291          13.63          39.00         120.00      0.0077802
   37.36% of job   1 of   1 completed.

number           kout          theta            phi      intensity
   292          13.63          39.00         123.00      0.0076694
   37.48% of job   1 of   1 completed.

number           kout          theta            phi      intensity
   293          13.63          39.00         126.00      0.0074092
   37.61% of job   1 of   1 completed.

number           kout          theta            phi      intensity
   294          13.63          39.00         129.00      0.0069330
   37.74% of job   1 of   1 completed.

number           kout          theta            phi      intensity
   295          13.63          39.00         132.00      0.0062878
   37.87% of job   1 of   1 completed.

number           kout          theta            phi      intensity
   296          13.63          39.00         135.00      0.0057300
   38.00% of job   1 of   1 completed.

number           kout          theta            phi      intensity
   297          13.63          39.00         138.00      0.0056944
   38.13% of job   1 of   1 completed.

number           kout          theta            phi      intensity
   298          13.63          39.00         141.00      0.0057996
   38.25% of job   1 of   1 completed.

number           kout          theta            phi      intensity
   299          13.63          39.00         144.00      0.0060515
   38.38% of job   1 of   1 completed.

number           kout          theta            phi      intensity
   300          13.63          39.00         147.00      0.0061589
   38.51% of job   1 of   1 completed.

number           kout          theta            phi      intensity
   301          13.63          39.00         150.00      0.0058450
   38.64% of job   1 of   1 completed.

number           kout          theta            phi      intensity
   302          13.63          39.00         153.00      0.0055367
   38.77% of job   1 of   1 completed.

number           kout          theta            phi      intensity
   303          13.63          39.00         156.00      0.0052871
   38.90% of job   1 of   1 completed.

number           kout          theta            phi      intensity
   304          13.63          39.00         159.00      0.0052166
   39.02% of job   1 of   1 completed.

number           kout          theta            phi      intensity
   305          13.63          39.00         162.00      0.0055702
   39.15% of job   1 of   1 completed.

number           kout          theta            phi      intensity
   306          13.63          39.00         165.00      0.0060703
   39.28% of job   1 of   1 completed.

number           kout          theta            phi      intensity
   307          13.63          39.00         168.00      0.0066380
   39.41% of job   1 of   1 completed.

number           kout          theta            phi      intensity
   308          13.63          39.00         171.00      0.0071507
   39.54% of job   1 of   1 completed.

number           kout          theta            phi      intensity
   309          13.63          39.00         174.00      0.0076928
   39.67% of job   1 of   1 completed.

number           kout          theta            phi      intensity
   310          13.63          39.00         177.00      0.0080444
   39.79% of job   1 of   1 completed.

number           kout          theta            phi      intensity
   311          13.63          39.00         180.00      0.0081364
   39.92% of job   1 of   1 completed.

number           kout          theta            phi      intensity
   312          13.63          39.00         183.00      0.0080446
   40.05% of job   1 of   1 completed.

number           kout          theta            phi      intensity
   313          13.63          39.00         186.00      0.0076931
   40.18% of job   1 of   1 completed.

number           kout          theta            phi      intensity
   314          13.63          39.00         189.00      0.0071510
   40.31% of job   1 of   1 completed.

number           kout          theta            phi      intensity
   315          13.63          39.00         192.00      0.0066386
   40.44% of job   1 of   1 completed.

number           kout          theta            phi      intensity
   316          13.63          39.00         195.00      0.0060706
   40.56% of job   1 of   1 completed.

number           kout          theta            phi      intensity
   317          13.63          39.00         198.00      0.0055702
   40.69% of job   1 of   1 completed.

number           kout          theta            phi      intensity
   318          13.63          39.00         201.00      0.0052165
   40.82% of job   1 of   1 completed.

number           kout          theta            phi      intensity
   319          13.63          39.00         204.00      0.0052876
   40.95% of job   1 of   1 completed.

number           kout          theta            phi      intensity
   320          13.63          39.00         207.00      0.0055370
   41.08% of job   1 of   1 completed.

number           kout          theta            phi      intensity
   321          13.63          39.00         210.00      0.0058448
   41.21% of job   1 of   1 completed.

number           kout          theta            phi      intensity
   322          13.63          39.00         213.00      0.0061587
   41.34% of job   1 of   1 completed.

number           kout          theta            phi      intensity
   323          13.63          39.00         216.00      0.0060520
   41.46% of job   1 of   1 completed.

number           kout          theta            phi      intensity
   324          13.63          39.00         219.00      0.0058000
   41.59% of job   1 of   1 completed.

number           kout          theta            phi      intensity
   325          13.63          39.00         222.00      0.0056943
   41.72% of job   1 of   1 completed.

number           kout          theta            phi      intensity
   326          13.63          39.00         225.00      0.0057296
   41.85% of job   1 of   1 completed.

number           kout          theta            phi      intensity
   327          13.63          39.00         228.00      0.0062866
   41.98% of job   1 of   1 completed.

number           kout          theta            phi      intensity
   328          13.63          39.00         231.00      0.0069297
   42.11% of job   1 of   1 completed.

number           kout          theta            phi      intensity
   329          13.63          42.00         111.00      0.0058726
   42.23% of job   1 of   1 completed.

number           kout          theta            phi      intensity
   330          13.63          42.00         114.00      0.0071541
   42.36% of job   1 of   1 completed.

number           kout          theta            phi      intensity
   331          13.63          42.00         117.00      0.0081603
   42.49% of job   1 of   1 completed.

number           kout          theta            phi      intensity
   332          13.63          42.00         120.00      0.0085853
   42.62% of job   1 of   1 completed.

number           kout          theta            phi      intensity
   333          13.63          42.00         123.00      0.0081618
   42.75% of job   1 of   1 completed.

number           kout          theta            phi      intensity
   334          13.63          42.00         126.00      0.0071516
   42.88% of job   1 of   1 completed.

number           kout          theta            phi      intensity
   335          13.63          42.00         129.00      0.0058707
   43.00% of job   1 of   1 completed.

number           kout          theta            phi      intensity
   336          13.63          42.00         132.00      0.0048882
   43.13% of job   1 of   1 completed.

number           kout          theta            phi      intensity
   337          13.63          42.00         135.00      0.0045145
   43.26% of job   1 of   1 completed.

number           kout          theta            phi      intensity
   338          13.63          42.00         138.00      0.0047848
   43.39% of job   1 of   1 completed.

number           kout          theta            phi      intensity
   339          13.63          42.00         141.00      0.0053774
   43.52% of job   1 of   1 completed.

number           kout          theta            phi      intensity
   340          13.63          42.00         144.00      0.0060710
   43.65% of job   1 of   1 completed.

number           kout          theta            phi      intensity
   341          13.63          42.00         147.00      0.0065012
   43.77% of job   1 of   1 completed.

number           kout          theta            phi      intensity
   342          13.63          42.00         150.00      0.0065625
   43.90% of job   1 of   1 completed.

number           kout          theta            phi      intensity
   343          13.63          42.00         153.00      0.0060088
   44.03% of job   1 of   1 completed.

number           kout          theta            phi      intensity
   344          13.63          42.00         156.00      0.0052420
   44.16% of job   1 of   1 completed.

number           kout          theta            phi      intensity
   345          13.63          42.00         159.00      0.0047506
   44.29% of job   1 of   1 completed.

number           kout          theta            phi      intensity
   346          13.63          42.00         162.00      0.0045441
   44.42% of job   1 of   1 completed.

number           kout          theta            phi      intensity
   347          13.63          42.00         165.00      0.0047281
   44.54% of job   1 of   1 completed.

number           kout          theta            phi      intensity
   348          13.63          42.00         168.00      0.0052279
   44.67% of job   1 of   1 completed.

number           kout          theta            phi      intensity
   349          13.63          42.00         171.00      0.0060894
   44.80% of job   1 of   1 completed.

number           kout          theta            phi      intensity
   350          13.63          42.00         174.00      0.0072742
   44.93% of job   1 of   1 completed.

number           kout          theta            phi      intensity
   351          13.63          42.00         177.00      0.0082257
   45.06% of job   1 of   1 completed.

number           kout          theta            phi      intensity
   352          13.63          42.00         180.00      0.0086373
   45.19% of job   1 of   1 completed.

number           kout          theta            phi      intensity
   353          13.63          42.00         183.00      0.0082253
   45.31% of job   1 of   1 completed.

number           kout          theta            phi      intensity
   354          13.63          42.00         186.00      0.0072738
   45.44% of job   1 of   1 completed.

number           kout          theta            phi      intensity
   355          13.63          42.00         189.00      0.0060893
   45.57% of job   1 of   1 completed.

number           kout          theta            phi      intensity
   356          13.63          42.00         192.00      0.0052280
   45.70% of job   1 of   1 completed.

number           kout          theta            phi      intensity
   357          13.63          42.00         195.00      0.0047281
   45.83% of job   1 of   1 completed.

number           kout          theta            phi      intensity
   358          13.63          42.00         198.00      0.0045439
   45.96% of job   1 of   1 completed.

number           kout          theta            phi      intensity
   359          13.63          42.00         201.00      0.0047508
   46.08% of job   1 of   1 completed.

number           kout          theta            phi      intensity
   360          13.63          42.00         204.00      0.0052431
   46.21% of job   1 of   1 completed.

number           kout          theta            phi      intensity
   361          13.63          42.00         207.00      0.0060097
   46.34% of job   1 of   1 completed.

number           kout          theta            phi      intensity
   362          13.63          42.00         210.00      0.0065622
   46.47% of job   1 of   1 completed.

number           kout          theta            phi      intensity
   363          13.63          42.00         213.00      0.0065004
   46.60% of job   1 of   1 completed.

number           kout          theta            phi      intensity
   364          13.63          42.00         216.00      0.0060706
   46.73% of job   1 of   1 completed.

number           kout          theta            phi      intensity
   365          13.63          42.00         219.00      0.0053776
   46.85% of job   1 of   1 completed.

number           kout          theta            phi      intensity
   366          13.63          42.00         222.00      0.0047848
   46.98% of job   1 of   1 completed.

number           kout          theta            phi      intensity
   367          13.63          42.00         225.00      0.0045141
   47.11% of job   1 of   1 completed.

number           kout          theta            phi      intensity
   368          13.63          42.00         228.00      0.0048872
   47.24% of job   1 of   1 completed.

number           kout          theta            phi      intensity
   369          13.63          42.00         231.00      0.0058685
   47.37% of job   1 of   1 completed.

number           kout          theta            phi      intensity
   370          13.63          45.00         111.00      0.0053130
   47.50% of job   1 of   1 completed.

number           kout          theta            phi      intensity
   371          13.63          45.00         114.00      0.0065925
   47.63% of job   1 of   1 completed.

number           kout          theta            phi      intensity
   372          13.63          45.00         117.00      0.0075770
   47.75% of job   1 of   1 completed.

number           kout          theta            phi      intensity
   373          13.63          45.00         120.00      0.0077814
   47.88% of job   1 of   1 completed.

number           kout          theta            phi      intensity
   374          13.63          45.00         123.00      0.0075746
   48.01% of job   1 of   1 completed.

number           kout          theta            phi      intensity
   375          13.63          45.00         126.00      0.0065936
   48.14% of job   1 of   1 completed.

number           kout          theta            phi      intensity
   376          13.63          45.00         129.00      0.0053062
   48.27% of job   1 of   1 completed.

number           kout          theta            phi      intensity
   377          13.63          45.00         132.00      0.0045266
   48.40% of job   1 of   1 completed.

number           kout          theta            phi      intensity
   378          13.63          45.00         135.00      0.0043500
   48.52% of job   1 of   1 completed.

number           kout          theta            phi      intensity
   379          13.63          45.00         138.00      0.0048017
   48.65% of job   1 of   1 completed.

number           kout          theta            phi      intensity
   380          13.63          45.00         141.00      0.0054831
   48.78% of job   1 of   1 completed.

number           kout          theta            phi      intensity
   381          13.63          45.00         144.00      0.0061970
   48.91% of job   1 of   1 completed.

number           kout          theta            phi      intensity
   382          13.63          45.00         147.00      0.0066651
   49.04% of job   1 of   1 completed.

number           kout          theta            phi      intensity
   383          13.63          45.00         150.00      0.0068028
   49.17% of job   1 of   1 completed.

number           kout          theta            phi      intensity
   384          13.63          45.00         153.00      0.0063585
   49.29% of job   1 of   1 completed.

number           kout          theta            phi      intensity
   385          13.63          45.00         156.00      0.0056301
   49.42% of job   1 of   1 completed.

number           kout          theta            phi      intensity
   386          13.63          45.00         159.00      0.0048942
   49.55% of job   1 of   1 completed.

number           kout          theta            phi      intensity
   387          13.63          45.00         162.00      0.0042755
   49.68% of job   1 of   1 completed.

number           kout          theta            phi      intensity
   388          13.63          45.00         165.00      0.0038899
   49.81% of job   1 of   1 completed.

number           kout          theta            phi      intensity
   389          13.63          45.00         168.00      0.0042107
   49.94% of job   1 of   1 completed.

number           kout          theta            phi      intensity
   390          13.63          45.00         171.00      0.0052264
   50.06% of job   1 of   1 completed.

number           kout          theta            phi      intensity
   391          13.63          45.00         174.00      0.0065686
   50.19% of job   1 of   1 completed.

number           kout          theta            phi      intensity
   392          13.63          45.00         177.00      0.0074450
   50.32% of job   1 of   1 completed.

number           kout          theta            phi      intensity
   393          13.63          45.00         180.00      0.0076823
   50.45% of job   1 of   1 completed.

number           kout          theta            phi      intensity
   394          13.63          45.00         183.00      0.0074452
   50.58% of job   1 of   1 completed.

number           kout          theta            phi      intensity
   395          13.63          45.00         186.00      0.0065682
   50.71% of job   1 of   1 completed.

number           kout          theta            phi      intensity
   396          13.63          45.00         189.00      0.0052263
   50.83% of job   1 of   1 completed.

number           kout          theta            phi      intensity
   397          13.63          45.00         192.00      0.0042112
   50.96% of job   1 of   1 completed.

number           kout          theta            phi      intensity
   398          13.63          45.00         195.00      0.0038901
   51.09% of job   1 of   1 completed.

number           kout          theta            phi      intensity
   399          13.63          45.00         198.00      0.0042749
   51.22% of job   1 of   1 completed.

number           kout          theta            phi      intensity
   400          13.63          45.00         201.00      0.0048936
   51.35% of job   1 of   1 completed.

number           kout          theta            phi      intensity
   401          13.63          45.00         204.00      0.0056301
   51.48% of job   1 of   1 completed.

number           kout          theta            phi      intensity
   402          13.63          45.00         207.00      0.0063589
   51.60% of job   1 of   1 completed.

number           kout          theta            phi      intensity
   403          13.63          45.00         210.00      0.0068025
   51.73% of job   1 of   1 completed.

number           kout          theta            phi      intensity
   404          13.63          45.00         213.00      0.0066643
   51.86% of job   1 of   1 completed.

number           kout          theta            phi      intensity
   405          13.63          45.00         216.00      0.0061964
   51.99% of job   1 of   1 completed.

number           kout          theta            phi      intensity
   406          13.63          45.00         219.00      0.0054830
   52.12% of job   1 of   1 completed.

number           kout          theta            phi      intensity
   407          13.63          45.00         222.00      0.0048018
   52.25% of job   1 of   1 completed.

number           kout          theta            phi      intensity
   408          13.63          45.00         225.00      0.0043500
   52.37% of job   1 of   1 completed.

number           kout          theta            phi      intensity
   409          13.63          45.00         228.00      0.0045264
   52.50% of job   1 of   1 completed.

number           kout          theta            phi      intensity
   410          13.63          45.00         231.00      0.0053051
   52.63% of job   1 of   1 completed.

number           kout          theta            phi      intensity
   411          13.63          48.00         111.00      0.0058453
   52.76% of job   1 of   1 completed.

number           kout          theta            phi      intensity
   412          13.63          48.00         114.00      0.0068099
   52.89% of job   1 of   1 completed.

number           kout          theta            phi      intensity
   413          13.63          48.00         117.00      0.0076210
   53.02% of job   1 of   1 completed.

number           kout          theta            phi      intensity
   414          13.63          48.00         120.00      0.0077183
   53.15% of job   1 of   1 completed.

number           kout          theta            phi      intensity
   415          13.63          48.00         123.00      0.0076192
   53.27% of job   1 of   1 completed.

number           kout          theta            phi      intensity
   416          13.63          48.00         126.00      0.0067935
   53.40% of job   1 of   1 completed.

number           kout          theta            phi      intensity
   417          13.63          48.00         129.00      0.0058409
   53.53% of job   1 of   1 completed.

number           kout          theta            phi      intensity
   418          13.63          48.00         132.00      0.0052385
   53.66% of job   1 of   1 completed.

number           kout          theta            phi      intensity
   419          13.63          48.00         135.00      0.0049767
   53.79% of job   1 of   1 completed.

number           kout          theta            phi      intensity
   420          13.63          48.00         138.00      0.0052256
   53.92% of job   1 of   1 completed.

number           kout          theta            phi      intensity
   421          13.63          48.00         141.00      0.0058095
   54.04% of job   1 of   1 completed.

number           kout          theta            phi      intensity
   422          13.63          48.00         144.00      0.0062291
   54.17% of job   1 of   1 completed.

number           kout          theta            phi      intensity
   423          13.63          48.00         147.00      0.0063588
   54.30% of job   1 of   1 completed.

number           kout          theta            phi      intensity
   424          13.63          48.00         150.00      0.0064046
   54.43% of job   1 of   1 completed.

number           kout          theta            phi      intensity
   425          13.63          48.00         153.00      0.0062185
   54.56% of job   1 of   1 completed.

number           kout          theta            phi      intensity
   426          13.63          48.00         156.00      0.0057800
   54.69% of job   1 of   1 completed.

number           kout          theta            phi      intensity
   427          13.63          48.00         159.00      0.0052619
   54.81% of job   1 of   1 completed.

number           kout          theta            phi      intensity
   428          13.63          48.00         162.00      0.0045073
   54.94% of job   1 of   1 completed.

number           kout          theta            phi      intensity
   429          13.63          48.00         165.00      0.0040563
   55.07% of job   1 of   1 completed.

number           kout          theta            phi      intensity
   430          13.63          48.00         168.00      0.0045179
   55.20% of job   1 of   1 completed.

number           kout          theta            phi      intensity
   431          13.63          48.00         171.00      0.0055382
   55.33% of job   1 of   1 completed.

number           kout          theta            phi      intensity
   432          13.63          48.00         174.00      0.0065841
   55.46% of job   1 of   1 completed.

number           kout          theta            phi      intensity
   433          13.63          48.00         177.00      0.0071410
   55.58% of job   1 of   1 completed.

number           kout          theta            phi      intensity
   434          13.63          48.00         180.00      0.0071396
   55.71% of job   1 of   1 completed.

number           kout          theta            phi      intensity
   435          13.63          48.00         183.00      0.0071422
   55.84% of job   1 of   1 completed.

number           kout          theta            phi      intensity
   436          13.63          48.00         186.00      0.0065854
   55.97% of job   1 of   1 completed.

number           kout          theta            phi      intensity
   437          13.63          48.00         189.00      0.0055396
   56.10% of job   1 of   1 completed.

number           kout          theta            phi      intensity
   438          13.63          48.00         192.00      0.0045196
   56.23% of job   1 of   1 completed.

number           kout          theta            phi      intensity
   439          13.63          48.00         195.00      0.0040574
   56.35% of job   1 of   1 completed.

number           kout          theta            phi      intensity
   440          13.63          48.00         198.00      0.0045067
   56.48% of job   1 of   1 completed.

number           kout          theta            phi      intensity
   441          13.63          48.00         201.00      0.0052602
   56.61% of job   1 of   1 completed.

number           kout          theta            phi      intensity
   442          13.63          48.00         204.00      0.0057791
   56.74% of job   1 of   1 completed.

number           kout          theta            phi      intensity
   443          13.63          48.00         207.00      0.0062190
   56.87% of job   1 of   1 completed.

number           kout          theta            phi      intensity
   444          13.63          48.00         210.00      0.0064053
   57.00% of job   1 of   1 completed.

number           kout          theta            phi      intensity
   445          13.63          48.00         213.00      0.0063585
   57.12% of job   1 of   1 completed.

number           kout          theta            phi      intensity
   446          13.63          48.00         216.00      0.0062285
   57.25% of job   1 of   1 completed.

number           kout          theta            phi      intensity
   447          13.63          48.00         219.00      0.0058099
   57.38% of job   1 of   1 completed.

number           kout          theta            phi      intensity
   448          13.63          48.00         222.00      0.0052264
   57.51% of job   1 of   1 completed.

number           kout          theta            phi      intensity
   449          13.63          48.00         225.00      0.0049768
   57.64% of job   1 of   1 completed.

number           kout          theta            phi      intensity
   450          13.63          48.00         228.00      0.0052380
   57.77% of job   1 of   1 completed.

number           kout          theta            phi      intensity
   451          13.63          48.00         231.00      0.0058399
   57.89% of job   1 of   1 completed.

number           kout          theta            phi      intensity
   452          13.63          51.00         111.00      0.0056852
   58.02% of job   1 of   1 completed.

number           kout          theta            phi      intensity
   453          13.63          51.00         114.00      0.0066742
   58.15% of job   1 of   1 completed.

number           kout          theta            phi      intensity
   454          13.63          51.00         117.00      0.0074872
   58.28% of job   1 of   1 completed.

number           kout          theta            phi      intensity
   455          13.63          51.00         120.00      0.0075405
   58.41% of job   1 of   1 completed.

number           kout          theta            phi      intensity
   456          13.63          51.00         123.00      0.0074788
   58.54% of job   1 of   1 completed.

number           kout          theta            phi      intensity
   457          13.63          51.00         126.00      0.0066607
   58.66% of job   1 of   1 completed.

number           kout          theta            phi      intensity
   458          13.63          51.00         129.00      0.0056972
   58.79% of job   1 of   1 completed.

number           kout          theta            phi      intensity
   459          13.63          51.00         132.00      0.0052481
   58.92% of job   1 of   1 completed.

number           kout          theta            phi      intensity
   460          13.63          51.00         135.00      0.0051867
   59.05% of job   1 of   1 completed.

number           kout          theta            phi      intensity
   461          13.63          51.00         138.00      0.0052285
   59.18% of job   1 of   1 completed.

number           kout          theta            phi      intensity
   462          13.63          51.00         141.00      0.0054798
   59.31% of job   1 of   1 completed.

number           kout          theta            phi      intensity
   463          13.63          51.00         144.00      0.0061456
   59.44% of job   1 of   1 completed.

number           kout          theta            phi      intensity
   464          13.63          51.00         147.00      0.0068530
   59.56% of job   1 of   1 completed.

number           kout          theta            phi      intensity
   465          13.63          51.00         150.00      0.0071601
   59.69% of job   1 of   1 completed.

number           kout          theta            phi      intensity
   466          13.63          51.00         153.00      0.0066463
   59.82% of job   1 of   1 completed.

number           kout          theta            phi      intensity
   467          13.63          51.00         156.00      0.0058336
   59.95% of job   1 of   1 completed.

number           kout          theta            phi      intensity
   468          13.63          51.00         159.00      0.0053340
   60.08% of job   1 of   1 completed.

number           kout          theta            phi      intensity
   469          13.63          51.00         162.00      0.0050877
   60.21% of job   1 of   1 completed.

number           kout          theta            phi      intensity
   470          13.63          51.00         165.00      0.0048249
   60.33% of job   1 of   1 completed.

number           kout          theta            phi      intensity
   471          13.63          51.00         168.00      0.0049642
   60.46% of job   1 of   1 completed.

number           kout          theta            phi      intensity
   472          13.63          51.00         171.00      0.0055406
   60.59% of job   1 of   1 completed.

number           kout          theta            phi      intensity
   473          13.63          51.00         174.00      0.0064871
   60.72% of job   1 of   1 completed.

number           kout          theta            phi      intensity
   474          13.63          51.00         177.00      0.0071067
   60.85% of job   1 of   1 completed.

number           kout          theta            phi      intensity
   475          13.63          51.00         180.00      0.0070907
   60.98% of job   1 of   1 completed.

number           kout          theta            phi      intensity
   476          13.63          51.00         183.00      0.0071088
   61.10% of job   1 of   1 completed.

number           kout          theta            phi      intensity
   477          13.63          51.00         186.00      0.0064900
   61.23% of job   1 of   1 completed.

number           kout          theta            phi      intensity
   478          13.63          51.00         189.00      0.0055425
   61.36% of job   1 of   1 completed.

number           kout          theta            phi      intensity
   479          13.63          51.00         192.00      0.0049651
   61.49% of job   1 of   1 completed.

number           kout          theta            phi      intensity
   480          13.63          51.00         195.00      0.0048258
   61.62% of job   1 of   1 completed.

number           kout          theta            phi      intensity
   481          13.63          51.00         198.00      0.0050877
   61.75% of job   1 of   1 completed.

number           kout          theta            phi      intensity
   482          13.63          51.00         201.00      0.0053335
   61.87% of job   1 of   1 completed.

number           kout          theta            phi      intensity
   483          13.63          51.00         204.00      0.0058331
   62.00% of job   1 of   1 completed.

number           kout          theta            phi      intensity
   484          13.63          51.00         207.00      0.0066464
   62.13% of job   1 of   1 completed.

number           kout          theta            phi      intensity
   485          13.63          51.00         210.00      0.0071611
   62.26% of job   1 of   1 completed.

number           kout          theta            phi      intensity
   486          13.63          51.00         213.00      0.0068526
   62.39% of job   1 of   1 completed.

number           kout          theta            phi      intensity
   487          13.63          51.00         216.00      0.0061443
   62.52% of job   1 of   1 completed.

number           kout          theta            phi      intensity
   488          13.63          51.00         219.00      0.0054802
   62.64% of job   1 of   1 completed.

number           kout          theta            phi      intensity
   489          13.63          51.00         222.00      0.0052294
   62.77% of job   1 of   1 completed.

number           kout          theta            phi      intensity
   490          13.63          51.00         225.00      0.0051869
   62.90% of job   1 of   1 completed.

number           kout          theta            phi      intensity
   491          13.63          51.00         228.00      0.0052481
   63.03% of job   1 of   1 completed.

number           kout          theta            phi      intensity
   492          13.63          51.00         231.00      0.0056972
   63.16% of job   1 of   1 completed.

number           kout          theta            phi      intensity
   493          13.63          54.00         111.00      0.0057773
   63.29% of job   1 of   1 completed.

number           kout          theta            phi      intensity
   494          13.63          54.00         114.00      0.0062036
   63.41% of job   1 of   1 completed.

number           kout          theta            phi      intensity
   495          13.63          54.00         117.00      0.0069947
   63.54% of job   1 of   1 completed.

number           kout          theta            phi      intensity
   496          13.63          54.00         120.00      0.0074087
   63.67% of job   1 of   1 completed.

number           kout          theta            phi      intensity
   497          13.63          54.00         123.00      0.0069843
   63.80% of job   1 of   1 completed.

number           kout          theta            phi      intensity
   498          13.63          54.00         126.00      0.0061942
   63.93% of job   1 of   1 completed.

number           kout          theta            phi      intensity
   499          13.63          54.00         129.00      0.0057645
   64.06% of job   1 of   1 completed.

number           kout          theta            phi      intensity
   500          13.63          54.00         132.00      0.0054115
   64.18% of job   1 of   1 completed.

number           kout          theta            phi      intensity
   501          13.63          54.00         135.00      0.0050965
   64.31% of job   1 of   1 completed.

number           kout          theta            phi      intensity
   502          13.63          54.00         138.00      0.0050235
   64.44% of job   1 of   1 completed.

number           kout          theta            phi      intensity
   503          13.63          54.00         141.00      0.0053096
   64.57% of job   1 of   1 completed.

number           kout          theta            phi      intensity
   504          13.63          54.00         144.00      0.0060877
   64.70% of job   1 of   1 completed.

number           kout          theta            phi      intensity
   505          13.63          54.00         147.00      0.0069182
   64.83% of job   1 of   1 completed.

number           kout          theta            phi      intensity
   506          13.63          54.00         150.00      0.0072413
   64.96% of job   1 of   1 completed.

number           kout          theta            phi      intensity
   507          13.63          54.00         153.00      0.0068249
   65.08% of job   1 of   1 completed.

number           kout          theta            phi      intensity
   508          13.63          54.00         156.00      0.0059928
   65.21% of job   1 of   1 completed.

number           kout          theta            phi      intensity
   509          13.63          54.00         159.00      0.0055338
   65.34% of job   1 of   1 completed.

number           kout          theta            phi      intensity
   510          13.63          54.00         162.00      0.0056883
   65.47% of job   1 of   1 completed.

number           kout          theta            phi      intensity
   511          13.63          54.00         165.00      0.0056269
   65.60% of job   1 of   1 completed.

number           kout          theta            phi      intensity
   512          13.63          54.00         168.00      0.0055259
   65.73% of job   1 of   1 completed.

number           kout          theta            phi      intensity
   513          13.63          54.00         171.00      0.0057161
   65.85% of job   1 of   1 completed.

number           kout          theta            phi      intensity
   514          13.63          54.00         174.00      0.0058582
   65.98% of job   1 of   1 completed.

number           kout          theta            phi      intensity
   515          13.63          54.00         177.00      0.0061462
   66.11% of job   1 of   1 completed.

number           kout          theta            phi      intensity
   516          13.63          54.00         180.00      0.0062802
   66.24% of job   1 of   1 completed.

number           kout          theta            phi      intensity
   517          13.63          54.00         183.00      0.0061479
   66.37% of job   1 of   1 completed.

number           kout          theta            phi      intensity
   518          13.63          54.00         186.00      0.0058605
   66.50% of job   1 of   1 completed.

number           kout          theta            phi      intensity
   519          13.63          54.00         189.00      0.0057169
   66.62% of job   1 of   1 completed.

number           kout          theta            phi      intensity
   520          13.63          54.00         192.00      0.0055261
   66.75% of job   1 of   1 completed.

number           kout          theta            phi      intensity
   521          13.63          54.00         195.00      0.0056276
   66.88% of job   1 of   1 completed.

number           kout          theta            phi      intensity
   522          13.63          54.00         198.00      0.0056886
   67.01% of job   1 of   1 completed.

number           kout          theta            phi      intensity
   523          13.63          54.00         201.00      0.0055339
   67.14% of job   1 of   1 completed.

number           kout          theta            phi      intensity
   524          13.63          54.00         204.00      0.0059921
   67.27% of job   1 of   1 completed.

number           kout          theta            phi      intensity
   525          13.63          54.00         207.00      0.0068235
   67.39% of job   1 of   1 completed.

number           kout          theta            phi      intensity
   526          13.63          54.00         210.00      0.0072418
   67.52% of job   1 of   1 completed.

number           kout          theta            phi      intensity
   527          13.63          54.00         213.00      0.0069192
   67.65% of job   1 of   1 completed.

number           kout          theta            phi      intensity
   528          13.63          54.00         216.00      0.0060870
   67.78% of job   1 of   1 completed.

number           kout          theta            phi      intensity
   529          13.63          54.00         219.00      0.0053094
   67.91% of job   1 of   1 completed.

number           kout          theta            phi      intensity
   530          13.63          54.00         222.00      0.0050237
   68.04% of job   1 of   1 completed.

number           kout          theta            phi      intensity
   531          13.63          54.00         225.00      0.0050965
   68.16% of job   1 of   1 completed.

number           kout          theta            phi      intensity
   532          13.63          54.00         228.00      0.0054130
   68.29% of job   1 of   1 completed.

number           kout          theta            phi      intensity
   533          13.63          54.00         231.00      0.0057655
   68.42% of job   1 of   1 completed.

number           kout          theta            phi      intensity
   534          13.63          57.00         111.00      0.0068728
   68.55% of job   1 of   1 completed.

number           kout          theta            phi      intensity
   535          13.63          57.00         114.00      0.0060161
   68.68% of job   1 of   1 completed.

number           kout          theta            phi      intensity
   536          13.63          57.00         117.00      0.0060421
   68.81% of job   1 of   1 completed.

number           kout          theta            phi      intensity
   537          13.63          57.00         120.00      0.0063128
   68.93% of job   1 of   1 completed.

number           kout          theta            phi      intensity
   538          13.63          57.00         123.00      0.0060426
   69.06% of job   1 of   1 completed.

number           kout          theta            phi      intensity
   539          13.63          57.00         126.00      0.0060090
   69.19% of job   1 of   1 completed.

number           kout          theta            phi      intensity
   540          13.63          57.00         129.00      0.0068847
   69.32% of job   1 of   1 completed.

number           kout          theta            phi      intensity
   541          13.63          57.00         132.00      0.0070060
   69.45% of job   1 of   1 completed.

number           kout          theta            phi      intensity
   542          13.63          57.00         135.00      0.0058159
   69.58% of job   1 of   1 completed.

number           kout          theta            phi      intensity
   543          13.63          57.00         138.00      0.0051288
   69.70% of job   1 of   1 completed.

number           kout          theta            phi      intensity
   544          13.63          57.00         141.00      0.0051182
   69.83% of job   1 of   1 completed.

number           kout          theta            phi      intensity
   545          13.63          57.00         144.00      0.0052395
   69.96% of job   1 of   1 completed.

number           kout          theta            phi      intensity
   546          13.63          57.00         147.00      0.0054587
   70.09% of job   1 of   1 completed.

number           kout          theta            phi      intensity
   547          13.63          57.00         150.00      0.0057757
   70.22% of job   1 of   1 completed.

number           kout          theta            phi      intensity
   548          13.63          57.00         153.00      0.0055583
   70.35% of job   1 of   1 completed.

number           kout          theta            phi      intensity
   549          13.63          57.00         156.00      0.0049985
   70.47% of job   1 of   1 completed.

number           kout          theta            phi      intensity
   550          13.63          57.00         159.00      0.0052027
   70.60% of job   1 of   1 completed.

number           kout          theta            phi      intensity
   551          13.63          57.00         162.00      0.0058149
   70.73% of job   1 of   1 completed.

number           kout          theta            phi      intensity
   552          13.63          57.00         165.00      0.0063936
   70.86% of job   1 of   1 completed.

number           kout          theta            phi      intensity
   553          13.63          57.00         168.00      0.0072448
   70.99% of job   1 of   1 completed.

number           kout          theta            phi      intensity
   554          13.63          57.00         171.00      0.0069542
   71.12% of job   1 of   1 completed.

number           kout          theta            phi      intensity
   555          13.63          57.00         174.00      0.0056286
   71.25% of job   1 of   1 completed.

number           kout          theta            phi      intensity
   556          13.63          57.00         177.00      0.0049786
   71.37% of job   1 of   1 completed.

number           kout          theta            phi      intensity
   557          13.63          57.00         180.00      0.0048679
   71.50% of job   1 of   1 completed.

number           kout          theta            phi      intensity
   558          13.63          57.00         183.00      0.0049794
   71.63% of job   1 of   1 completed.

number           kout          theta            phi      intensity
   559          13.63          57.00         186.00      0.0056303
   71.76% of job   1 of   1 completed.

number           kout          theta            phi      intensity
   560          13.63          57.00         189.00      0.0069549
   71.89% of job   1 of   1 completed.

number           kout          theta            phi      intensity
   561          13.63          57.00         192.00      0.0072459
   72.02% of job   1 of   1 completed.

number           kout          theta            phi      intensity
   562          13.63          57.00         195.00      0.0063946
   72.14% of job   1 of   1 completed.

number           kout          theta            phi      intensity
   563          13.63          57.00         198.00      0.0058152
   72.27% of job   1 of   1 completed.

number           kout          theta            phi      intensity
   564          13.63          57.00         201.00      0.0052026
   72.40% of job   1 of   1 completed.

number           kout          theta            phi      intensity
   565          13.63          57.00         204.00      0.0049985
   72.53% of job   1 of   1 completed.

number           kout          theta            phi      intensity
   566          13.63          57.00         207.00      0.0055576
   72.66% of job   1 of   1 completed.

number           kout          theta            phi      intensity
   567          13.63          57.00         210.00      0.0057768
   72.79% of job   1 of   1 completed.

number           kout          theta            phi      intensity
   568          13.63          57.00         213.00      0.0054606
   72.91% of job   1 of   1 completed.

number           kout          theta            phi      intensity
   569          13.63          57.00         216.00      0.0052389
   73.04% of job   1 of   1 completed.

number           kout          theta            phi      intensity
   570          13.63          57.00         219.00      0.0051176
   73.17% of job   1 of   1 completed.

number           kout          theta            phi      intensity
   571          13.63          57.00         222.00      0.0051291
   73.30% of job   1 of   1 completed.

number           kout          theta            phi      intensity
   572          13.63          57.00         225.00      0.0058150
   73.43% of job   1 of   1 completed.

number           kout          theta            phi      intensity
   573          13.63          57.00         228.00      0.0070063
   73.56% of job   1 of   1 completed.

number           kout          theta            phi      intensity
   574          13.63          57.00         231.00      0.0068855
   73.68% of job   1 of   1 completed.

number           kout          theta            phi      intensity
   575          13.63          60.00         111.00      0.0065035
   73.81% of job   1 of   1 completed.

number           kout          theta            phi      intensity
   576          13.63          60.00         114.00      0.0057078
   73.94% of job   1 of   1 completed.

number           kout          theta            phi      intensity
   577          13.63          60.00         117.00      0.0044730
   74.07% of job   1 of   1 completed.

number           kout          theta            phi      intensity
   578          13.63          60.00         120.00      0.0040216
   74.20% of job   1 of   1 completed.

number           kout          theta            phi      intensity
   579          13.63          60.00         123.00      0.0044726
   74.33% of job   1 of   1 completed.

number           kout          theta            phi      intensity
   580          13.63          60.00         126.00      0.0057171
   74.45% of job   1 of   1 completed.

number           kout          theta            phi      intensity
   581          13.63          60.00         129.00      0.0065194
   74.58% of job   1 of   1 completed.

number           kout          theta            phi      intensity
   582          13.63          60.00         132.00      0.0061680
   74.71% of job   1 of   1 completed.

number           kout          theta            phi      intensity
   583          13.63          60.00         135.00      0.0056619
   74.84% of job   1 of   1 completed.

number           kout          theta            phi      intensity
   584          13.63          60.00         138.00      0.0054305
   74.97% of job   1 of   1 completed.

number           kout          theta            phi      intensity
   585          13.63          60.00         141.00      0.0053264
   75.10% of job   1 of   1 completed.

number           kout          theta            phi      intensity
   586          13.63          60.00         144.00      0.0052942
   75.22% of job   1 of   1 completed.

number           kout          theta            phi      intensity
   587          13.63          60.00         147.00      0.0056277
   75.35% of job   1 of   1 completed.

number           kout          theta            phi      intensity
   588          13.63          60.00         150.00      0.0061072
   75.48% of job   1 of   1 completed.

number           kout          theta            phi      intensity
   589          13.63          60.00         153.00      0.0059282
   75.61% of job   1 of   1 completed.

number           kout          theta            phi      intensity
   590          13.63          60.00         156.00      0.0059194
   75.74% of job   1 of   1 completed.

number           kout          theta            phi      intensity
   591          13.63          60.00         159.00      0.0065427
   75.87% of job   1 of   1 completed.

number           kout          theta            phi      intensity
   592          13.63          60.00         162.00      0.0066400
   75.99% of job   1 of   1 completed.

number           kout          theta            phi      intensity
   593          13.63          60.00         165.00      0.0060876
   76.12% of job   1 of   1 completed.

number           kout          theta            phi      intensity
   594          13.63          60.00         168.00      0.0062696
   76.25% of job   1 of   1 completed.

number           kout          theta            phi      intensity
   595          13.63          60.00         171.00      0.0063818
   76.38% of job   1 of   1 completed.

number           kout          theta            phi      intensity
   596          13.63          60.00         174.00      0.0055115
   76.51% of job   1 of   1 completed.

number           kout          theta            phi      intensity
   597          13.63          60.00         177.00      0.0044605
   76.64% of job   1 of   1 completed.

number           kout          theta            phi      intensity
   598          13.63          60.00         180.00      0.0040194
   76.77% of job   1 of   1 completed.

number           kout          theta            phi      intensity
   599          13.63          60.00         183.00      0.0044611
   76.89% of job   1 of   1 completed.

number           kout          theta            phi      intensity
   600          13.63          60.00         186.00      0.0055126
   77.02% of job   1 of   1 completed.

number           kout          theta            phi      intensity
   601          13.63          60.00         189.00      0.0063823
   77.15% of job   1 of   1 completed.

number           kout          theta            phi      intensity
   602          13.63          60.00         192.00      0.0062712
   77.28% of job   1 of   1 completed.

number           kout          theta            phi      intensity
   603          13.63          60.00         195.00      0.0060891
   77.41% of job   1 of   1 completed.

number           kout          theta            phi      intensity
   604          13.63          60.00         198.00      0.0066401
   77.54% of job   1 of   1 completed.

number           kout          theta            phi      intensity
   605          13.63          60.00         201.00      0.0065429
   77.66% of job   1 of   1 completed.

number           kout          theta            phi      intensity
   606          13.63          60.00         204.00      0.0059192
   77.79% of job   1 of   1 completed.

number           kout          theta            phi      intensity
   607          13.63          60.00         207.00      0.0059276
   77.92% of job   1 of   1 completed.

number           kout          theta            phi      intensity
   608          13.63          60.00         210.00      0.0061923
   78.05% of job   1 of   1 completed.

number           kout          theta            phi      intensity
   609          13.63          60.00         213.00      0.0056280
   78.18% of job   1 of   1 completed.

number           kout          theta            phi      intensity
   610          13.63          60.00         216.00      0.0052930
   78.31% of job   1 of   1 completed.

number           kout          theta            phi      intensity
   611          13.63          60.00         219.00      0.0053253
   78.43% of job   1 of   1 completed.

number           kout          theta            phi      intensity
   612          13.63          60.00         222.00      0.0054305
   78.56% of job   1 of   1 completed.

number           kout          theta            phi      intensity
   613          13.63          60.00         225.00      0.0056605
   78.69% of job   1 of   1 completed.

number           kout          theta            phi      intensity
   614          13.63          60.00         228.00      0.0061675
   78.82% of job   1 of   1 completed.

number           kout          theta            phi      intensity
   615          13.63          60.00         231.00      0.0065195
   78.95% of job   1 of   1 completed.

number           kout          theta            phi      intensity
   616          13.63          63.00         111.00      0.0048702
   79.08% of job   1 of   1 completed.

number           kout          theta            phi      intensity
   617          13.63          63.00         114.00      0.0049987
   79.20% of job   1 of   1 completed.

number           kout          theta            phi      intensity
   618          13.63          63.00         117.00      0.0045114
   79.33% of job   1 of   1 completed.

number           kout          theta            phi      intensity
   619          13.63          63.00         120.00      0.0040794
   79.46% of job   1 of   1 completed.

number           kout          theta            phi      intensity
   620          13.63          63.00         123.00      0.0045410
   79.59% of job   1 of   1 completed.

number           kout          theta            phi      intensity
   621          13.63          63.00         126.00      0.0050035
   79.72% of job   1 of   1 completed.

number           kout          theta            phi      intensity
   622          13.63          63.00         129.00      0.0048548
   79.85% of job   1 of   1 completed.

number           kout          theta            phi      intensity
   623          13.63          63.00         132.00      0.0051590
   79.97% of job   1 of   1 completed.

number           kout          theta            phi      intensity
   624          13.63          63.00         135.00      0.0063070
   80.10% of job   1 of   1 completed.

number           kout          theta            phi      intensity
   625          13.63          63.00         138.00      0.0066713
   80.23% of job   1 of   1 completed.

number           kout          theta            phi      intensity
   626          13.63          63.00         141.00      0.0060978
   80.36% of job   1 of   1 completed.

number           kout          theta            phi      intensity
   627          13.63          63.00         144.00      0.0055072
   80.49% of job   1 of   1 completed.

number           kout          theta            phi      intensity
   628          13.63          63.00         147.00      0.0050333
   80.62% of job   1 of   1 completed.

number           kout          theta            phi      intensity
   629          13.63          63.00         150.00      0.0048392
   80.74% of job   1 of   1 completed.

number           kout          theta            phi      intensity
   630          13.63          63.00         153.00      0.0052846
   80.87% of job   1 of   1 completed.

number           kout          theta            phi      intensity
   631          13.63          63.00         156.00      0.0065883
   81.00% of job   1 of   1 completed.

number           kout          theta            phi      intensity
   632          13.63          63.00         159.00      0.0072941
   81.13% of job   1 of   1 completed.

number           kout          theta            phi      intensity
   633          13.63          63.00         162.00      0.0073569
   81.26% of job   1 of   1 completed.

number           kout          theta            phi      intensity
   634          13.63          63.00         165.00      0.0062850
   81.39% of job   1 of   1 completed.

number           kout          theta            phi      intensity
   635          13.63          63.00         168.00      0.0048191
   81.51% of job   1 of   1 completed.

number           kout          theta            phi      intensity
   636          13.63          63.00         171.00      0.0045519
   81.64% of job   1 of   1 completed.

number           kout          theta            phi      intensity
   637          13.63          63.00         174.00      0.0049378
   81.77% of job   1 of   1 completed.

number           kout          theta            phi      intensity
   638          13.63          63.00         177.00      0.0047461
   81.90% of job   1 of   1 completed.

number           kout          theta            phi      intensity
   639          13.63          63.00         180.00      0.0042996
   82.03% of job   1 of   1 completed.

number           kout          theta            phi      intensity
   640          13.63          63.00         183.00      0.0047467
   82.16% of job   1 of   1 completed.

number           kout          theta            phi      intensity
   641          13.63          63.00         186.00      0.0049379
   82.28% of job   1 of   1 completed.

number           kout          theta            phi      intensity
   642          13.63          63.00         189.00      0.0045521
   82.41% of job   1 of   1 completed.

number           kout          theta            phi      intensity
   643          13.63          63.00         192.00      0.0048204
   82.54% of job   1 of   1 completed.

number           kout          theta            phi      intensity
   644          13.63          63.00         195.00      0.0062858
   82.67% of job   1 of   1 completed.

number           kout          theta            phi      intensity
   645          13.63          63.00         198.00      0.0073566
   82.80% of job   1 of   1 completed.

number           kout          theta            phi      intensity
   646          13.63          63.00         201.00      0.0072940
   82.93% of job   1 of   1 completed.

number           kout          theta            phi      intensity
   647          13.63          63.00         204.00      0.0065882
   83.06% of job   1 of   1 completed.

number           kout          theta            phi      intensity
   648          13.63          63.00         207.00      0.0052846
   83.18% of job   1 of   1 completed.

number           kout          theta            phi      intensity
   649          13.63          63.00         210.00      0.0048385
   83.31% of job   1 of   1 completed.

number           kout          theta            phi      intensity
   650          13.63          63.00         213.00      0.0050304
   83.44% of job   1 of   1 completed.

number           kout          theta            phi      intensity
   651          13.63          63.00         216.00      0.0055048
   83.57% of job   1 of   1 completed.

number           kout          theta            phi      intensity
   652          13.63          63.00         219.00      0.0060971
   83.70% of job   1 of   1 completed.

number           kout          theta            phi      intensity
   653          13.63          63.00         222.00      0.0066712
   83.83% of job   1 of   1 completed.

number           kout          theta            phi      intensity
   654          13.63          63.00         225.00      0.0063062
   83.95% of job   1 of   1 completed.

number           kout          theta            phi      intensity
   655          13.63          63.00         228.00      0.0051584
   84.08% of job   1 of   1 completed.

number           kout          theta            phi      intensity
   656          13.63          63.00         231.00      0.0048546
   84.21% of job   1 of   1 completed.

number           kout          theta            phi      intensity
   657          13.63          66.00         111.00      0.0045591
   84.34% of job   1 of   1 completed.

number           kout          theta            phi      intensity
   658          13.63          66.00         114.00      0.0047379
   84.47% of job   1 of   1 completed.

number           kout          theta            phi      intensity
   659          13.63          66.00         117.00      0.0050825
   84.60% of job   1 of   1 completed.

number           kout          theta            phi      intensity
   660          13.63          66.00         120.00      0.0051756
   84.72% of job   1 of   1 completed.

number           kout          theta            phi      intensity
   661          13.63          66.00         123.00      0.0050922
   84.85% of job   1 of   1 completed.

number           kout          theta            phi      intensity
   662          13.63          66.00         126.00      0.0047337
   84.98% of job   1 of   1 completed.

number           kout          theta            phi      intensity
   663          13.63          66.00         129.00      0.0045630
   85.11% of job   1 of   1 completed.

number           kout          theta            phi      intensity
   664          13.63          66.00         132.00      0.0047215
   85.24% of job   1 of   1 completed.

number           kout          theta            phi      intensity
   665          13.63          66.00         135.00      0.0057493
   85.37% of job   1 of   1 completed.

number           kout          theta            phi      intensity
   666          13.63          66.00         138.00      0.0062860
   85.49% of job   1 of   1 completed.

number           kout          theta            phi      intensity
   667          13.63          66.00         141.00      0.0059014
   85.62% of job   1 of   1 completed.

number           kout          theta            phi      intensity
   668          13.63          66.00         144.00      0.0051724
   85.75% of job   1 of   1 completed.

number           kout          theta            phi      intensity
   669          13.63          66.00         147.00      0.0039976
   85.88% of job   1 of   1 completed.

number           kout          theta            phi      intensity
   670          13.63          66.00         150.00      0.0032352
   86.01% of job   1 of   1 completed.

number           kout          theta            phi      intensity
   671          13.63          66.00         153.00      0.0044620
   86.14% of job   1 of   1 completed.

number           kout          theta            phi      intensity
   672          13.63          66.00         156.00      0.0063809
   86.26% of job   1 of   1 completed.

number           kout          theta            phi      intensity
   673          13.63          66.00         159.00      0.0063816
   86.39% of job   1 of   1 completed.

number           kout          theta            phi      intensity
   674          13.63          66.00         162.00      0.0058284
   86.52% of job   1 of   1 completed.

number           kout          theta            phi      intensity
   675          13.63          66.00         165.00      0.0051898
   86.65% of job   1 of   1 completed.

number           kout          theta            phi      intensity
   676          13.63          66.00         168.00      0.0044187
   86.78% of job   1 of   1 completed.

number           kout          theta            phi      intensity
   677          13.63          66.00         171.00      0.0047619
   86.91% of job   1 of   1 completed.

number           kout          theta            phi      intensity
   678          13.63          66.00         174.00      0.0050364
   87.03% of job   1 of   1 completed.

number           kout          theta            phi      intensity
   679          13.63          66.00         177.00      0.0051512
   87.16% of job   1 of   1 completed.

number           kout          theta            phi      intensity
   680          13.63          66.00         180.00      0.0049619
   87.29% of job   1 of   1 completed.

number           kout          theta            phi      intensity
   681          13.63          66.00         183.00      0.0051512
   87.42% of job   1 of   1 completed.

number           kout          theta            phi      intensity
   682          13.63          66.00         186.00      0.0050356
   87.55% of job   1 of   1 completed.

number           kout          theta            phi      intensity
   683          13.63          66.00         189.00      0.0047619
   87.68% of job   1 of   1 completed.

number           kout          theta            phi      intensity
   684          13.63          66.00         192.00      0.0044196
   87.80% of job   1 of   1 completed.

number           kout          theta            phi      intensity
   685          13.63          66.00         195.00      0.0051895
   87.93% of job   1 of   1 completed.

number           kout          theta            phi      intensity
   686          13.63          66.00         198.00      0.0058282
   88.06% of job   1 of   1 completed.

number           kout          theta            phi      intensity
   687          13.63          66.00         201.00      0.0063821
   88.19% of job   1 of   1 completed.

number           kout          theta            phi      intensity
   688          13.63          66.00         204.00      0.0063811
   88.32% of job   1 of   1 completed.

number           kout          theta            phi      intensity
   689          13.63          66.00         207.00      0.0044620
   88.45% of job   1 of   1 completed.

number           kout          theta            phi      intensity
   690          13.63          66.00         210.00      0.0032347
   88.58% of job   1 of   1 completed.

number           kout          theta            phi      intensity
   691          13.63          66.00         213.00      0.0039954
   88.70% of job   1 of   1 completed.

number           kout          theta            phi      intensity
   692          13.63          66.00         216.00      0.0051701
   88.83% of job   1 of   1 completed.

number           kout          theta            phi      intensity
   693          13.63          66.00         219.00      0.0058996
   88.96% of job   1 of   1 completed.

number           kout          theta            phi      intensity
   694          13.63          66.00         222.00      0.0062847
   89.09% of job   1 of   1 completed.

number           kout          theta            phi      intensity
   695          13.63          66.00         225.00      0.0057496
   89.22% of job   1 of   1 completed.

number           kout          theta            phi      intensity
   696          13.63          66.00         228.00      0.0047212
   89.35% of job   1 of   1 completed.

number           kout          theta            phi      intensity
   697          13.63          66.00         231.00      0.0045628
   89.47% of job   1 of   1 completed.

number           kout          theta            phi      intensity
   698          13.63          69.00         111.00      0.0057885
   89.60% of job   1 of   1 completed.

number           kout          theta            phi      intensity
   699          13.63          69.00         114.00      0.0058528
   89.73% of job   1 of   1 completed.

number           kout          theta            phi      intensity
   700          13.63          69.00         117.00      0.0052473
   89.86% of job   1 of   1 completed.

number           kout          theta            phi      intensity
   701          13.63          69.00         120.00      0.0052932
   89.99% of job   1 of   1 completed.

number           kout          theta            phi      intensity
   702          13.63          69.00         123.00      0.0052492
   90.12% of job   1 of   1 completed.

number           kout          theta            phi      intensity
   703          13.63          69.00         126.00      0.0058429
   90.24% of job   1 of   1 completed.

number           kout          theta            phi      intensity
   704          13.63          69.00         129.00      0.0058143
   90.37% of job   1 of   1 completed.

number           kout          theta            phi      intensity
   705          13.63          69.00         132.00      0.0052458
   90.50% of job   1 of   1 completed.

number           kout          theta            phi      intensity
   706          13.63          69.00         135.00      0.0059855
   90.63% of job   1 of   1 completed.

number           kout          theta            phi      intensity
   707          13.63          69.00         138.00      0.0064973
   90.76% of job   1 of   1 completed.

number           kout          theta            phi      intensity
   708          13.63          69.00         141.00      0.0049939
   90.89% of job   1 of   1 completed.

number           kout          theta            phi      intensity
   709          13.63          69.00         144.00      0.0038108
   91.01% of job   1 of   1 completed.

number           kout          theta            phi      intensity
   710          13.63          69.00         147.00      0.0030422
   91.14% of job   1 of   1 completed.

number           kout          theta            phi      intensity
   711          13.63          69.00         150.00      0.0027701
   91.27% of job   1 of   1 completed.

number           kout          theta            phi      intensity
   712          13.63          69.00         153.00      0.0035040
   91.40% of job   1 of   1 completed.

number           kout          theta            phi      intensity
   713          13.63          69.00         156.00      0.0045307
   91.53% of job   1 of   1 completed.

number           kout          theta            phi      intensity
   714          13.63          69.00         159.00      0.0047039
   91.66% of job   1 of   1 completed.

number           kout          theta            phi      intensity
   715          13.63          69.00         162.00      0.0051394
   91.78% of job   1 of   1 completed.

number           kout          theta            phi      intensity
   716          13.63          69.00         165.00      0.0051600
   91.91% of job   1 of   1 completed.

number           kout          theta            phi      intensity
   717          13.63          69.00         168.00      0.0050182
   92.04% of job   1 of   1 completed.

number           kout          theta            phi      intensity
   718          13.63          69.00         171.00      0.0060073
   92.17% of job   1 of   1 completed.

number           kout          theta            phi      intensity
   719          13.63          69.00         174.00      0.0060910
   92.30% of job   1 of   1 completed.

number           kout          theta            phi      intensity
   720          13.63          69.00         177.00      0.0049853
   92.43% of job   1 of   1 completed.

number           kout          theta            phi      intensity
   721          13.63          69.00         180.00      0.0047436
   92.55% of job   1 of   1 completed.

number           kout          theta            phi      intensity
   722          13.63          69.00         183.00      0.0049854
   92.68% of job   1 of   1 completed.

number           kout          theta            phi      intensity
   723          13.63          69.00         186.00      0.0060907
   92.81% of job   1 of   1 completed.

number           kout          theta            phi      intensity
   724          13.63          69.00         189.00      0.0060075
   92.94% of job   1 of   1 completed.

number           kout          theta            phi      intensity
   725          13.63          69.00         192.00      0.0050187
   93.07% of job   1 of   1 completed.

number           kout          theta            phi      intensity
   726          13.63          69.00         195.00      0.0051600
   93.20% of job   1 of   1 completed.

number           kout          theta            phi      intensity
   727          13.63          69.00         198.00      0.0051401
   93.32% of job   1 of   1 completed.

number           kout          theta            phi      intensity
   728          13.63          69.00         201.00      0.0047051
   93.45% of job   1 of   1 completed.

number           kout          theta            phi      intensity
   729          13.63          69.00         204.00      0.0045313
   93.58% of job   1 of   1 completed.

number           kout          theta            phi      intensity
   730          13.63          69.00         207.00      0.0035040
   93.71% of job   1 of   1 completed.

number           kout          theta            phi      intensity
   731          13.63          69.00         210.00      0.0027694
   93.84% of job   1 of   1 completed.

number           kout          theta            phi      intensity
   732          13.63          69.00         213.00      0.0030409
   93.97% of job   1 of   1 completed.

number           kout          theta            phi      intensity
   733          13.63          69.00         216.00      0.0038102
   94.09% of job   1 of   1 completed.

number           kout          theta            phi      intensity
   734          13.63          69.00         219.00      0.0049920
   94.22% of job   1 of   1 completed.

number           kout          theta            phi      intensity
   735          13.63          69.00         222.00      0.0064952
   94.35% of job   1 of   1 completed.

number           kout          theta            phi      intensity
   736          13.63          69.00         225.00      0.0059852
   94.48% of job   1 of   1 completed.

number           kout          theta            phi      intensity
   737          13.63          69.00         228.00      0.0052458
   94.61% of job   1 of   1 completed.

number           kout          theta            phi      intensity
   738          13.63          69.00         231.00      0.0058142
   94.74% of job   1 of   1 completed.

number           kout          theta            phi      intensity
   739          13.63          72.00         111.00      0.0059250
   94.87% of job   1 of   1 completed.

number           kout          theta            phi      intensity
   740          13.63          72.00         114.00      0.0059703
   94.99% of job   1 of   1 completed.

number           kout          theta            phi      intensity
   741          13.63          72.00         117.00      0.0054716
   95.12% of job   1 of   1 completed.

number           kout          theta            phi      intensity
   742          13.63          72.00         120.00      0.0052451
   95.25% of job   1 of   1 completed.

number           kout          theta            phi      intensity
   743          13.63          72.00         123.00      0.0054859
   95.38% of job   1 of   1 completed.

number           kout          theta            phi      intensity
   744          13.63          72.00         126.00      0.0059527
   95.51% of job   1 of   1 completed.

number           kout          theta            phi      intensity
   745          13.63          72.00         129.00      0.0059438
   95.64% of job   1 of   1 completed.

number           kout          theta            phi      intensity
   746          13.63          72.00         132.00      0.0056645
   95.76% of job   1 of   1 completed.

number           kout          theta            phi      intensity
   747          13.63          72.00         135.00      0.0062571
   95.89% of job   1 of   1 completed.

number           kout          theta            phi      intensity
   748          13.63          72.00         138.00      0.0067816
   96.02% of job   1 of   1 completed.

number           kout          theta            phi      intensity
   749          13.63          72.00         141.00      0.0052510
   96.15% of job   1 of   1 completed.

number           kout          theta            phi      intensity
   750          13.63          72.00         144.00      0.0036534
   96.28% of job   1 of   1 completed.

number           kout          theta            phi      intensity
   751          13.63          72.00         147.00      0.0032893
   96.41% of job   1 of   1 completed.

number           kout          theta            phi      intensity
   752          13.63          72.00         150.00      0.0032730
   96.53% of job   1 of   1 completed.

number           kout          theta            phi      intensity
   753          13.63          72.00         153.00      0.0037169
   96.66% of job   1 of   1 completed.

number           kout          theta            phi      intensity
   754          13.63          72.00         156.00      0.0041528
   96.79% of job   1 of   1 completed.

number           kout          theta            phi      intensity
   755          13.63          72.00         159.00      0.0048923
   96.92% of job   1 of   1 completed.

number           kout          theta            phi      intensity
   756          13.63          72.00         162.00      0.0055333
   97.05% of job   1 of   1 completed.

number           kout          theta            phi      intensity
   757          13.63          72.00         165.00      0.0053262
   97.18% of job   1 of   1 completed.

number           kout          theta            phi      intensity
   758          13.63          72.00         168.00      0.0053050
   97.30% of job   1 of   1 completed.

number           kout          theta            phi      intensity
   759          13.63          72.00         171.00      0.0059314
   97.43% of job   1 of   1 completed.

number           kout          theta            phi      intensity
   760          13.63          72.00         174.00      0.0061753
   97.56% of job   1 of   1 completed.

number           kout          theta            phi      intensity
   761          13.63          72.00         177.00      0.0053985
   97.69% of job   1 of   1 completed.

number           kout          theta            phi      intensity
   762          13.63          72.00         180.00      0.0050790
   97.82% of job   1 of   1 completed.

number           kout          theta            phi      intensity
   763          13.63          72.00         183.00      0.0053997
   97.95% of job   1 of   1 completed.

number           kout          theta            phi      intensity
   764          13.63          72.00         186.00      0.0061762
   98.07% of job   1 of   1 completed.

number           kout          theta            phi      intensity
   765          13.63          72.00         189.00      0.0059316
   98.20% of job   1 of   1 completed.

number           kout          theta            phi      intensity
   766          13.63          72.00         192.00      0.0053056
   98.33% of job   1 of   1 completed.

number           kout          theta            phi      intensity
   767          13.63          72.00         195.00      0.0053276
   98.46% of job   1 of   1 completed.

number           kout          theta            phi      intensity
   768          13.63          72.00         198.00      0.0055347
   98.59% of job   1 of   1 completed.

number           kout          theta            phi      intensity
   769          13.63          72.00         201.00      0.0048934
   98.72% of job   1 of   1 completed.

number           kout          theta            phi      intensity
   770          13.63          72.00         204.00      0.0041529
   98.84% of job   1 of   1 completed.

number           kout          theta            phi      intensity
   771          13.63          72.00         207.00      0.0037167
   98.97% of job   1 of   1 completed.

number           kout          theta            phi      intensity
   772          13.63          72.00         210.00      0.0032728
   99.10% of job   1 of   1 completed.

number           kout          theta            phi      intensity
   773          13.63          72.00         213.00      0.0032887
   99.23% of job   1 of   1 completed.

number           kout          theta            phi      intensity
   774          13.63          72.00         216.00      0.0036528
   99.36% of job   1 of   1 completed.

number           kout          theta            phi      intensity
   775          13.63          72.00         219.00      0.0052499
   99.49% of job   1 of   1 completed.

number           kout          theta            phi      intensity
   776          13.63          72.00         222.00      0.0067804
   99.61% of job   1 of   1 completed.

number           kout          theta            phi      intensity
   777          13.63          72.00         225.00      0.0062568
   99.74% of job   1 of   1 completed.

number           kout          theta            phi      intensity
   778          13.63          72.00         228.00      0.0056647
   99.87% of job   1 of   1 completed.

number           kout          theta            phi      intensity
   779          13.63          72.00         231.00      0.0059433
  100.00% of job   1 of   1 completed.

job   1 of   1 completed, factors =    0.6836   0.8648

_____________________________________
 Job report

   1   bateria/entradas/original_r8p12_np3.in
       result saved in file bateria/saidas/original_r8p12_np3.out

_____________________________________
 Job report saved in file mscdout.txt
 Messages saved in file mscdlist.txt

Program terminated normally
